Unnamed: 0,comment_text,comment_party,comment_name,interrupted_speaker_party,interrupted_speaker,date,speech_id,preceding_context,sentiment
433684,Jetzt nicht durcheinanderkommen!,GRÜNE,Dr. Till Steffen,AfD,Dirk Brandes,7/5/2023,194603,"DIE LINKE]: Jeder Cent für die Sozialsysteme ist ein guter Cent! Das gibt nämlich höhere Renten und eine Gesundheitsversorgung, die sich sehen lassen kann!) Liebe CDU, runde Tische und eine Absenkung der Ausbildungsstandards für Berufskraftfahrer reichen nicht aus, um dem Fahrermangel zu begegnen. (",0
238107,Ui!,DIE LINKE,Michael Schlecht,CDU/CSU,Ulrich Lange,6/30/2011,106964,"uwirken. Tun Sie das endlich, (Beifall bei Abgeordneten der CDU/CSU sowie des Abg. Oliver Luksic [FDP]) damit Ihr Wunsch, Stuttgart 21 realisieren zu können, Wirklichkeit werden kann. (Beifall bei Abgeordneten der FDP) Kollege Schlecht, Ihre Rede war eine Rede im Sinne eines besten Krawallbürgers. (",0
381901,Sie haben es nicht verstanden!,FDP,Dr. Marco Buschmann,GRÜNE,Dr. Manuela Rottmann,1/28/2021,173441,"soll das? Sie stärken damit doch nicht den Bundestag, Sie machen aus ihm einen Schlaumeier am Spielfeldrand, der die Strichliste über gewonnene Zweikämpfe in der Ministerpräsidentenkonferenz führen darf. (Beifall beim GRÜNE, bei der CDU/CSU und der SPD – Michael Grosse-Brömer [CDU/CSU]: Sehr gut! – ",1
148254,Wir auch!,FDP,Ulrike Flach,CDU/CSU,Dr. Maria Böhmer,12/2/2004,69450,"len Leuten Sachen! Damit wäre ich vorsichtig!) – Liebe Frau Flach, ich gehe gern darauf ein. Wir haben engsten Kontakt zu den Wissenschaftlern. Sie wissen, dass die CDU/CSU-Bundestagsfraktion einen Beirat für Fragen der Bio- und Gentechnologie mit exzellenten Stammzellwissenschaftlern berufen hat. (",2
61862,"Es ist schon interessant,  was da herauskommt!",SPD,Horst Sielaff,FDP,Günther Bredehorn,6/18/1998,39933,"ilosophie „Mengen runter, Preise rauf"" hat sich als Flop erwiesen. Wir sollten  nicht weiterhin den Eindruck erwecken - das wird  immer noch von allen Seiten gemacht -, daß wir mit  einer Mengenregulierung oder mit dieser Garantiemengenregelung die Herausforderungen der Zukunft bewältigen werden.  (",2
326228,Um Gottes willen!,AfD,<unknown>,CDU/CSU,Dr. Volker Ullrich,2/23/2018,147271,"uropa?) Über die inhaltlichen Themen, meine Damen und Herren, werden wir im Ausschuss diskutieren. Wir müssen darüber sprechen, wie wir die Gemeinsame Außen- und Sicherheitspolitik im mehrjährigen Finanzrahmen mit Mitteln unterlegen können, wie wir die Stellung der Kommissarin weiter stärken können.",1
49575,Unmöglich!,CDU/CSU,Steffen Kampeter,SPD,Doris Odendahl,11/28/1996,32593,"t über das  Thema Gesamtschule diskutieren, sondern über den unglaublichen Vorgang, daß Bürgerinnen und Bürger in Münster versuchen, ihre Schulen zu erhalten,  und einen Bürgerentscheid durchsetzen und daß der  SPD-Innenminister Kniola das mit obrigkeitsstaatlichen Mitteln zu verhindern versucht.  (",1
321230,Von welchen Steuern denn?,SPD,Klaus Mindrup,CDU/CSU,Volkmar Vogel,5/19/2017,144572,"über den sie verfügen können. (Christian Kühn [Tübingen] [GRÜNE]: Das debattieren wir noch mal!) Da sind es vor allen Dingen die Familien, die Schwellenhaushalte, die es schwer haben, zu Wohnungseigentum zu kommen. Denen müssen wir helfen, zum Beispiel durch steuerliche Abschreibungsmöglichkeiten. (",0
103108,Und das soll Klimaschutz sein?,GRÜNE,Hans-Josef Fell,GRÜNE,Michaele Hustedt,12/13/2001,55591,"Gas importieren müssen. Aber wenn man die Kohlestrategie wählt, dann muss Deutschland nach der Prognos-Berechnung absolut gesehen – nicht relativ, weil man auf Kohle setzt; aber die absolute Zahl ist entscheidend dafür, wie abhängig man ist – mehr Gas importieren als bei der Klimaschutzstrategie.  (",1
350482,Ihr habt doch bei 800 schon dagegengestimmt!,CDU/CSU,Hans Michelbach,GRÜNE,Dr. Danyal Bayaz,5/10/2019,158340, enormer Tragweite. Die Wahrheit ist: Die Anhebung der GWG-Grenze um 200 Euro – von 800 auf 1 000 Euro – ist nahezu unstrittig. Die Bedeutung für den Bundeshaushalt ist marginal. Wir reden hier über einen Zinseffekt. (Lothar Binding [Heidelberg] [SPD]: 100 Prozent Anhebung ist auch was! – Dr. h. c. ,0
422172,Die größte Unwahrheit ist das!,CDU/CSU,Thorsten Frei,GRÜNE,Katharina Dröge,3/16/2023,190884," in der Europäischen Union. (Dorothee Bär [CDU/CSU]: Ihr seid dagegen!) Sie sind auch gegen Windenergieausbau in Bayern. (Zuruf des Abg. Christian Dürr [FDP]) Sie sind eigentlich gegen alles, was Klimaschutz in diesem Land bringt. (Beifall beim GRÜNE und bei der FDP sowie bei Abgeordneten der SPD – ",1
425447,Das glaube ich!,DIE LINKE,Jan Korte,GRÜNE,von Notz,4/20/2023,191865,"erer Ausführung verliehen und sie damit für ihre persönlichen Leistungen geehrt. Ich möchte diesen TOP der AfD auch dafür nutzen, um hier in aller Klarheit zu sagen: Wir gratulieren Frau Merkel ganz herzlich zu dieser schönen Auszeichnung. (Beifall beim GRÜNE, bei der SPD, der CDU/CSU und der FDP – ",0
71876,Das ist wahr!,SPD,<unknown>,FDP,Klaus Haupt,10/1/1999,44563," wir, daß die Bundesregierung einen neuen Anlauf unternimmt, diese fast unendliche Geschichte zu einem Abschluß zu bringen. Irmingard Schewe-Gerigk Seit Mitte der 80er Jahre wird versucht, zu einem Altenpflegegesetz zu kommen. Zuletzt waren die Bemühungen an der Blockadehaltung Bayerns gescheitert. ",2
116847,In den Irak gehen wir doch gerade nicht rein!,SPD,Rudolf Bindig,CDU/CSU,Dr. Gerd Müller,12/4/2002,59417,"die Sie nicht beantwortet haben: Gibt es eine Exit-Strategie? Wie sollen im Ernstfall 2 000 bis 5 000 Mann herausgeholt werden? Wo ist das Gesamtkonzept für Afghanistan? Herr Bundesaußenminister, Sie lassen sich feiern. Ihre Devise lautet: Wir gehen überall rein: Mazedonien,  Bosnien, Afghanistan. (",0
176214,Wir haben eine andere Auffassung von Kontrolle als Sie! Das ist richtig!,CDU/CSU,Leo Dautzenberg,DIE LINKE,Dr. Barbara Höll,3/23/2007,80453," nicht praktikabel.  (Leo Dautzenberg [CDU/CSU]: Die Abstimmung  mit den Ländern ist doch jetzt geklärt!) Ein Problem ist schon, dass der Anteilseigner von sich aus seine Dividenden angeben muss. Wenn er das nicht tut, dann tut er das nicht. Wer das alles kontrollieren soll, ist völlig ungeklärt.  (",2
16563,Jetzt nennen Sie die  einmal!,SPD,Horst Sielaff,CDU/CSU,Siegfried Hornung,12/9/1992,9755,"häden des vergangenen Jahres  bzw. des Jahres 1990 den Zustand des Waldes verschlechtert und auch emissionsbedingte Schäden  stärker zutage treten lassen.  Konsequenzen aus dieser Tatsache sind ein ganzes  Bündel von kurz- und langfristigen Maßnahmen, die  sowohl im Bereich der Ursachenbekämpfung  (",0
162281,Weiter so!,FDP,Dr. Heinrich L. Kolb,CDU/CSU,Peter Weiß,3/9/2006,74247,"iträge der Geschichte zahlen müssen und dafür relativ wenig herausbekommen. (Dirk Niebel [FDP]: Stimmt doch, oder?) Solche Reden kann man halten. Der Punkt ist nur: Damit wird kein einziges rentenpolitisches Problem gelöst. (Dirk Niebel [FDP]: Aber es ist wahr, oder?) Unser Kurs ist und muss sein, (",2
439959,Wieso?,CDU/CSU,Moritz Oppelt,GRÜNE,Lamya Kaddor,9/29/2023,196433,"darauf, uns im öffentlichen Raum sicher fühlen zu dürfen. Dieses Recht wird auch durch Organisierte Kriminalität infrage gestellt. Darauf braucht es eindeutige Antworten. (Beifall bei Abgeordneten des GRÜNE) Ihr Antrag hat gute Ansatzpunkte. Allerdings macht er es sich an vielen Stellen zu leicht. (",0
73125,Das kann ja wohl nicht sein!,CDU/CSU,Erwin Marschewski,GRÜNE,Marieluise Beck,11/4/1999,45076," (Zuruf von der CDU/CSU: Das ist vom Gesetz auch gewollt!) Aus dem Fehlen einer sachlichen Rechtfertigung für diese Sonderbehandlung dürfte sich eine verfassungsrechtliche Diskriminierung ergeben. Es sei denn, dieses Modell sollte Vorreiter für eine entsprechende Kontrolle auch von Inländern sein. (",1
185946,Vollkommen richtig!,SPD,Gabriele Groneberg,CDU/CSU,Sibylle Pfeiffer,1/17/2008,85161,"Unterausschuss zur Gesundheit in Entwicklungsländern gekämpft haben.  (Dr. Karl Addicks [FDP]: Ich habe es ja gesagt!) Aber um der Wahrheit die Ehre zu geben: Mir erschließt sich überhaupt nicht, warum du das jetzt in diesem konkreten Zusammenhang vorbringst.  (Beifall bei der CDU/CSU und der SPD – ",2
438342,Schon mal was von Demokratie gehört?,GRÜNE,Henrike Michaelsen,AfD,Dr. Dirk Spaniel,9/21/2023,195830,"kraummangel besteht, den Verkehr beschränken. Das muss man sich mal vorstellen, was Sie als FDP hier abziehen oder sich in die Feder diktieren lassen. Das geht doch alles gar nicht; das wissen Sie auch. Was hier passiert: Irgendwelche Bürgermeister – das sehen wir auch gerade in Hannover – (Swantje ",1
299147,"Wollen Sie die erschießen, oder was? Oder erschießen lassen?",DIE LINKE,Sevim Dağdelen,CDU/CSU,Dr. Hans-Peter Uhl,10/14/2015,134347,"ten zehn Jahre nichts wissen!) Die griechische Insel Kos liegt in Sichtweite der türkischen Küste. 1 bis 2 Millionen Menschen warten an der türkischen Mittelmeerküste darauf, auf die griechischen Inseln überzusetzen, um von dort aus über Mazedonien im Wesentlichen nach Deutschland weiterzuwandern. (",0
411180,Dann wäre es nicht Gesetz geworden! Ist ja nicht logisch!,CDU/CSU,Jens Spahn,SPD,Michael Müller,11/10/2022,187324,"brauchen an dieser Stelle von der Union keinen Nachhilfeunterricht. Das Lieferkettengesetz, das genau das Thema der Menschenrechte in den Blick nimmt, ist gegen die Blockade der Union durchgesetzt worden. (Beifall bei der SPD und dem GRÜNE – Dr. Johann David Wadephul [CDU/CSU]: Stimmt doch nicht! – ",0
157891,Das finden Sie doch auch  falsch!,FDP,Dirk Niebel,GRÜNE,Dr. Thea Dückert,6/17/2005,72474,"r dazu führt, dass diese Frühverrentungspraxis zum Beispiel durch Verkürzung der Bezugsdauer des Arbeitslosengeldes unattraktiver wird.  (Dirk Niebel [FDP]: Warum kehren Sie dann  jetzt um?) Die Übergangsfrist, bis die Regelungen dieses Gesetzes in Kraft treten, wird nun um zwei Jahre verlängert.  (",0
364217,Die Blechtrommel!,CDU/CSU,Michael Grosse-Brömer,CDU/CSU,Dr. Georg Nüßlein,1/17/2020,164051,"Herr Kollege! – Zuruf von der AfD: Sachlich geht es auch!) Man kann natürlich bei der Gelegenheit die gleiche Melodie spielen, die wir hier übrigens auch spielen, was schon mal gar nicht schlecht ist. Blöd ist, wenn man zeitversetzt spielt, also ein bisschen hinterher. Das kommt nicht ganz so gut. (",0
220443,Wir hatten einen besseren!,GRÜNE,Brigitte Pothmer,DIE LINKE,Sabine Zimmermann,7/8/2010,100321,"Kramme hat auch schon einige Hinweise dazu gegeben. Zweitens. Die Regierung will die Regelung zur freiwilligen Arbeitslosenversicherung für Selbstständige verlängern. Dazu muss man natürlich sagen, dass die Linken und die Grünen schon im März einen Gesetzentwurf bzw. Antrag dazu eingebracht haben. (",0
138797,So ist es!,SPD,<unknown>,SPD,Karin Evers-Meyer,4/29/2004,66353,"htung der Sicherheitsbehörden auf die neue Bedrohungslage. Die Bundeswehr wird da, wo es notwendig und sinnvoll ist, ihren Beitrag auch für die Sicherheit im Innern leisten. Die Transformation der Bundeswehr zu einer international einsetzbaren Eingreiftruppe steht diesem Ziel gewiss nicht entgegen. ",2
13938,Wir kennen ihn!,FDP,Jürgen Koppelin,SPD,Horst Kubatschka,10/7/1992,8068,"Frau Kollegin, woher  nehmen Sie die Meinung, daß der Herr Kollege  Dreßler das anders bewertet hätte, wenn die Anzeige  in Gewerkschaftszeitungen erschienen wäre?  (",0
276696,So sind wir!,CDU/CSU,Dr. Günter Krings,CDU/CSU,Peter Beyer,11/18/2013,123468,"Frau Präsidentin! Meine sehr geehrten Damen und Herren! Liebe Kolleginnen und Kollegen! Lassen Sie mich vorab meine Freude zum Ausdruck bringen, dass auch ich als Außenpolitiker in dieser sehr innenpolitisch ausgerichteten Debatte zu Wort kommen darf.  (",0
394211,Sie haben es nicht verstanden!,AfD,<unknown>,FDP,Sandra Bubendorfer-Licht,3/18/2022,181251,"n Mahnung und Warnung sein. (Beifall bei der FDP und dem GRÜNE sowie bei Abgeordneten der SPD) Werte AfD, wenn Sie Haltung hätten, würde es Ihnen um die fachliche Aufarbeitung der Katastrophe sowie um die notwendigen Maßnahmen zur besseren Aufklärung und zur Stärkung des Katastrophenschutzes gehen. ",1
344434,Weil sie gegen das Gesetz verstoßen! Verstoß gegen das Gesetz!,AfD,Armin-Paulus Hampel,GRÜNE,Filiz Polat,2/14/2019,155586," sich aus gutem Grund gegen eine Abschiebung – zum Beispiel nach Afghanistan – engagieren, (Armin-Paulus Hampel [AfD]: Alles ungesetzlich!) drohen Sie jetzt – Frau Kollegin Jelpke hat es gesagt – mit einer Gefängnishaft von bis zu drei Jahren. Das kann nicht Ihr Ernst sein, meine Damen und Herren. (",0
126285,Manche Städte  sind auch zehnmal so groß wie andere!,CDU/CSU,Günter Nooke,GRÜNE,Ursula Sowa,7/3/2003,62434,"suchen. Die Medien lieben es, immer wieder Schreckensnachrichten im Kulturbereich zu verbreiten. In letzter Zeit ist es Usus, über die drohende Schließung von Häusern zu berichten, angefangen von Stadtteilbibliotheken bis hin zur Oper. In manchen Städten sind sogar drei Opern gleichzeitig bedroht. (",0
280611,Kommen Sie einmal nach Koblenz! Ich zeige Ihnen einen!,DIE LINKE,Alexander Ulrich,CDU/CSU,Dr. Michael Fuchs,4/10/2014,125561,"haben die niedrigste Jugendarbeitslosigkeit aller europäischen Länder.  (Alexander Ulrich [DIE LINKE]: Niedriglohn! Prekäre Beschäftigung!)  Daran kann man noch arbeiten, man kann es immer noch verbessern. In meinem Wahlkreis gibt es de facto keinen einzigen Jugendlichen mehr, der ausbildbar ist.  (",0
379540,"Es wäre schön, wenn der Wirtschaftsminister zuhören würde!",FDP,Otto Fricke,CDU/CSU,Hans Michelbach,12/8/2020,172175,chrank. Wir brauchen erfolgreiche chirurgische Eingriffe für die Sicherung von Unternehmen und der Arbeitsplätze. Das ist mit der Ordnungspolitik der sozialen Marktwirtschaft am besten zu erreichen. (Carsten Schneider [Erfurt] [SPD]: Deswegen nimmst du mit der Verlustverrechnung die Schrotflinte! – ,1
296980,So ein Quatsch!,CDU/CSU,Dr. Thomas Feist,GRÜNE,Özcan Mutlu,7/3/2015,133352,"emile Giousouf [CDU/CSU]: Das sind europäische Mittel! Das können sie auch machen! – Dr. Thomas Feist [CDU/CSU]: Das kann jedes Bundesland machen!)  Ich frage einfach: Warum nicht daraus lernen und es flächendeckend einführen? Nein, der Bund prüft und prüft und prüft und lässt die Länder alleine.  (",1
323811,Unglaublich!,DIE LINKE,Dr. Gesine Lötzsch,DIE LINKE,De Masi,11/21/2017,145839,"ht bei drei auf dem Baum war. Alle Fraktionen im Bundestag – außer der Linken – stimmten dem irischen Programm zu. Meine Fraktion verwies bereits damals auf die niedrige irische Körperschaftsteuer. Irland ermöglichte es Apple, im Jahr 2014 nur 0,005 Prozent Steuern auf seine Gewinne zu entrichten. (",1
106335,Deswegen wird es jetzt auch wieder besser!,CDU/CSU,Karl-Josef Laumann,SPD,Klaus Brandner,2/28/2002,56495,"s dann ganz schnell abgebrochen, weil Sie eine Kurswende vollzogen haben. Sie haben die ausgestreckte Hand der Gewerkschaften ausgeschlagen und Ihre Hand nicht für sinnvolle Veränderungen in der Gesellschaft gereicht. Das ist Ihnen beim Wahlergebnis teuer zu stehen gekommen.  (Beifall bei der SPD – ",0
80959,Sie haben es immer noch nicht kapiert! ,CDU/CSU,<unknown>,SPD,von Larcher,6/7/2000,48153," nicht gefunden haben,  (Hartmut Schauerte [CDU/CSU]: Herr Kollege, Sie sind von der Rolle!) sehen Sie daran, dass Sie nun schon zum zweiten oder dritten Mal, wie ich glaube, verlorene Schlachten schlagen. Die Argumente gegen die Ökosteuer haben wir doch schon x-mal gehört, als wir sie einführten.  ",1
436552,"Ja, das wäre mal was!",GRÜNE,Renate Künast,SPD,Susanne Mittag,9/7/2023,195285," in unserem Bereich massive Auswirkungen. Es wäre wirklich hilfreich, wenn die Kritiker in dieser Debatte mal realisieren würden, dass wir ganz außergewöhnliche Zeiten haben, Artur; das würde auch von Fach- und Sachverstand zeugen. (Beifall bei der SPD und dem GRÜNE sowie bei Abgeordneten der FDP – ",0
108563,Es gab drei Debatten!,SPD,Sabine Kaspereit,CDU/CSU,Günter Nooke,4/18/2002,57155," angeblichen Chefsache Aufbau Ost.  (Dr. Uwe Küster [SPD]: Was ist peinlich? – Zuruf von der SPD: Halten Sie sich mal schön fest, damit Sie bei dieser Aussage nicht umfallen!) Es ist Ihnen aber dank der von uns beantragten Debatten nicht gelungen, dieses Thema totzuschweigen.  (Lachen bei der SPD – ",0
105691,Zu Recht! Aber da sitzen natürlich Ihre Leute drin!,FDP,Dirk Niebel,SPD,Ute Kumpf,2/21/2002,56308," Vermittlung soll eine zentrale Bedeutung bekommen. Wir alle, auch Sie als Opposition, sollten ein Interesse daran haben, dass die Vermittlungsschiene funktioniert. Man sollte das Kind nicht mit dem Bade ausschütten und die Selbstverwaltung sozusagen mit einem Schnellschuss an den Pranger stellen. (",0
300547,"Das ist ein Problem von uns Männern, dass wir öfter nicht verstehen, was Frauen sagen!",CDU/CSU,Volker Kauder,GRÜNE,Özcan Mutlu,11/13/2015,135105,"tlich und klar, und wenn Sie sich das noch einmal durchlesen, werden Sie es auch merken. (Dagmar Freitag [SPD]: Sie haben es leider nicht verstanden! – Gegenruf des Abg. ­Özcan Mutlu [GRÜNE]: Sie haben es verstanden? – Renate Künast [GRÜNE]: Frau Freitag ist die Einzige, die etwas verstehen kann! – ",0
135472,Sehr zuständig!,GRÜNE,Jerzy Montag,CDU/CSU,Thomas Strobl,2/13/2004,65108," sie heute in unserem Gesetzentwurf einbringen, ist eine gravierende Sicherheitslücke. Herr Kollege Montag, ich will einmal Praktiker der Strafverfolgungsbehörden zitieren – denn Sie haben ja das, was Kollege Röttgen hier vorgetragen hat, bestritten –, und zwar den Bund Deutscher Kriminalbeamter,  (",0
358641,Da sind wir einer Meinung!,FDP,Christian Dürr,CDU/CSU,Peter Altmaier,11/13/2019,162038,"er Luftfahrtindustrie demonstrieren können. (Manuel Höferlin [FDP]: Sie weichen nur aus!) Ich bitte um Verständnis, dass wir hier nicht mit staatlichen Hilfsangeboten durch die Gegend wedeln, (Christian Dürr [FDP]: Habe ich nicht verlangt!) die von unserer Wirtschaftsverfassung nicht gedeckt sind. (",2
211298,Pfui!,DIE LINKE,Dr. Ilja Seifert,DIE LINKE,Ingrid Remmers,2/25/2010,97094,"werden. Dass sich Goldman Sachs darüber hinaus mit der Finanzierung von US-Immobilien kräftig verspekuliert hat, ist ebenfalls hinlänglich bekannt. Das hindert die deutschen Regierungsbehörden aber offensichtlich nicht daran, weiterhin öffentliches Wohneigentum an solche Spekulanten zu verkaufen.  (",1
315612,Ist aber nicht geregelt!,GRÜNE,Oliver Krischer,CDU/CSU,Alois Rainer,12/16/2016,142023,"r vorverpackte Lebensmittel herstellt. Das auf die Schiene zu setzen, darin besteht die Schwierigkeit. Aber ich bin völlig bei Ihnen: Wir brauchen eine Nährwertkennzeichnung auf allen Konserven und vorverpackten Produkten. Es muss nur machbar und am Ende auch lesbar sein. (Beifall bei der CDU/CSU – ",0
28925,"Ich habe  meiner Frage einen zweiten Teil angefügt,  Frau Kollegin!",CDU/CSU,Dr. Friedbert Pflüger,FDP,Ursula Seiler-Albring,3/3/1994,17951,"tigen Amtes in Kopie zur Verfügung  stellen.  (Dr. Friedbert Pflüger [CDU/CSU]: Ich bitte  sehr darum, Frau Kollegin! Ich finde nur, daß  das nicht meine Frage beantwortet!)  — Sie haben doch gesagt, Sie wollten den Inhalt dieses  Schreibens kennenlernen. Ich stelle es Ihnen gerne  zur Verfügung.  (",0
376689,Kritisieren Sie jetzt die Direktzahlungen doch?,GRÜNE,Steffi Lemke,CDU/CSU,Julia Klöckner,10/28/2020,170362,"h Ihnen sagen: Sprechen Sie mal mit Sarah Wiener – Abgeordnete der Grünen im Europaparlament. Fast 400 000 Euro bekommt sie. (Gitta Connemann [CDU/CSU]: Ja, genau! Agrarzahlungen!) Ich glaube jetzt nicht, dass sie das bekommt, weil sie so wenig Fläche hat, sondern weil sie relativ viel Fläche hat. (",0
449414,Hallo! Das ist ein eigenes Gesetz! Das ist gar nicht dadrin! Oje!,SPD,Michael Schrodi,AfD,Kay Gottschalk,12/14/2023,199325,"chael Schrodi [SPD]: Das steht doch gar nicht im Gesetz!) „Insolvenz“ ist, glaube ich, für Sie und Herrn Habeck ein Fremdwort; Sie interpretieren es vielleicht anders. Auf Bedenken sind Sie eingegangen, wie beim MoPeG; ich will nicht auf weitere Einzelheiten eingehen. Auch das ist immerhin gut so. (",0
106221,Das sieht man an den Umfragen!,CDU/CSU,<unknown>,SPD,Wolfgang Grotthaus,2/27/2002,56475,"araus dann noch politisches Kapital schlagen. Die Menschen in unserer Republik sind nicht so dumm, dass sie das nicht erkennen. Von daher werden Sie am 22. September die Quittung bekommen. (Beifall bei der SPD und dem GRÜNE – Dirk Niebel [FDP]: Wer die Quittung bekommt, ist noch nicht ganz heraus! –",0
425292,"Sie zeigen, dass die Bürger draufzahlen! Sie haben auch im Ausschuss bereits ausgeführt, was es mehr kosten wird!",AfD,Marc Bernhard,SPD,Dr. Nina Scheer,4/20/2023,191833,"tenzial in Angst ummünzen und tatsächlich dann verängstigt sind. (Marc Bernhard [AfD]: Sie wollen die Verschwendung von Strom sanktionieren!) Deswegen muss man immer wieder hier auch dem Transparenzanspruch so Rechnung tragen, dass diese Falschmeldungen und diese Verhetzungen, diese Angstmacherei, (",0
429641,So ist es!,FDP,Konstantin Kuhle,CDU/CSU,Andrea Lindholz,5/25/2023,193280,"t zu vereinbaren. (Beifall bei der CDU/CSU) Und ein letzter Punkt zum Schluss. Die FDP hatte Anfang März vollmundig Folgendes angekündigt: Künftig darf bei allen Einbürgerungstatbeständen nur noch eingebürgert werden, wer seinen eigenen Lebensunterhalt bestreiten und für seine Familie sorgen kann. (",2
376912,"Ja, und bei uns alle!",AfD,Petr Bystron,CDU/CSU,Alexander Dobrindt,10/29/2020,170477," Angst machen!) Es wird die Frage gestellt: Ist die Politik in Schweden nicht besser als die in Deutschland? Sie ist auf jeden Fall anders; das stimmt. Was passiert in Schweden? Für die Politik, die in Schweden gemacht wird, zahlt vor allem eine Generation den Preis, nämlich die ältere Generation; (",0
174160,Das hätte man den grünen  Bürgermeister in Freiburg fragen sollen!,SPD,<unknown>,SPD,Florian Pronold,1/18/2007,79211,"Das ist eine Frage, die wir schon lange beantwortet haben. Aber schon die Fragestellung ist falsch.  ",0
406903,Wo sind Ihre Vorschläge?,SPD,Tim Klüssendorf,CDU/CSU,Dr. Mathias Middelberg,9/30/2022,186096,"dass Sie 200 Milliarden Euro Schulden machen. (Dr. Lukas Köhler [FDP]: Die sehen nicht panisch aus!) Diese Aktion hätte komplett andersherum laufen müssen. (Beifall bei der CDU/CSU) Sie hätten jetzt ganz konkret sagen müssen, was Sie mit der Gaspreisbremse, was Sie mit der Strompreisbremse machen. (",0
282995,Landwirtschaftsminister ist er!,GRÜNE,Sven-Christian Kindler,CDU/CSU,Thomas Mahlberg,6/24/2014,126593,"herausstehlen und die Finanzierung den zu kontrollierenden Unternehmen aufbürden.  (Beifall bei der CDU/CSU – Sven-Christian Kindler [GRÜNE]: Das ist doch marktwirtschaftlich!)  – Sehr geehrter Herr Kollege Kindler, Sie haben eben sehr lobend über Ihren Umweltminister in Niedersachsen gesprochen.  (",0
363417,"Ihre Wohnungspolitik kann man auch in die Tonne hauen! Noch zehn Jahre Linke, und die Häuser sind in der Tonne!",FDP,Dr. Marie-Agnes Strack-Zimmermann,DIE LINKE,Caren Lay,12/20/2019,163592,"nungen privatisiert. (Kai Whittaker [CDU/CSU]: Sie haben das getan! Sie haben es in Berlin getan! Sie haben doch Wohnungen verkauft, Frau Lay! – Weiterer Zuruf von der CDU/CSU: Das war doch in Berlin mit dem Verscherbeln, oder?) Die meisten Wohnungen wurden im Bund privatisiert – von Schwarz-Gelb. (",1
253500,Seehofer für  ganz Deutschland!,CDU/CSU,Max Straubinger,SPD,Caren Marks,4/25/2012,113305,"Leim gegangen. Der CSU-Vorsitzende Horst Seehofer will das Betreuungsgeld als Wahlkampfgeschenk für Bayern umsetzen. Es geht ihm um nichts anderes. (Stefan Müller [Erlangen] [CDU/CSU]:  Quatsch!) Ich denke, das ist auch mehrfach in öffentlichen Äußerungen von Herrn Seehofer sehr deutlich geworden. (",0
317430,"Hören Sie zu, Herr Harbarth!",DIE LINKE,Frank Tempel,GRÜNE,Irene Mihalic,2/17/2017,142887,"Erfahrungen gemacht hätten. Der Tatbestand „Widerstand gegen Vollstreckungsbeamte“ ist erst im Jahre 2011 verschärft worden. Die Zahl der Fälle von Widerständen und Körperverletzungsdelikten zulasten von Polizeibeamten ist dadurch aber nicht etwa geringer geworden, sondern sie ist sogar gestiegen. (",0
66360,Das ist typisch: Kontrolle!,CDU/CSU,Wolfgang Meckelburg,GRÜNE,Dr. Thea Dückert,3/4/1999,42037,"re Frucht. Wir deckeln diese Ent- Dr. Peter Ramsauer wicklung. Ich denke, das wird dazu führen, daß dieser Aufwuchs gestoppt wird. (Beifall beim GRÜNE und bei der SPD – Birgit Schnieber-Jastram [CDU/CSU]: Das ist schon allerhand!) Zum anderen führen wir Kontrollmöglichkeiten in diesem Bereich ein. (",0
173710,Ich finde es gut!,GRÜNE,Renate Künast,CDU/CSU,Julia Klöckner,12/15/2006,78993,"eine Szene im Restaurant vor, wenn das panierte Schnitzel gebracht wird. Vielleicht haben Sie auch noch Vorschläge, wie man den Teller optisch gestalten könnte, damit man erkennt, welches Ei, das in der Panade ist, aus Freilandhaltung, welches aus Bodenhaltung und welches aus Käfighaltung stammt.  (",2
74400,Und der Deutsche Bundestag!,SPD,Georg Wagner,SPD,Dr. Peter Struck,11/24/1999,45518,"nen Menschen in der Ehre zu treffen, das ist die Absicht! – Zuruf von der CDU/CSU: Gemeinheit! – Weitere Zurufe von der CDU/ CSU) – lassen Sie mich doch ausreden –, weil Sie meinen, daß dies nicht der geeignete Ort sei. In der Tat ist der geeignete Ort der Untersuchungsausschuß, Herr Kollege. (Hans ",0
255381,Deshalb haben Sie die Hoteliers entlastet! Damit der Schuldenberg nicht wächst!,SPD,Caren Marks,FDP,Miriam Gruß,5/11/2012,114024,gkeit verloren. Sie sollten kein einziges Mal mehr über den Abbau der Neuverschuldung sprechen. (Beifall bei der FDP und der CDU/CSU) Jetzt kommt mein Lieblingssatz: Auf Schuldenbergen können Kinder nicht spielen und erst recht nicht lernen. (Beifall bei der FDP sowie bei Abgeordneten der CDU/CSU – ,0
397443,"Ab dem 21. Kilometer, Herr Schrodi! Das ist sozial ausgewogen! Super!",AfD,Kay Gottschalk,SPD,Michael Schrodi,5/12/2022,182750," bringen wir jetzt eine Entlastung von 16 Milliarden Euro auf den Weg. Das sind massive, umfassende, in dieser Situation aber notwendige und angemessene Maßnahmen. Dazu gehören neben der Erhöhung des Arbeitnehmerpauschbetrags auf 1 200 Euro und der Erhöhung der Entfernungspauschale für Fernpendler (",0
5758,Ach  was!,CDU/CSU,Harald Rauen,SPD,Dietmar Schütz,11/7/1991,3655,en diese Wette hier  an.  Wir dürfen hier nicht nach der Parole verfahren:  Was kümmert mich mein Geschwätz von gestern!  Die sogleich einsetzende Abstimmung läßt sich  nicht mehr aufhalten. Das Kind fällt in den Brunnen.  Die frühzeitige Öffentlichkeitsbeteiligung wird nicht  durchgesetzt.  (Peter ,0
263147,"Die Milliarden, die  Sie vorher herausgekürzt haben!",SPD,Bettina Hagedorn,FDP,Dr. Claudia Winterstein,11/22/2012,117333,"enbeitragssatzes von 19,6 auf 18,9 Prozent und damit der  Senkung der Lohnnebenkosten gerade für einen weiteren  positiven Impuls für den Arbeitsmarkt. Sie, meine Damen und Herren von der Opposition, schlagen vor, mehr  Geld für Arbeitsmarktprogramme auszugeben – und das  gleich in Milliardenhöhe. (",0
35449,Was hat die SPD  in ihrer Regierungszeit getan?,CDU/CSU,<unknown>,SPD,Georg Pfannenstein,3/9/1995,22625,"nbefriedigenden Aktionen ist aber niemandem gedient, am allerwenigsten  dem Ökosystem Wald und dem Patienten Wald.  Nach nunmehr zwölfjähriger Tatenlosigkeit, einhergehend mit einem ausgeprägten Hang zur Verdrängung dieses die ganze Bevölkerung betreffenden  Problems, muß endlich gehandelt werden.  ",0
245825,Aber das waren doch nicht Sie!,SPD,Marco Bülow,CDU/CSU,Dr. Christian Ruck,11/22/2011,110015,ein. Deswegen ist auch der Ausbau der erneuerbaren Energien kein Selbstzweck. Wir alle haben gesagt: Ein entscheidender Pfeiler der Energiewende sind die erneuerbaren Energien. Gerade in den letzen zwei Jahren haben wir unter der christlich-liberalen Koalition gewaltige Ausbaufortschritte erzielt. (,0
81394,Das ist Politik!,CDU/CSU,Hans-Joachim Fuchtel,SPD,Jelena Hoffmann,6/28/2000,48389,"Frau Präsidentin! Liebe Kolleginnen und Kollegen! Der Entwurf der Bundesregierung zum Haushalt 2001 ist gerade fertig gestellt worden, da trommeln die Oppositionskollegen bereits zum Aufstand. Man muss sich schon fragen, was hinter Ihrem Aktionismus steckt. (",0
207134,"Na, na, na!",CDU/CSU,<unknown>,DIE LINKE,Klaus Ernst,11/26/2009,95769,"und Herren, Schwarz-Gelb lehnt eine weitere Förderung der Altersteilzeit ab. Das ist natürlich problematisch. Dieses Gesetz ist nämlich nicht von der SPD eingeführt worden, sondern es ist unter Schwarz- Gelb entstanden. (Elke Ferner [SPD]: So ist das!) Damals gab es in Ihren Reihen noch Sozialpoliti",1
195227,Das macht im Übrigen  der Bundesumweltminister!,SPD,<unknown>,CDU/CSU,Dr. Georg Nüßlein,10/16/2008,89758,". – Gleichzeitig werden in Frankreich zum Beispiel die Chemieunternehmen durch einen Staatskonzern – die Liberalisierung ist da nicht angekommen – mit billigem Strom subventioniert. Über diese Dinge müssen wir reden. Ich bin dem Bundeswirtschaftsminister dankbar, dass er das auch offen und klar tut.",0
159535,Das ist ein Fehler!,FDP,Dirk Niebel,CDU/CSU,Max Straubinger,12/2/2005,72944,"lich nachdenklich stimmen. Vor allen Dingen unter dem Gesichtspunkt des Erfahrungsschatzes, den ältere Arbeitnehmerinnen und Arbeitnehmer ins Erwerbsleben einbringen, müssen wir die Situation bei uns verbessern.  Wir werden die Geltungsdauer der Maßnahmen der so genannten 58er-Regelung verlängern. (",0
78825,Ich bin gerade im Untersuchungs,GRÜNE,Hans-Christian Ströbele,CDU/CSU,Dr. Wolfgang Götzer,3/23/2000,47340,"hrt Ihre Verweigerungshaltung, meine Damen und Herren von der Regie- Dieses Vorhaben wurde übrigens bei der Anhörung rungskoalition, dazu, dass das Vertrauen in den Rechtsdes Rechtsausschusses im Herbst vergangenen Jahres staat schwindet.  von der deutlichen Mehrheit der Sachverständigen begrüsst. (",0
316980,Genau so!,GRÜNE,Katja Keul,CDU/CSU,Tobias Zech,2/15/2017,142728," also an einer schlechten Wirtschaftspolitik, an einer schlechten Arbeitspolitik und an einer zu hohen Zahl von Arbeitslosen. Wenn man wirklich daran interessiert ist, Altersarmut in der Zukunft zu verhindern, dann muss man in Deutschland gute Jobs schaffen, eine gute Wirtschaftspolitik betreiben. (",2
446416,Erzählen Sie das doch! Ist es zurückgeholt worden oder nicht?,SPD,Michael Schrodi,DIE LINKE,Christian Görke,11/17/2023,198530," auf 47 Millionen Euro Rückzahlung für das Jahr 2009 verzichtet. (Michael Schrodi [SPD]: Es ist zurückgeholt worden! Herr Görke, ist es zurückgeholt worden oder nicht?) Meine Damen und Herren, das war es, was die zuständige Finanzbeamtin mit den Worten feierte: Der teuflische Plan ist aufgegangen. (",0
326753,"Sie sollen sich nicht bekennen, Sie sollen bauen!",GRÜNE,Kai Gehring,CDU/CSU,Dr. Stefan Kaufmann,3/1/2018,147582,"n Ihnen geforderte Trendumkehr bis 2021 schaffen. Was wir damit auch erreichen wollen, liebe Kolleginnen und Kollegen, ist eine weitere Stärkung der Stipendienkultur und auch der Begabtenförderung in Deutschland. Wir bekennen uns ausdrücklich auch zur Schaffung von weiterem studentischem Wohnraum. (",0
336446,"Was im Koalitionsvertrag steht, haben Sie schon gelesen?",SPD,Dr. Eva Högl,CDU/CSU,Philipp Amthor,9/28/2018,151898," Evrim Sommer [DIE LINKE]: Das ist populistisch!) Deswegen würde ich mich freuen, wenn Sie mit uns zum Beispiel eher über eine Ausweitung der Befugnisse reden. Das ist es, was wir brauchen, damit der Rechtsstaat mithalten kann, liebe Kolleginnen und Kollegen. (Beifall bei Abgeordneten der CDU/CSU – ",0
72071,Was ist rückwärtsgewandt?,SPD,Konrad Gilges,CDU/CSU,Heinz Schemken,10/7/1999,44669,"rgeld dar. Es wird dann gezahlt, wenn sowohl die erbrachten Eigenleistungen als auch die Winterbauumlage nicht mehr greifen. Sie stellen das ganze System jetzt rückwärtsgewandt eigentlich wieder auf den Kopf, wenn Sie diese von den Beitragszahlern aufzubringende ergänzende Leistung erhöhen wollen. (",0
436675,Das war jetzt alles?,SPD,Dr. Johannes Fechner,CDU/CSU,Katrin Staffler,9/7/2023,195315,"Ich danke Ihnen für Ihre Frage, weil solide und gute Haushaltsführung eine Frage der Prioritätensetzung ist. Ich sage Ihnen: Sie setzen einfach die falschen Prioritäten, insbesondere im Etat für Bildung und Forschung. (Beifall bei Abgeordneten der CDU/CSU – ",0
309078,Da hat sie recht!,CDU/CSU,von Stetten,SPD,Cansel Kiziltepe,6/24/2016,139165,"hlen, dass ich mir eine andere Lösung gewünscht hätte. Das ist auch die Meinung vieler meiner Kollegen. Umso mehr bedauere ich, dass es in den anderthalb Jahren der Beratungen keinen Gesetzentwurf der Länder zu dieser Frage gab. (Dr. h. c. Hans Michelbach [CDU/CSU]: Hört! Hört! – Christian Freiherr ",0
208304,Was wollen Sie denn jetzt? Wollen Sie ein fiskalisches Ziel oder Steuern?,CDU/CSU,Leo Dautzenberg,GRÜNE,Dr. Gerhard Schick,12/17/2009,96248,"haus [FDP]: Wer stellt das  fest?) Dr. Gerhard SchickDiese Situation kann man jetzt nutzen, um politisch eine Initiative zu ergreifen. Das würde die Frage nach der volkswirtschaftlichen Wirkung beantworten, die nämlich darin besteht, dass die volkswirtschaftlich unproduktiven Umsätze unterbleiben. (",0
285612,Was würden wir ohne Bayern machen?,GRÜNE,Özcan Mutlu,CDU/CSU,Katrin Albsteiger,10/9/2014,127780,"h die freiwerdenden Mittel aus dem Bereich des BAföG zu 90 Prozent in die Hochschulen und zu 10 Prozent in die Schulen. Das ist auch in Ordnung. Die Bürger werden zum Schluss ganz genau hinschauen, wer von uns verantwortlich mit den Bildungsausgaben umgeht und wer nicht.  (Beifall bei der CDU/CSU – ",0
345610,Dafür haben wir eine Thesaurierungsbegünstigung!,CDU/CSU,Fritz Güntzler,AfD,Stefan Keuter,2/21/2019,156077,"men- und Umsatzsteuer zugestanden werden. Allerdings ist das Verlangen der FDP, Kapitalgesellschaften sollten künftig nur noch 12,5 Prozent Körperschaftsteuer zahlen, anderen Steuerpflichtigen gegenüber – insbesondere den Personengesellschaften gegenüber – zutiefst ungerecht. (Beifall bei der AfD – ",0
258699,Oh! Sie sind ja toll!,FDP,Gisela Piltz,SPD,Christine Lambrecht,9/13/2012,115451,"t auch die Oppositionsfraktionen mitarbeiten.  Das wird dazu führen, dass wir, wenn es hoffentlich zum  Bruch dieser Chaostruppe bzw. Chaosregierung kommt,  ein wirksames und gültiges Wahlrecht haben. (Dr. Günter Krings [CDU/CSU]: Sie reden ja  von 2030!) Insofern: Wir sind bereit. Wir machen mit. (",2
411153,"Ja, weil Sie es nicht wollen!",AfD,Stephan Brandner,CDU/CSU,Daniela Ludwig,11/10/2022,187321,"auf einen Stellvertreter mit Füßen getreten? (Zuruf von der AfD: Genau darum geht es!) – Darum geht es heute ausdrücklich nicht. Wir haben im Ausschuss nochmals sehr eindeutig festgehalten, dass konkurrierende, bedingte oder eben parallele Vorschläge im zweiten Wahlgang nicht zulässig sind. Warum? (",0
94915,Irgendwann!,SPD,Bernd Reuter,CDU/CSU,Hubert Deittert,5/31/2001,53322,"tive mag unterschiedlich sein, je nachdem, ob man zur Regierungsmehrheit oder zur Opposition, also der parlamentarischen Minderheit, gehört, der ich im Augenblick angehöre. Aber das wird sich Gott sei Dank in absehbarer Zeit wieder ändern. Da bin ich ganz zuversichtlich.  (Beifall bei der CDU/CSU – ",0
284198,Genau das schlagen wir vor!,GRÜNE,Annalena Baerbock,CDU/CSU,Jens Koeppen,7/4/2014,127089,"rbara Lanzinger hat darauf hingewiesen, Herr Jurk auch –, logischerweise aber eine Brücke hin zu erneuerbaren Energien. Sie kann keine Brücke zu einem anderen fossilen Energieträger sein, aus meiner Sicht jedenfalls nicht. Anders als bei der Kernenergie müssen wir den Ausstieg synchron betreiben:  (",0
400913,Wer hat jetzt die Alarmstufe ausgerufen? Kann ich es noch mal hören?,CDU/CSU,Jens Spahn,SPD,Bengt Bergt,6/23/2022,184143,"ren. Es gibt sicher viel, das uns in dieser Situation weiterhilft. Und da haben Sie in den vergangenen Monaten sehr konstruktiv mitgearbeitet. Dafür danken wir Ihnen. Aber Angstmacherei gehört nicht dazu, meine Damen und Herren. (Beifall bei Abgeordneten der SPD und des Abg. Stefan Wenzel [GRÜNE] – ",0
428316,"Ja, sagen Sie mal was dazu!",AfD,Dr. Götz Frömming,SPD,Dunja Kreiser,5/11/2023,192828,"h! Zynisch!) die sich bereits seit Jahren, seit Jahrzehnten dafür einsetzen, dass hilfesuchende Menschen Schutz bekommen, und die sich für ihre Integration einsetzen. (Dr. Götz Frömming [AfD]: Was ist denn mit der deutschen Bevölkerung, die das alles erträgt und bezahlt?) – „Deutsche Bevölkerung“! (",0
266752,Er ist sehr  originell!,DIE LINKE,Wolfgang Gehrcke,CDU/CSU,Andreas G. Lämmel,1/31/2013,118778,"aben, und sind jetzt sozusagen der Friedensengel des Deutschen Bundestages. (Beifall bei der CDU/CSU und der FDP – Beifall bei der LINKEN – Dr. Dagmar Enkelmann  [DIE LINKE]: Blockflöte!) Wissen Sie, das ist schon ein starkes Stück. Mit Blick auf den Rüstungsexportbericht muss ich natürlich sagen: (",0
271114,Das ist dünnes  Eis! ,CDU/CSU,<unknown>,SPD,Brigitte Zypries,4/18/2013,120589,"zess durchgemacht haben. Das freut uns natürlich. (Beifall bei der SPD sowie bei Abgeordneten  des GRÜNE –  Michael Kretschmer [CDU/CSU]: Wir können  nichts dafür, dass die SPD nicht so lernfähig  ist!) – Die SPD hat es vielleicht nicht so nötig; das kann man  an verschiedenen anderen Dingen sehen. ",0
282592,Noch nicht einmal!,GRÜNE,Luise Amtsberg,SPD,Daniela Kolbe,6/6/2014,126467,"leicht nicht: Nach der geltenden Gesetzeslage dürfen Asylsuchende erst nach neun Monaten arbeiten und Geduldete erst nach zwölf Monaten. – Die Opposition hat das hier in ihren Redebeiträgen anklingen lassen, aber ein bisschen kleingeredet. Die Kollegin Amtsberg hat es als „Zückerchen“ bezeichnet.  (",0
396655,"Das ist sehr, sehr peinlich, was die AfD wieder abliefert! Peinlich!",GRÜNE,Ulle Schauws,AfD,Gereon Bollmann,4/28/2022,182377,"il zu definieren. Man könnte die Stelle also verfassungskonform durch die Familienministerin besetzen, wenn man denn bereit wäre, eine Bestenauswahl auch wirklich durchzuführen. Das ist doch nicht zu viel verlangt. Nur Mut, Frau Ministerin! Vielen Dank für die Aufmerksamkeit. (Beifall bei der AfD – ",1
170986,"1,5 Millionen  seit 2001!",FDP,Dr. Heinrich L. Kolb,CDU/CSU,Laurenz Meyer,11/8/2006,77964," wir sie uns für dieses Jahr erhofft haben.  Ich muss ganz offen sagen, dass ich es zu Beginn dieses Jahres nicht für möglich gehalten habe, dass wir innerhalb eines Jahres den Prozess, in dem über Jahre hinweg 400 000 bis 500 000 sozialversicherungspflichtige Arbeitsplätze verloren gegangen sind, (",0
459350,Das wissen wir alles! Wie soll das denn passieren?,AfD,Stephan Brandner,SPD,Dirk-Ulrich Mende,4/24/2024,202448,"gen. (Stephan Brandner [AfD]: Das war eine   FDP-Idee!) Wir müssen die vielen Perspektiven von unterschiedlichen Ebenen, von den Bürgerinnen und Bürgern, den  Ländern und den Kommunen, der Wissenschaft und  dem Parlament, mit einbeziehen. Darüber hinaus brauchen wir einen offenen Zugang zum Thema. (",0
357265,Aber Ihre!,AfD,Dr. Bernd Baumann,SPD,Frank Junge,10/25/2019,161490,"struktur entwickeln und Innovationen fördern. Das ist und bleibt der beste Weg, Regionen für Ansiedlungen attraktiv zu machen, aus denen dann Beschäftigung und Wertschöpfung entstehen. Ihre Phrasen, Floskeln und leeren Worte bringen uns bei der Bewältigung solcher Aufgaben keinen Millimeter voran. (",1
102,Das ist ja ganz neu!,SPD,<unknown>,CDU/CSU,Dr. Alfred Dregger,3/13/1991,99,"pt  aus, Herr Dregger!)  Meine Damen und Herren, wir werden Ihnen das  nicht ersparen. Zum Zeitpunkt der von uns vorgeschlagenen begrenzten Steuererhöhung läßt sich  rückblickend sagen: Natürlich hätte man schon 1990  eine Steuererhöhung sozusagen auf Vorrat ankündigen oder gar beschließen können.  ",0
305592,"Das tut wirklich weh! Es ist schmerzhaft, Ihnen zuzuhören!",GRÜNE,Uwe Kekeritz,CDU/CSU,Charles M. Huber,3/17/2016,137290," Regierung und der Bundesregierung nicht an. Im Gegenteil: Sie bezeichnet sie in ihrem Sprachjargon als eine imperialistische Geste, welche an den Geschädigten (Niema Movassat [DIE LINKE]: Herr Huber, ich kenne die Partei nicht einmal!) – lassen Sie mich ausreden, auch wenn es wehtut – vorbeigeht. (",1
141824,Da steht aber auch: Du sollst kein falsches Zeugnis geben wider deinen Nächsten!,SPD,Lothar Mark,CDU/CSU,Michael Glos,9/8/2004,67609," alles besser gemacht hätte, war überflüssig. Menschenrechtsverletzungen muss man gleichmäßig in der ganzen Welt verurteilen. Nur dann wird man glaubhaft. (Beifall bei der CDU/CSU sowie bei Abgeordneten der FDP) Ein letzter Punkt. In der Bibel steht, die Linke soll nicht wissen, was die Rechte tut.(",0
123381,Musikalische Verarmung ist das!,CDU/CSU,Steffen Kampeter,CDU/CSU,Dr. Günter Krings,4/11/2003,61209,"ts aus einer illegalen Quelle – Tendenz steigend. Wenn das deutsche Recht die Vervielfältigung aus einer illegalen Quelle für legal erklärt, kann ich mich als Rechtspolitiker mit einer solchen von Staats wegen erlaubten urheberrechtlichen Datenwäsche nur schwer abfinden.  (Beifall bei der CDU/CSU – ",0
67536,So eine Nullnummer!,CDU/CSU,Siegfried Hornung,SPD,Gerhard Schröder,3/26/1999,42626,"m zu vergleichen, was andere aus Edinburgh mitgebracht haben. (Beifall bei der SPD und dem GRÜNE) Auf diese Diskussion, die wir sicherlich noch mit großem Nachdruck und mit großem Interesse miteinander – in welchen Gruppierungen bei Ihnen auch immer – werden führen können, freuen wir uns wirklich. (",0
168969,"Genau, das ist ein guter  Mann!",SPD,Ute Kumpf,SPD,Ute Berg,9/21/2006,76874,"eschehen, und zwar überall in Deutschland. (Beifall bei der SPD) „Vorsprung durch Innovation ist der einzige Weg, um Wohlstand und Beschäftigung am Standort Deutschland zu sichern. Das Gebot der Stunde heißt Erneuerung“, so der Präsident der Fraunhofer-Gesellschaft, Professor Hans-Jörg Bullinger.  (",2
42950,Unglaublich!,SPD,<unknown>,CDU/CSU,Dr. Norbert Blüm,2/2/1996,27632,"chtsbereinigungsgesetzes, hat die SPD zugestimmt. Wenn das Diebstahl ist, dann haben Sie  Schmiere gestanden. Wie kommen Sie eigentlich  dazu, von Diebstahl zu reden?  (Beifall bei der CDU/CSU und der FDP -  Widerspruch bei der SPD)  Sie haben allem zugestimmt und rufen heute die  Katastrophe aus.  ",1
371954,Ach so! Genau!,DIE LINKE,Heike Hänsel,FDP,Gyde Jensen,7/1/2020,168089,"t es anders gesagt!) Sie im Rahmen der Ratspräsidentschaft, indem Sie als erste Amtshandlung auf EU-Ebene entsprechende personenbezogene Sanktionen gegen KP-Funktionäre anstreben und den EU-China-Gipfel absagen. Es ergibt momentan keinen Sinn, auf dieser Ebene zu diskutieren. (Beifall bei der FDP – ",0
146979,Jäger 90!,CDU/CSU,Steffen Kampeter,GRÜNE,Krista Sager,11/24/2004,69108,"der sind nicht mehr in der Lage, einen verfassungskonformen Haushalt aufzustellen – allen voran Hessen, aber auch das Saarland und Niedersachsen haben ihre Probleme. Gleichzeitig blockieren Sie, dass wir endlich an die Eigenheimzulage herangehen. Ich weiß, Sie können dieses Wort nicht mehr hören,  (",0
179443,Was ist mit dem Ehegattensplitting?,SPD,Nicolette Kressl,CDU/CSU,Paul Lehrieder,6/22/2007,82188,"Zunächst zu Ihnen, Frau Sager: Es geht nicht um eine Belohnung dafür, dass die Kinder zu Hause bleiben, sondern um einen Ausgleich. (Johannes Singhammer [CDU/CSU]: So ist es! – ",0
453278,"Ja, bei Ihrem Beitrag!",GRÜNE,Dr. Till Steffen,CDU/CSU,Philipp Amthor,2/1/2024,200356,"Frau Kollegin Rottmann, das lässt wirklich die Ernsthaftigkeit vermissen, (",0
245303,Aus rein wirtschaftlichen Erwägungen!,SPD,Ulrich Kelber,CDU/CSU,Alois Gerig,11/11/2011,109861," auch einmal eine Douglasie gepflanzt wird. (Harald Ebner [GRÜNE]: Eine ist okay! – Ulrich Kelber [SPD]: Sie schreiben ja nicht fest, wie oft!) Mit dem Waldklimafonds wird die Koalition ein geeignetes Instrument schaffen, um die Anpassung unserer Wälder an Klimaveränderungen finanziell zu fördern. (",0
102428,Also habt ihr euch auch über den Tisch ziehen lassen!,GRÜNE,Franziska Eichstädt-Bohlig,CDU/CSU,Josef Hollerith,11/29/2001,55426,"eg bereits 16 DM aufgrund der Mehrwertsteuer, erst im Nachgang erhalten dann die Investoren etwa 12 DM pro investierten 100 DM an Förderung. Meine sehr verehrten Damen und Herren, wir unterstützen die Entscheidung, dass der Verbraucherschutz in das Landwirtschaftsressort eingegliedert worden ist.  (",0
104527,"Ja, lesen müsste man können!",SPD,Ingrid Holzhüter,GRÜNE,Werner Schulz,1/31/2002,56092," Ich glaube, einen Teil können Sie sich selbst anrechnen. Insofern sollten Sie sich nicht nur mit Kritik an den letzten Jahren beschäftigen. Wem das nicht genügt, der sollte sich vielleicht einmal den jüngsten Wochenbericht des Deutschen Instituts für Wirtschaftsforschung vom 17. Januar anschauen. (",0
295475,Zu Recht!,DIE LINKE,Matthias W. Birkwald,DIE LINKE,Kersten Steinke,6/11/2015,132571,"kutiert wurden, so zum Beispiel zur abschlagsfreien Rente nach 45 Jahren Erwerbstätigkeit oder zur Abschaffung der Abschläge bei Erwerbsminderungsrenten. Ebenfalls sehr oft kritisierten Bürgerinnen und Bürger aus den ostdeutschen Bundesländern die unterschiedliche Rentenanpassung in Ost und West.  (",2
283930,Ach!,GRÜNE,Ulle Schauws,CDU/CSU,Alexander Hoffmann,7/3/2014,126935,"berin eine Frau in Betracht kommt, die deutlich geringer qualifiziert ist und dennoch den Vorzug erhält. Gerade für diese Variante, meine Damen, meine Herren von den Grünen, sieht Ihr Entwurf jedoch weder eine Relativierung noch eine Öffnungsklausel vor, weshalb er gegen das Grundgesetz verstößt.  (",0
286553,Bei Ihnen „Rendite!,DIE LINKE,Caren Lay,CDU/CSU,Karsten Möring,10/17/2014,128213,"ung“ nenne, dann kommt das Wort „Not“ als nächstes Wort. Wenn ich „Miete“ sage, dann kommt „Hai“, „Steigerung“, „Wucher“. Zwei dieser Varianten haben Sie in der Überschrift Ihres Antrages schon gewählt.  (Manfred Grund [CDU/CSU]: Bei „Eigentum“ kommt „Enteignung“! Mehr fällt ihnen dazu nicht ein! – ",0
67950,Sehr wahr!,CDU/CSU,Michael Glos,CDU/CSU,Dietrich Austermann,5/4/1999,42905,"sen, von der Bundesliga in Richtung Oberliga. Die Buchmacher verzeichneten daraufhin Rekordgewinne. Zum Erschrecken der zahlenden Zuschauer läuft er sich wieder am Spielfeldrand warm. Da wünscht man sich einen Manager, der den Transfer ins Ausland besorgt. (Heiterkeit bei Abgeordneten der CDU/CSU – ",2
312902,So ist es! Genauso ist es!,CDU/CSU,Dr. Jan-Marco Luczak,CDU/CSU,Dr. Volker Ullrich,10/21/2016,140811,"em Leistungsgedanken noch mit sozialer Marktwirtschaft zu tun haben. Das muss und das kann bereits nach geltendem Recht bearbeitet werden. Wenn Sie als Mitglied eines Aufsichtsrates eine zu hohe Vorstandsvergütung festlegen, dann sehen Sie sich unter Umständen den Vorwürfen der Untreue ausgesetzt. (",2
67351,Sie zerstören mit dem Gesetz ganze Branchen!,FDP,Ulrich Heinrich,SPD,Walter Riester,3/25/1999,42551," kennen doch die Beispiele von den selbständigen Kellnern und den selbständigen Auslieferungsfahrern. Sie sind in der Regel Arbeitnehmer, häufig allerdings unter Tarif bezahlt und sozial unzureichend abgesichert. Diese Beschäftigungsverhältnisse haben inzwischen ein gravierendes Ausmaß angenommen. (",0
159830,Richtig!,FDP,Dr. Heinrich L. Kolb,CDU/CSU,Stefan Müller,12/15/2005,73082,"in wird nicht dafür sorgen, dass in diesem Land neue Arbeitsplätze geschaffen werden.  (Dr. Heinrich L. Kolb [FDP]: Jetzt kommen  wir zum Punkt!) Natürlich ist es erforderlich, dass wir in der Wirtschafts- und Finanzpolitik die Rahmenbedingungen so setzen, dass neue Arbeitsplätze entstehen können. (",2
140816,Ja!,FDP,Ina Lenke,CDU/CSU,Michaela Noll,6/18/2004,67258,"stattgefunden haben – nämlich gar nicht, weil Sie die Behandlung des Themas permanent vertagt haben, den Punkt von der Tagesordnung heruntergenommen haben, es zu keinem Berichterstattergespräch kam –, wird verstehen, wenn ich sage, dass ich mittlerweile, gelinde gesagt, einen dicken Hals bekomme.  (",2
61890,Das ist wahr!,FDP,Möl lemann,CDU/CSU,Dr. Wolf Bauer,6/18/1998,39948,"menspiel zwischen Bundesoberbehörde, nachgeordneten Behörden und dem Stufenplanverfahren selbst  reibungslos funktioniert. Dabei ist zu bedenken, daß  vorschnelle und undifferenzie rte Informationen auch  zu einer Verunsicherung des Verbrauchers führen  können.  (Beifall bei der CDU/CSU - Jürgen W. ",2
273832,Keine einzige  Aussage zur Sache! Typisch!,CDU/CSU,Klaus-Peter Willsch,SPD,Dr. Hans-Peter Bartels,6/5/2013,121819,"d fließt weiter an die Firmen, oder? Das ist nicht  akkurat. Das ist Vortäuschung falscher Tatsachen. Herr  Minister, Ihr preußisches Image steht heute nicht für Genauigkeit und Gewissenhaftigkeit. Es steht für einen obrigkeitlichen Stil, den Sie pflegen, und der ist nicht gut  für die Bundeswehr. (",1
213688,Mein lieber  Gott!,SPD,Gernot Erler,FDP,Michael Link,3/17/2010,97812,"terschiedlicher Art und Weise man in einer solchen Situation vorgehen kann. (Zuruf von der FDP: Ja oder nein, Frau Wieczorek-Zeul? – Widerspruch der Abg. Heidemarie Wieczorek-Zeul [SPD]) Ich stelle fest: Es handelt sich hier um hochqualifizierte, über jeden Verdacht erhabene Mitarbeiter. (Dr. h. c. ",1
452318,Sie wohnen gar nicht in Deutschland!,GRÜNE,Sven-Christian Kindler,AfD,Dr. Alice Weidel,1/31/2024,200153,"ungen ist die Devise. Aber rationale Argumente erreichen Sie schon gar nicht mehr. Sie können Deutschland nicht gut regieren, und Sie wollen es nicht. Sie richten es zugrunde. Und ich sage Ihnen auch, warum: Weil Sie Ihr eigenes Land, weil Sie Deutschland hassen. (Lachen bei der SPD und dem GRÜNE – ",0
250357,Fangt damit mal an!,SPD,Rolf Hempelmann,FDP,Michael Kauch,2/29/2012,112030,"n. Deswegen machen wir diese Reform. Nun zu der Menge an Solaranlagen, in die wir investieren. Ich denke, dass die Grünen immer noch glauben: Immer mehr ist immer besser. Wir sind inzwischen aber in einer Situation, die erfordert, dass wir systemisch denken. (Lachen des Abg. Rolf Hempelmann [SPD] – ",0
440156,Sie schleifen doch das Klimaschutzgesetz!,CDU/CSU,Julia Klöckner,GRÜNE,Maik Außendorf,10/11/2023,196618,"ungen – auch ein Umstand, den die Union gerne mal ignoriert, genauso wie Sie das Urteil des Bundesverfassungsgerichts ignorieren, das uns vorgibt, effektiven Klimaschutz zu betreiben, um die Lebensgrundlagen und die Freiheit zukünftiger Generationen zu sichern. (Beifall bei Abgeordneten des GRÜNE – ",0
424934,Deswegen gehen die ja alle! Deswegen verlagern die ihre Arbeitsplätze!,AfD,Marc Bernhard,FDP,Konrad Stockmeier,4/19/2023,191714,"teffen Bilger [CDU/CSU]: Sie setzen sich nicht durch in Ihrer Koalition!) Schauen Sie sich doch den Winter an! Schauen Sie sich doch an, welche Maßnahmen wir ergriffen haben, um das Preisniveau so zu senken, dass es für Haushalte und Unternehmen in diesem Land einigermaßen bezahlbar geblieben ist! (",0
448224,"Er hat gesagt, der bisherige Tatbestand wäre viel zu eng!",AfD,Stephan Brandner,SPD,Esther Dilcher,12/1/2023,198961,"keln Sie aber den Menschen vor, Haushaltsuntreue sei gar nicht mehr strafbar. (Stephan Brandner [AfD]: Das hat der Kollege Seitz nicht gesagt! – Karsten Hilse [AfD]: Das hat der Herr Seitz nicht gesagt!) Das ist und bleibt eine falsche Information. Blicken Sie einmal selbst in Ihren Gesetzentwurf! (",0
15938,Sehr richtig!,CDU/CSU,Ernst Hinsken,CDU/CSU,Kurt J. Rossmanith,11/26/1992,9381,"n die Notwendigkeit einer  Sparpolitik, und zwar nicht nur für den Bund. Ich will  an dieser Stelle sehr deutlich sagen: Nicht nur der  Bund hat zu sparen, sondern auch die Länder und die  Kommunen, und dies schon in den Jahren 1993 und  1994, aber dies gilt ebenso für den Rest dieses Jahrzehnts.  (",2
23718,Das ist wohl wahr!,SPD,Doris Odendahl,CDU/CSU,Rainer Jork,9/22/1993,14353,"ind, daß  regionale Programme, Frauenprogramme usw. nötig  sind. Ich möchte das in der gebotenen Kürze nur  andeuten; auch das zeige ich Ihnen gerne.  Wir sollten uns, damit die Situation nicht weiter von  Jahr zu Jahr kritisch ist, darauf konzentrieren, was wir  die nächsten Jahre machen wollen.  (",2
24165,Wo ist denn der Staatsminister des Landes Bayern?,SPD,<unknown>,CDU/CSU,Ernst Hinsken,9/29/1993,14678,"aufenden Stahlverhandlungen in  Brüssel"" beantragen, und dann die Länder, die unmittelbar am stärksten betroffen sind, durch Abwesenheit  glänzen?  (Zuruf von der FDP: Sehr gut!)  Wo ist denn — ich möchte nicht sagen: der Ministerpräsident — der Wi rtschaftsminister des Landes Nordrhein-Westfalen?  ",0
79760,Das hängt immer vom  Anlass ab!,SPD,Joachim Poß,CDU/CSU,Hansjürgen Doss,5/10/2000,47773,"ie in eigener Verantwortung als Unternehmer tätig sind. Wenn man die Mehrheit in einem Parlament wie dem unseren hat, ist es auch eine Frage nach dem guten Stil, ob man die Opposition zu Wort kommen lässt oder ob man sich lärmend und lachend über das, was aus tiefer Sorge vorgetragen wird, erhebt. (",0
379548,"Wir sind gar nicht böse, wenn ich das kurz zwischendurch bemerken darf!",CDU/CSU,Michael Grosse-Brömer,FDP,Otto Fricke,12/8/2020,172177,"öhe anstrebt – ja oder nein? Und wenn Sie sagen, dass Steuersenkungen falsch sind: Wollen Sie dann damit sagen, dass Sie diese Steuersenkungen und gleichzeitig auch noch die Steuersenkungen für Familien mit Kindern nur machen, weil die böse CDU da ist? Oder ist das einfach etwas unehrlich gewesen? (",0
211824,Das stimmt! Bei der  SPD müsste man das!,FDP,Serkan Tören,SPD,Rüdiger Veit,2/26/2010,97269,"Herr Präsident! Meine sehr verehrten Damen und  Herren Kollegen! Fast könnte man Sie hier alle namentlich begrüßen, so wie die Reihen gerade nicht besetzt  sind. Trotzdem vielen Dank für das Interesse. (",2
100674,Unfug!,CDU/CSU,von Stetten,GRÜNE,Volker Beck,11/15/2001,55109,bleibt bei der geltenden Regelung. (Beifall beim GRÜNE) Das BKA kann in seiner Funktion als Zentralstelle nur über andere Stellen Daten erheben. Personenbefragungen sind auch künftig nur bei einem konkreten Anfangsverdacht im Rahmen von strafrechtlichen Ermittlungen zulässig. (Dr. Wolfgang Freiherr ,1
237244,"Ja, was hat sie da  vor?",CDU/CSU,Volker Kauder,SPD,Ulrich Kelber,6/9/2011,106599,"rneuerbare-Energien-Gesetz zweimal abgelehnt, Herr Röttgen – er wird ja gleich noch reden – hat es abgelehnt; aber der Atomausstieg, Milliardeninvestitionen und 400 000 Jobs in Deutschland hängen am Erneuerbare-Energien-Gesetz. Was hat die schwarz-gelbe Bundesregierung jetzt mit diesem Gesetz vor? (",0
333692,Dann müssen wir innovativ sein!,GRÜNE,Anja Hajduk,CDU/CSU,Peter Altmaier,7/3/2018,150848,"en. Selbstverständlich muss der Markt auch gegen Missbrauch geschützt werden. Selbstverständlich gibt es Fälle, wo wir unsere industriepolitischen Interessen wahren wollen. Wenn wir wollen, dass auch unsere Kinder und Enkelkinder über ausreichend und gute Arbeitsplätze von hoher Qualität verfügen, (",0
88447,"Das Bundesverfassungsgericht hat Ihnen sogar bestätigt, dass Sie das vernachlässigt haben!",GRÜNE,Dr. Thea Dückert,CDU/CSU,Johannes Singhammer,12/8/2000,50797,"amilien mit Kindern im reichen Deutschland immer mehr auf der Schattenseite leben. 13832 (Dr. Thea Dückert [GRÜNE]: Wer hat das produziert?) Wir können sicherlich nicht alle finanziellen Aufwendungen für Kinder ausgleichen, aber wir müssen einen großen Schritt in Richtung mehr Gerechtigkeit gehen. (",0
386952,Dafür braucht man aber Tarifpartner!,DIE LINKE,Thomas Lutze,CDU/CSU,Jens Koeppen,5/5/2021,176867,"Die Tarifbindung im deutschen Handwerk ist verbesserungswürdig. – Das ist völlig klar. Unsere Frage war: Können wir Tarifbindung gesetzlich regeln? Wir haben lange darüber nachgedacht, wie das ginge. Wir sind dann zur Meinung gekommen, dass Tarifautonomie und Tarifpartnerschaft ein hohes Gut sind. (",0
326864,Na klar!,FDP,Konstantin Kuhle,CDU/CSU,Stefan Rouenhoff,3/2/2018,147618,"m der FDP hier und heute gleich jedwede Hoffnung zu nehmen: (Dr. Gero Clemens Hocker [FDP]: Was?) Wir lassen uns ganz sicher nicht von Ihnen aufs Glatteis führen. Ihnen geht es mit der Vorlage des Entwurfs eines Vertragsgesetzes nicht darum, CETA zu ratifizieren und vollständig in Kraft zu setzen. (",2
377123,Kommen Sie zum Thema!,AfD,Ulrike Schielke-Ziesing,CDU/CSU,Carsten Körber,10/29/2020,170592,"ar. Ich wünsche niemandem, krank zu werden, natürlich auch dann nicht, wenn er die Krankheit, an der er erkrankt, für ein Ammenmärchen hält. Gleichwohl – das muss ich sagen – ist Ihr Verhalten verantwortungslos. Ein Test am Dienstag kann keine Aussage über eine mögliche Infektion am Sonntag geben. (",1
398745,Hört! Hört!,DIE LINKE,Matthias W. Birkwald,DIE LINKE,Bernd Riexinger,5/19/2022,183281,ten die Zulieferer. Ich wohne in einer Automobilregion. Namhafte Zulieferer haben ihre Produktionsstandorte bereits nach Osteuropa verlagert und Tausende von Arbeitsplätzen vernichtet. Ich habe übrigens noch nie einen Bundes- oder Landespolitiker der CDU bei den Kundgebungen der IG Metall gesehen. (,0
58778,Unglaub,SPD,Wolf-Michael Catenhusen,SPD,Edelgard Bulmahn,2/13/1998,38417,"nister, der sich in der Öffentlichkeit gerne als Zukunftsminister präsentiert  und gar behauptet, er leiste seinen Beitrag zur Stärkung der Hochschulen, wenn er gleichzei tig einen  Haushalt vorlegt, der bis zum Jahre 2001 eine Kürzung der Hochschulausgaben von 3,5 auf 3,2 Milliarden DM vorsieht?  (",0
23274,Eine ganz kleine  ohne Mikrophon!,SPD,Ottmar Schreiner,CDU/CSU,Hans-Joachim Fuchtel,9/9/1993,14117,"ch Ihnen sagen,  daß dort der Vorsitzende des medizinischen Dienstes — —  (Abg. Ottmar Schreiner [SPD] meldet sich zu  einer Zwischenfrage)  — Ich habe schon ein paar Zwischenfragen beantwortet. Den Rest ein anderes Mal! Er beißt sonst noch das  Mikrophon vom Platz aus ab; das will ich vermeiden.  (",0
30875,Bei welcher Aus,SPD,Klaus Kirschner,CDU/CSU,Dr. Paul Hoffacker,5/19/1994,19469,"ch bin ganz dankbar, Herr Dr. Thomae, natürlich;  denn davon kann ich jetzt ein wenig zehren —, die meine Behauptung ganz klar belegt haben, daß das,  was die Koalition macht, richtig ist,  (Widerspruch bei der SPD)  und daß das Schweigen und das Zurückhalten der  SPD natürlich völlig falsch ist.  (",0
409325,"Kannst du was zum Gesetz sagen, Pascal?",CDU/CSU,Max Straubinger,FDP,Pascal Kober,10/20/2022,186869," Max Straubinger. Darauf hinzuweisen, werde ich jetzt nicht verzichten. Was die Steuerbelastung der Unternehmen anbetrifft, liegen wir mit über 30 Prozent international an der Spitze. Erst Anfang der Woche haben die Normenkontrollräte auf Bundes- und Landesebene eine gemeinsame Erklärung verfasst. (",0
49696,"Dann sagen Sie mal,  welche!",SPD,Elke Ferner,CDU/CSU,Bartholomäus Kalb,11/28/1996,32634,"t und damit auch  für die Frage des Erhalts und der Schaffung von Arbeitsplätzen.  Ich weiß sehr wohl - ich spreche das sehr offen an -,  daß es noch mehr gute begründete und sinnvolle  Verkehrsprojekte gäbe, die jedoch mit dem nun zu  beschließenden Haushalt nicht alle finanziert werden  können.  (",0
94070,Das haben Sie in der Vergangenheit gemacht!  Wilhelm Schmidt [Salzgitter] [SPD]: Unsinn!  Dr. Peter  Ramsauer [CDU/CSU]: Leider wahr!,SPD,Klaus Brandner,CDU/CSU,Dr. Maria Böhmer,5/11/2001,52913,"Herr Präsident! Liebe Kolleginnen und Kollegen! Diese Reform der Alterssicherung nach der Methode Riester geht eindeutig zulasten der sozial Schwächeren, der Frauen und der Familien. (",0
243569,Die hat Pfeiffer alle erfolgreich verhindert!,SPD,Ulrich Kelber,GRÜNE,Ingrid Nestle,10/27/2011,109293,"en loben Sie Rot-Grün. Sie loben die Ökosteuer, die Energieeinsparverordnung und die KfW-Programme. Sie loben all die grünen Projekte, die bis heute positiv wirken. In dieser Regierungsperiode gibt es kein schwarzgelbes Projekt, das relevant ist. (Beifall beim GRÜNE sowie bei Abgeordneten der SPD – ",0
327034,"Das Gesetz sagt, an jedem Punkt müssen die Grenzwerte eingehalten werden!",SPD,Kirsten Lühmann,CDU/CSU,Carsten Müller,3/2/2018,147676,"rselben Stelle wie im Jahr 2006. Merkwürdigerweise werden immer die Messstationen umgestellt, die einen besonders starken Rückgang der Schadstoffe aufweisen – man nennt das auch erschlichene Signifikanzen –; aber selbst die 87 verbliebenen ortsfesten Messstationen zeigen den dramatischen Rückgang. (",0
154209,"Na, na!",SPD,Jörg Tauss,CDU/CSU,Katherina Reiche,4/14/2005,71431,"ehört. (Beifall bei Abgeordneten der CDU/CSU – Willi Brase [SPD]: Wollen wir auch nicht! Wir wollen BAföG!) Annette Schavan hat zu Recht darauf hingewiesen, dass Studienbeiträge und Studienfinanzierung zusammen gesehen werden müssen. Sie hat sogar betont, dass das BAföG noch erhalten bleiben muss. (",1
268536,Bitte!,CDU/CSU,Manfred Grund,CDU/CSU,Thomas Bareiß,2/28/2013,119551,"watt in den letzten Jahren waren – gelinde ausgedrückt – nicht immer ganz sinnvoll. Deshalb ist der Punkt, den Sie ansprechen, sehr wichtig. Da sieht man, dass vieles fehlgesteuert wurde, viel Geld in Bereichen ausgegeben wurde, bei denen verhältnismäßig wenig herauszuholen ist. – Herzlichen Dank. (",0
411097,Eijeijei! Jetzt holen wir die alten Kamellen raus!,GRÜNE,Stefan Schmidt,CDU/CSU,Sebastian Brehm,11/10/2022,187311,"affung der Sanktionen bei Hartz IV. (Maximilian Mordhorst [FDP]: Fake News!) Im Bereich der Energie verteuern Sie die Energie künstlich, (Dr. Wolfgang Strengmann-Kuhn [GRÜNE]: Hören Sie doch auf, diese Unwahrheiten zu erzählen!) weil Sie die Abschaltung der Kernkraftwerke viel zu früh durchführen. (",1
392301,"Warum dürfen wir das nicht für die Pandemiebekämpfung einsetzen, wenn es der Wirtschaft und dem Klima dient?",GRÜNE,Sven-Christian Kindler,CDU/CSU,Andreas Mattfeldt,1/27/2022,180242," ins Leben gerufen wurde. Der EKF ist 2010 angelegt worden, damit wir die CO2-Einsparung gemäß den Pariser Klimazielen erreichen. Wir dürfen hier Projekte fördern, mit denen ein wissenschaftlicher und innovativer Mehrwert für die Wirtschaft, für die Energiesicherheit und für die Umwelt einhergeht. (",0
295755,Oh!,SPD,Dagmar Ziegler,DIE LINKE,Jan Korte,6/12/2015,132726,"as ist insbesondere zwischen uns eine beliebte Debatte –: Wenn Sie von der SPD für die Vorratsdatenspeicherung sind, dann sind Sie für die Linke übrigens nicht regierungsfähig – um das auch mal klar zu sagen und es zurückzugeben.  (Beifall bei der LINKEN sowie des Abg. Dr. Anton Hofreiter [GRÜNE] – ",0
174824,"Was wollen  Sie denn, Frau Bender?",CDU/CSU,Hartmut Koschyk,GRÜNE,Birgitt Bender,2/2/2007,79584,"cht mehr. Also könnten Sie wirklich ein Konzept vorlegen.  (Annette Widmann-Mauz [CDU/CSU]: Ich  kann nur lachen!) Ein Konzept, das sich mit den Finanzen befasst, gibt es bisher nicht. Die einen sprechen von privater Kapitaldeckung mit Kopfpauschale – davon sprach gerade auch der Kollege Scharf –, (",0
423989,Zu welchem Preis? Das ist die Frage!,AfD,Dr. Malte Kaufmann,FDP,Dr. Lukas Köhler,3/30/2023,191422," zur Gasversorgung. Und schau da: Die Gasspeicher sind richtig, richtig voll. (Dr. Malte Kaufmann [AfD]: Aber zu welchem Preis?) Überraschung! Da hat die Ampel ganz fantastisch funktioniert. Da haben wir genau das getan, was Sie hier einfordern. (Beifall bei der FDP sowie bei Abgeordneten der SPD – ",0
248511,Sehr gut!  Genau so!,CDU/CSU,Klaus-Peter Flosbach,FDP,Dr. Erik Schweickert,1/19/2012,111135,etzt?) Das suggeriert mir Ihr Antrag – sie schreiben von einer „echten Alternative“ – an vielen Stellen zu sehr. Die Bezahlung – das sollte man der Fairness halber sagen – ist keine Gewähr für eine gute Beratung. Ich kann auch viel bezahlen und schlecht beraten werden. Das muss man so offen sagen. (,2
363684,Herr Maaßen? Um Gottes willen! Den wollen wir nicht haben!,SPD,Dr. Karamba Diaby,AfD,Martin Hebner,12/20/2019,163639,"ale Pakt für Flüchtlinge verabschiedet worden. Gerade erst diese Woche fand das Globale Flüchtlingsforum in Genf statt. Es ist ein von Deutschland – genauer gesagt: vom Auswärtigen Amt, von Herrn Maaßen – veranstaltetes Forum. (Ursula Groden-Kranich [CDU/CSU]: Herr Maaßen war es nicht! Herr Maas! – ",1
246915,So ist es!,FDP,Patrick Döring,CDU/CSU,Steffen Bilger,11/30/2011,110358,"heiter als der Hermann!) Weder hat das Sichten alter Ministeriumsakten durch seine zahlreichen neuen Mitarbeiter und die gezielte Weitergabe an Journalisten zur Aufbauschung vermeintlicher Skandale etwas bewirkt, noch hat es funktioniert, die Regionen Baden-Württembergs gegeneinander auszuspielen. (",2
296393,Aber Dokumentation reicht nicht!,DIE LINKE,Dr. Kirsten Tackmann,CDU/CSU,Franz-Josef Holzenkamp,6/19/2015,133015,Antibiotikaeinsatz jedes landwirtschaftlichen Betriebs zu ermitteln und automatisch Reduktionsmaßnahmen auf den Weg zu bringen.  (Dr. Kirsten Tackmann [DIE LINKE]: Aber das reicht nicht!)  Hier sind wir hervorragend aufgestellt. Darüber dürfen wir uns auch einmal freuen.  (Beifall bei der CDU/CSU – ,0
250235,Da sitzt er! Friedrich heißt er!,GRÜNE,Jürgen Trittin,CDU/CSU,Dr. Angela Merkel,2/27/2012,111889,"nterstützung wird in Tranchen und immer vorbehaltlich der Erfüllung der Auflagen zur Verfügung gestellt. Ich kenne die Stimmen derer, die fragen, ob Griechenland nicht ein Fass ohne Boden sei, ein hoffnungsloser Fall, ob es nicht für alle besser sei, wenn Griechenland wieder die Drachme einführte, (",0
28286,Die Frau  Babel hat da nicht zugehört!,SPD,von Larcher,SPD,Konrad Gilges,2/3/1994,17353,". Gisela Babel [FDP]: Das hat er über-haupt nicht gesagt! — Dr. Uwe Jens [SPD]:  Das ist die FDP insgesamt!)  — Das hat er nicht wortwörtlich gesagt, aber er hat das  so zum Ausdruck gebracht. Er hat es so zum Ausdruck  gebracht, Frau Babel!  (Dr. Gisela Babel [FDP]: Was Sie da verste hen! — Detlev ",0
400341,Deshalb Schuldenbremse!,DIE LINKE,<unknown>,GRÜNE,Dr. Paula Piechotta,6/3/2022,183798,"rteilung zwischen Bund und Ländern im Jahr 2022 noch im Lot? (Beifall beim GRÜNE und bei der FDP sowie bei Abgeordneten der SPD) Welche Antworten versuchen wir darauf als Ampel zu geben? Wir sagen: Nein, wir können nicht auf die Erholungsphase warten. Wir müssen jetzt Zukunftsinvestitionen starten: ",0
265193,Oh!,CDU/CSU,Ralph Brinkhaus,CDU/CSU,Klaus-Peter Flosbach,12/13/2012,118084," einzelner  Finanzmarkt ohne Aufsicht und ohne Regelung sein  soll, gelungen ist. Dieser Satz, liebe Kolleginnen und Kollegen, stammt  von Peer Steinbrück aus dem Jahr 2009. Es war seine  letzte Rede hier im Deutschen Bundestag als Finanzminister. Er hat behauptet, er habe bereits alles reguliert. (",0
49140,Das glau,CDU/CSU,Kurt J. Rossmanith,SPD,Karl Diller,11/26/1996,32352,"n.  Das erste Ziel einer neuen Politik muß deshalb  sein: Arbeitslosigkeit bekämpfen, Arbeit schaffen.  Das Programm der Regierung Kohl, das sich „Programm für mehr Wachstum und Beschäftigung""  nennt, ist in Wirklichkeit ein Programm zur Steigerung der Arbeitslosigkeit und der Staatsverschuldung.  (",0
45963,"Daß Ihnen  die Ergebnisse wehtun, kann ich verste hen!",CDU/CSU,Wolfgang Zöller,SPD,Ingrid Matthäus-Maier,6/14/1996,29886,"gen Leuten sagen  muß, daß man sie nicht braucht, weil man keine Arbeitsplätze für sie hat?  (Beifall bei der SPD sowie bei Abgeordne ten der PDS - Wolfgang Zöller [CDU/CSU]:  So ein Unfug kann nur von Ihnen kommen!)  Nebenbei: Die Landtagswahlen vom 24. März wurden hier mehrfach erwähnt, ebenso,  (",0
295975,Sehr gut!,CDU/CSU,Volker Kauder,CDU/CSU,Graf Lerchenfeld,6/18/2015,132841,"oßen Schritt: Alleinerziehende werden endlich stärker entlastet.Seit 2004 – es wurde schon gesagt – war dieser Freibetrag unverändert. Er wird jetzt um fast 50 Prozent erhöht und ergänzt dadurch, dass für jedes weitere Kind, das zum Haushalt gehört, 240 Euro zusätzliche Entlastung gewährt werden.  (",2
196376,Und jetzt neu organisiert!,FDP,Ulrike Flach,SPD,Klaus Hagemann,11/25/2008,90420,"haos erlebt, weil die Zentralstelle für die Vergabe von Studienplätzen nicht funktioniert. Da schaue ich gerne zu Ihnen, Frau Flach, erstens weil sie in Nordrhein- Westfalen, in Dortmund, ist und zweitens weil Herr Pinkwart es in erster Linie war, der diese Stelle kaputt- und schlechtgeredet hat.  (",0
289831,Ihnen ging es nie um den Steuerzahler!,CDU/CSU,Andreas Mattfeldt,DIE LINKE,Dr. Diether Dehm,1/15/2015,129840," Schulden, die in privater Hand waren, in der Hand von Banken und Großspekulanten; die wären damals betroffen gewesen. Heute sind 88 Prozent der griechischen Staatsschulden in traurigem Besitz der europäischen Steuerzahler. Allein für die deutschen Steuerzahler geht es um rund 75 Milliarden Euro.  (",0
435241,Haben Sie ein Problem?,GRÜNE,Britta Haßelmann,AfD,Gereon Bollmann,9/5/2023,195001,"n dort festgestellt hat, dass 70 bis 80 Prozent der Kinder, die Transgender-Empfindungen haben, diese im Laufe der Zeit wieder von selbst verlieren. Auch in deutschen Psychiatriezentren werden solche medizinischen Diagnosen bestätigt. (Emilia Fester [GRÜNE]: Wollen Sie noch zum Haushalt sprechen? – ",0
242882,Keines!,SPD,Caren Marks,FDP,Nicole Bracht-Bendt,10/20/2011,108962,"chkeit, schwer erkrankte Verwandte zu pflegen und dafür die Berufstätigkeit auf 50 Prozent zu reduzieren, während die finanziellen Einbußen moderat bleiben. Meine Damen und Herren, der Gesetzentwurf löst nicht alle durch die demografische Entwicklung bestehenden Herausforderungen auf einen Schlag. (",0
221772,"Frau Fischbach, das ist doch billig!",SPD,Iris Gleicke,CDU/CSU,Ingrid Fischbach,9/16/2010,100777,"Sie sind da drin? Ich habe Sie da noch nie gesehen. (Dorothee Bär [CDU/CSU]: Er war noch nie da! – Diana Golze [DIE LINKE]: Er ist im Haushaltsausschuss!) Wahrscheinlich handelt es sich um eine Halluzination. Sie haben vorhin beklagt, dass die Ministerin zu den und den Punkten nichts gesagt hätte. (",1
281136,Das stimmt doch gar nicht!,CDU/CSU,Volker Kauder,DIE LINKE,Halina Wawzyniak,5/7/2014,125720,"enntnis nehmen, dass es einen Vergleich mit der Treuhandanstalt gegeben hat, nach dem wir finanziell bei null angefangen haben?  (Lachen bei der CDU/CSU – Tankred Schipanski [CDU/CSU]: Das ist ja lächerlich!)  – Ich weiß, dass Sie das nicht hören wollen. Sie haben das Geld der CDU Ost eingesackt.  (",1
428891,Knallharte Frage!,CDU/CSU,Dr. Hendrik Hoppenstedt,SPD,Dr. Kristian Klinck,5/24/2023,192985,"ie haben gemeinsam mit Herrn Staatssekretär Zimmer eine neue Weisung zur Straffung der Beschaffungsprozesse in Kraft gesetzt. Erläutern Sie, warum Sie zuversichtlich sind, dass dadurch die Probleme gelöst und die Prozesse zur Beschaffung von dringend benötigtem Material beschleunigt werden können! (",0
318958,"Wo er recht hat, hat er recht!",DIE LINKE,Matthias W. Birkwald,CDU/CSU,Tobias Zech,3/24/2017,143551,den Weg gebracht. (Sabine Weiss [Wesel I] [CDU/CSU]: So ist es!) Das ist die Wahrheit. Ihr habt die sachgrundlose Befristung eingeführt. (Beifall bei der CDU/CSU sowie bei Abgeordneten der LINKEN) Immer kurz vor den Wahlen wollt ihr sie wieder abschaffen. Nach den Wahlen wird das wieder vergessen. (,2
374583,Alle Demokraten!,GRÜNE,Lisa Badum,AfD,Martin Hohmann,9/29/2020,169530,"ht? Über Jahrzehnte hatten wir ein zuverlässiges System der Grundlastversorgung. (Timon Gremmels [SPD]: Süße alte Märchen!) Atomkraftwerke und Kohlekraftwerke stellten diese sicher. In einem großen Konsens von Rot-Rot über Grün, Schwarz, Rot und Gelb (Timon Gremmels [SPD]: Also alle Vernünftigen! – ",0
443689,Das war eigentlich eine ganz einfache Frage!,GRÜNE,Beate Müller-Gemmeke,CDU/CSU,Stephan Stracke,11/9/2023,197804,"er Krisenrücklage immer schlechter. Das ist Ihre Politik, Herr Rosemann. (Beate Müller-Gemmeke [GRÜNE]: Die Fragen sind nicht beantwortet!) Das ist die Politik von Linksliberal. (Beifall bei der CDU/CSU) Wir legen hier den Finger in die Wunde, weil Sie in diesem Bereich tatsächlich falsch handeln. (",0
210198,Die bereiten die  Fusion mit der Linken vor!,FDP,<unknown>,CDU/CSU,Peter Aumer,1/28/2010,96784,"  die Frage auf: Gehört die Bayern-SPD mittlerweile zur  Klientel der CSU? Meines Erachtens sollte sich die SPD  in Bayern vergegenwärtigen, dass sie, nur weil wir das  getan haben, was die SPD gefordert hat, noch nicht zur  Klientel der CSU gehört.(Beifall bei Abgeordneten der CDU/CSU und  der FDP ",0
283523,Das stimmt aber nicht! Das sieht der Rechnungshof ganz anders!,GRÜNE,Sven-Christian Kindler,CDU/CSU,Alexander Dobrindt,6/27/2014,126778,"vestitionshochlaufs ist die Ausweitung der ÖPP-Projekte. Ich weiß, dass wir – das ist übrigens nicht neu – seit vielen Jahren immer wieder darüber diskutieren: Kann man sie optimieren, kann man sie verbessern? Führen wir in jedem Einzelfall den Nachweis der Wirtschaftlichkeit? Ja, wir führen ihn,  (",0
442463,Das ist den Grünen egal!,AfD,Dr. Götz Frömming,AfD,Dr. Rainer Kraft,10/20/2023,197430,"de, Vizeminister für Ressourcen und Energie der Republik Mosambik, gut zusammen: dass nämlich eine Nation, in der nur jeder zweite überhaupt einen Stromanschluss hat, keine Energie für den Export übrig haben kann, solange nicht jeder im Land Zugang zu preiswerter Energie hat. (Beifall bei der AfD – ",0
46954,"Das muß man  natürlich wissen, bevor man falsche  Behauptungen aufstellt!",CDU/CSU,Geit Willner,CDU/CSU,Matthias Wissmann,9/10/1996,30755,"Task force für die  Kontrolle an den Rampen inzwischen erfolgt ist und  daß kein Zweifel daran bestehen kann - da die ersten Leute bereits eingestellt sind -, daß bis zum  Ende des Jahres alle diese Mitarbeiter so, wie auch  von „Cockpit"", der Pilotenvereinigung, gefordert, zur  Verfügung stehen?  (",0
288556,"Na, erst mal ist da ja der Schäuble/Scholz",GRÜNE,Kerstin Andreae,DIE LINKE,Dr. Axel Troost,12/3/2014,129255,Vorstellungen gibt: Entweder will man den Soli ganz abschaffen als Ausgleich für die kalte Progression oder die Zweckbindung anders definieren oder ihn – das ist in der Tat der Vorschlag der Ministerpräsidentinnen und Ministerpräsidenten der rot-grünen Länder – in die Einkommensteuer integrieren.  (,0
88144,Das ist doch illusorisch! Da machen doch nicht alle mit!,SPD,Rudolf Bindig,FDP,Sabine Leutheusser-Schnarrenberger,12/7/2000,50704,"r im Menschenrechtsausschuss durchgeführt haben, hätte ich mir angesichts der breiten Übereinstimmung unter den Ausschussmitgliedern gewünscht – das sage ich ganz ehrlich –, dass wir uns dort mit der Einbringung eines gemeinsamen Antrags „Flüchtlingsschutz als Menschenrechtsschutz“ befasst hätten. (",0
106481,Unerhört! ,SPD,<unknown>,SPD,Thomas Sauer,2/28/2002,56512," Krankenkassenbeiträge in den neuen Bundesländern, wie Sie sie durch den Antrag beim Bundesverfassungsgericht herbeiklagen wollen, wären eine unerträgliche zusätzliche Belastung für die ostdeutsche Ökonomie insgesamt. (Beifall bei der SPD) Wer den Risikostrukturausgleich aushebeln will, wie Bayern, ",1
297252,Auf den Inhalt kommt es an!,GRÜNE,Elisabeth Scharfenberg,CDU/CSU,Helmut Heiderich,9/8/2015,133544,", dass wichtige Vorhaben auf den Sankt-Nimmerleins-Tag verschoben werden, wie die Einführung des neuen Pflegebegriffs, eine Krankenhausreform oder das Präventionsgesetz. Ich glaube, die Entwicklung zeigt, wie weltfern die Grünen mit ihren Behauptungen sind. Denn das Präventionsgesetz ist in Kraft. (",0
315222,Er ist im Übrigen durch die Grünen mit eingeführt worden!,SPD,Sönke Rix,GRÜNE,Dr. Wolfgang Strengmann-Kuhn,12/15/2016,141835,"eld kosten, aber das Geld würde nicht unbedingt bei den Kindern, die es am nötigsten brauchen, ankommen. Das ist nicht der Weg, den wir Grüne gehen wollen. Der Kinderzuschlag gehört grundlegend reformiert. Eigentlich gehört er in der Form, in der er jetzt besteht, abgeschafft. (Beifall beim GRÜNE – ",0
260139,Genau!,CDU/CSU,<unknown>,CDU/CSU,Norbert Barthle,10/18/2012,116008,"haft, für wettbewerbsfähige Staaten. Daran darf man  nicht rütteln. Deshalb appelliere ich vor allem an die Opposition, von eventuellen Überlegungen, einen Anti- Banken-Wahlkampf zu führen, Abstand zu nehmen. Wer  das macht, schadet nicht nur der Wirtschaft, sondern  auch dem europäischen Gedanken. ",2
203168,Da haben Sie sich aber ein bisschen vertan!,SPD,Christoph Strässer,FDP,Burkhardt Müller-Sönksen,5/7/2009,93684,", mindestens doch die wesentliche Aufgabe der Strafe ist, zu resozialisieren, den Menschen zu bessern. Wir Liberale werden die künftigen europäischen Initiativen weiterhin aktiv begleiten und ab September hoffentlich auch aktiv gestalten.  Vielen Dank für Ihre Aufmerksamkeit. (Beifall bei der FDP – ",0
72890,Dazu hat Polenz nichts gesagt!,GRÜNE,Christian Sterzing,GRÜNE,Angelika Beer,10/29/1999,44982,ferungen von außen aufgeheizt werden. Das ist unser Verständnis von präventiver Außen- und Sicherheitspolitik. Dafür wollen wir gern Garant sein. Hier können Sie zwischen Rot und Grün kein Blatt und auch keinen Leo schieben. Das ist die politische Grundaussage. (Beifall beim GRÜNE und bei der SPD – ,0
257673,Das ist eine gute  Frage!,GRÜNE,Friedrich Ostendorff,SPD,Heinz Paula,6/29/2012,115099,"rüber im Ausschuss bisher.  Ich greife nur einen einzigen Punkt heraus – Zitat –: Die Praxis des Schwänzekupierens bei Ferkeln wird  aus Tierschutzsicht zu Recht kritisiert. Was tun Sie denn, um an dieser Stelle gegenzusteuern? (Beifall bei der SPD sowie bei Abgeordneten  der LINKEN und des GRÜNE – ",0
27123,"Na, na, na!",CDU/CSU,<unknown>,SPD,Marion Caspers-Merk,12/9/1993,16568,"ansätze in  der Umweltpolitik besonders schwer, denn sie treffen  auf eine gewaltige Front der Ablehnung, weil viele in  der Krise die Chance sehen — das bemerke ich vor  allen Dingen bei den konservativen Kollegen in der  Enquete-Kommission —, einen ökologischen Rollback mit Erfolg durchzusetzen.  ",1
210759,Sie glauben es nicht  selbst!,FDP,Ulrike Flach,SPD,Steffen-Claudio Lemme,1/29/2010,96906,"zit abzuwenden. (Ulrike Flach [FDP]: Bei Ihnen sind es elf  Jahre!) – Bei mir nicht. In der Konsequenz führen dieses wochenlange Stillhalten und Ignorieren der Realitäten des Bundesministers nun zu Zusatzbeiträgen. Ich behaupte schlicht, Herr  Dr. Rösler fährt hier eine Art Tabula-rasa-Strategie.  (",0
458684,Aber nicht die  Landwirtschaft abschaffen!,CDU/CSU,Dieter Stier,SPD,Dr. Franziska Kersten,4/11/2024,202144,"limabilanz. Warum? Ein Hektar Grünland, der umgebrochen  wird, würde 6 Tonnen CO2-Emissionen verursachen. (Artur Auernhammer [CDU/CSU]: Irgendeiner muss fressen!) Beispiel Nummer drei. Boden ist eigentlich das wichtigste Gut unserer Landwirte. Wir müssen Bodenleben  fördern und Erosion verhindern. (",0
195828,Ohne Parlament und nach  den Bundestagswahlen will er das machen!,FDP,Dirk Niebel,SPD,Andrea Nahles,11/12/2008,90087,"r Arbeitslosenversicherung per Gesetz auf 3,0 Prozent zu reduzieren und ihn dann weiter auf 2,8 Prozent zu senken. Für den Fall aber, dass sich die Lage dramatisch entwickelt, hat der Arbeitsminister die Möglichkeit – dies wurde eben schon von Klaus Brandner ausgeführt –, per einfacher Verordnung  (",0
309136,Dann machen Sie das doch einfach!,GRÜNE,Beate Müller-Gemmeke,SPD,Katja Mast,6/24/2016,139192,"okraten das Ziel, Menschen in Arbeit zu bringen. Aus unserer Sicht kann sie gestrichen werden. (Brigitte Pothmer [GRÜNE]: Dann stimmen Sie heute dagegen!) Die eigentliche Botschaft dieser Absenkung des Mindestlohns ist nämlich: Arbeit lohnt sich für dich nicht. – Das ist nicht die Haltung der SPD. (",0
409887,Wir machen das noch!,SPD,Bernd Rützel,AfD,Ulrike Schielke-Ziesing,10/20/2022,186984,"e zeitnahe Lösung. In der Debatte verstieg sich der Kollege Diaby von der SPD sogar zu dem Satz: „Das Problem können wir endgültig nur lösen, wenn die Sozialdemokratie das Sagen hat“. (Dr. Karamba Diaby [SPD]: Jawohl!) Das war im Mai 2021. Nun stelle ich fest: Es ist so weit. Und was ist passiert? (",0
354640,So wirkt keine Mengensteuerung!,FDP,Christian Lindner,CDU/CSU,Ralph Brinkhaus,9/26/2019,160324,"e Möglichkeit ist: Wir machen ein abgestimmtes, integriertes, smartes Konzept, (Dr. Alice Weidel [AfD]: Ein smartes Konzept, das genau das Gleiche beinhaltet!) das auf Mengensteuerung, auf Anreize, auf Markt setzt und da, wo es nötig ist, auf Ordnungsrecht. Ich halte das zweite Konzept für besser. (",0
304788,Wie bitte? Wir haben doch überhaupt keine Subsidiaritätsrüge gemacht!,SPD,Manfred Zöllmer,GRÜNE,Lisa Paus,2/25/2016,136948,"arunter Herr Juncker, Christdemokrat, und Martin Schulz, deutscher Sozialdemokrat, sagen: Wir brauchen jetzt ein europäisches Einlagensicherungssystem. – Aber was machen Sie? Mit dem Versuch einer Subsidiaritätsrüge haben Sie beim Thema Einlagensicherung schon einmal unser Land in Europa blamiert. (",1
215036,Unfassbar!,FDP,<unknown>,CDU/CSU,Klaus-Peter Flosbach,3/25/2010,98156,"iert. Wir können also auch in Deutschland Mikrofinanzfonds auflegen, Fonds für Kleinkredite zur Bekämpfung weltweiter Armut. Ein Hinweis: Herr Dr. Schick und die Grünen haben das abgelehnt, als wir das vor drei Jahren hier vorgeschlagen haben. (Leo Dautzenberg [CDU/CSU]: Das ist die ethische Norm! –",1
275708,Erklären Sie  das Ihren Parteifreunden aus Baden,CDU/CSU,Norbert Barthle,GRÜNE,Kerstin Andreae,6/27/2013,122885,"en wolen! Die  Neuverschuldung zu begrenzen, ist das eine. Die Schulden zu tilgen, ist das andere. (Oto Fricke [FDP]: Das ist der Haushalt 2014!  Das steht doch dort drin!) Aber Sie haben keinen konkreten Vorschlag auf den  Tisch gelegt, aus dem hervorgeht, wie Sie die Schuldenberge abbauen wolen. (",0
245928,Was?,DIE LINKE,<unknown>,CDU/CSU,Gerda Hasselfeldt,11/23/2011,110026,"estliche Industriestaaten. Wir haben dies den Menschen in unserem Land zu verdanken: den Unternehmern, den Arbeitnehmern und denen, die in den Tarifverhandlungen verantwortungsvoll entschieden haben. Sie werden von einer Regierung regiert, die ihnen Freiheit und auch die Früchte ihrer Arbeit lässt. ",0
412251,"Da kommt noch mehr, keine Angst!",SPD,Michael Thews,DIE LINKE,Mohamed Ali,11/22/2022,187665,"nen müssen kurz, allgemein verständlich und leicht zugänglich sein. (Beifall bei der LINKEN) Aber das Gegenteil ist leider die Regel. Die Ampel glaubt ernsthaft, diesem wachsenden Problem mit gerade mal 100 000 Euro mehr für Verbraucherforschung Einhalt gebieten zu können. Wie soll das denn gehen? (",0
437053,"Sie hängen so in der Vergangenheit fest, Herr Heilmann!",GRÜNE,Lisa Badum,CDU/CSU,Thomas Heilmann,9/8/2023,195381,"ung fragen. Was ist das denn für eine Verwirrung? (Beifall bei der CDU/CSU – Zurufe der Abg. Lisa Badum [GRÜNE] und Christian Dürr [FDP]) Dann möchte ich mal deutlich das alte, von der Großen Koalition beschlossene Gebäudeenergiegesetz verteidigen. Wie möchte ich das verteidigen? Mit dem Ergebnis. (",0
157007,Deshalb nehmen Sie auch Zahnersatz heraus!,GRÜNE,Markus Kurth,CDU/CSU,Wolfgang Zöller,6/2/2005,72206,"tz [SPD]: Wir mussten das Urteil des Bundesverfassungsgerichts umsetzen!) Arm zu sein bedeutet in Deutschland aber nicht nur, weniger Geld zu haben. Es heißt auch, in einem schlechteren Gesundheitszustand zu sein und eine geringere Lebenserwartung zu haben als Personen mit einem höheren Einkommen. (",0
251325,Eben nicht!,SPD,Sönke Rix,SPD,Sonja Steffen,3/8/2012,112385," geben wird. Gleichzeitig hoffe ich, dass es für die handelnden Polizeibeamten hingegen Nachwirkungen geben wird, dass dort ermittelt und der Sachverhalt aufgeklärt wird. Aber ich frage: Darf und muss die Zivilcourage so weit gehen, dass uns Bundestagsabgeordneten ein Sonderstatus eingeräumt wird? (",1
46949,So ein Blödsinn!,SPD,<unknown>,FDP,Horst Friedrich,9/10/1996,30753,"ier  beklagt, daß die Ansätze für die Schiene gekürzt  worden sind. Wir haben jetzt ein Volumen, das tatsächlich verbaut werden kann. Es nützt kein Ansatz  von 10 Milliarden DM, wenn nur 7 Milliarden DM  umgesetzt werden können. Das ist ein Nullum, weil  es der Finanzminister dann wieder kassiert.  ",1
33901,Völlig zu  Recht!,CDU/CSU,Dr. Heiner Geißler,CDU/CSU,Maria Eichhorn,12/15/1994,21376,"zeiterwerbstätigkeit, während dagegen eine  Pflicht zur und ein Recht auf Familienarbeit nur für die  Frauen zu bestehen scheint. Aber auch viele Frauen  wollen ihren erlernten Beruf kontinuierlich ausüben.  Sie definieren den Beruf genauso wie die Männer als  wichtigen Teil ihrer Persönlichkeit.  (",2
235231,Wie beim Mindestlohn! Da gehen auch keine Arbeitsplätze verloren!,DIE LINKE,Matthias W. Birkwald,CDU/CSU,Gitta Connemann,4/14/2011,105780,"liert darauf eingegangen. Es kommt aber auch nicht auf die Zahl an. Es kommt darauf an, dass Sie suggerieren, es gäbe dadurch Billigkonkurrenz. Ohne Not; denn die Erfahrungen aus anderen Ländern, die ihre Arbeitsmärkte früher geöffnet haben, zeigen, dass diese Befürchtungen nicht eingetreten sind. (",0
353802,An Dummheit auch!,CDU/CSU,Dr. Georg Nüßlein,AfD,Marc Bernhard,9/10/2019,159912,"ustrieanlagen zerhackt. Vor diesem Hintergrund ist das Zitat Ihrer Fraktionsvorsitzenden Göring-Eckardt – „Wir wollen, dass … jede Biene und jeder Schmetterling und jeder Vogel in diesem Land weiß: Wir werden uns weiter für sie einsetzen“ – an Verlogenheit kaum zu überbieten. (Beifall bei der AfD – ",1
415693,Sie korrigieren sich doch permanent selbst! Das sagt alles über das Gesetz!,CDU/CSU,Thorsten Frei,FDP,Michael Kruse,12/15/2022,188714," dem Parlament seit vielen Wochen vorliegen, Sie die Gelegenheit hatten, sich ausgiebig mit dem Inhalt dieser Gesetze zu beschäftigen, (Thorsten Frei [CDU/CSU]: Aber nein! Das ist jetzt eine schwache Ausrede!) und wir als Koalition dann noch viele Verbesserungen an diesem Gesetz vorgenommen haben. (",0
189205,Wollen Sie sie wieder zurücknehmen? Wie wollen Sie die Renten bezahlen?,GRÜNE,Bärbel Höhn,CDU/CSU,Franz Obermeier,4/10/2008,86818,terbinden. Dann haben wir bei der Strompreisgestaltung als dritten großen Block den staatlich induzierten Teil. Fangen wir einmal mit der Ökosteuer an. Die Ökosteuer macht beim Endverbraucher immerhin 5 bis 6 Cent pro Kilowattstunde Strom aus. Wer hat denn die Ökosteuer eingeführt? Das waren Sie.  (,0
267782,"Ja, weil es ein guter  ist!",FDP,Gabriele Molitor,DIE LINKE,Dr. Ilja Seifert,2/21/2013,119207,"ie Hälfte. Vom gesetzlichen Gründungsanspruch der Fachdienste ist die  heutige Situation jedenfalls weiter entfernt denn je – so  heißt es im Jahresbericht der Integrationsfachdienste. Nun – das verwundert mich wirklich – stimmen die  Kollegen der Oppositionsfraktionen dem Antrag der Koalition zu, (",2
360437,So ein Schwachsinn!,AfD,Dr. Alexander Gauland,SPD,Achim Post,11/27/2019,162571,des Abendlandes. (Dr. Alexander Gauland [AfD]: Ich kann Sie ja nicht immer belehren!) Zum Glück ist auf Frau Weidel Verlass; sie hat sich vorgearbeitet vom Marktradikalismus zum Rechtsradikalismus und ist damit bei ihrem Markenkern angelangt. (Beifall bei der SPD sowie bei Abgeordneten der LINKEN – ,1
326330,Das wird Ihnen alles nichts helfen!,GRÜNE,Dr. Anton Hofreiter,AfD,Dr. Marc Jongen,2/23/2018,147306,"en, aber nie ein Rassismus gegen Deutsche. (Beifall bei der AfD – Matthias W. Birkwald [DIE LINKE]: Heul doch!) Solange Sie einen solchen faulen, weil halbierten Rassismusbegriff kultivieren, kommen Sie nicht einmal in die Nähe des Verständnisses dessen, was in diesem Land wirklich im Argen liegt. (",0
251329,Hatten Sie einen  Abgeordnetenausweis dabei oder nicht?,CDU/CSU,Ruprecht Polenz,DIE LINKE,Ingrid Remmers,3/8/2012,112387,"unkt innerhalb von einer Minute hätte nachweisen können. Darüber hinaus möchte ich feststellen, dass während des gesamten Samstags an keiner Stelle meine Identität infrage gestellt wurde. Meine Identität ist erst im Nachhinein infrage gestellt worden, als klar war, was man sich hier geleistet hat. (",0
87435,Gut!,SPD,<unknown>,CDU/CSU,Heinrich-Wilhelm Ronsöhr,11/30/2000,50514,r Beschluss hätte kein Vertrauen in den 13430 Verbraucherschutz in Deutschland geschaffen und hätte auch nicht das Vertrauen der Rinder haltenden Landwirte und Rindfleisch produzierenden Betriebe in unsere Politik gestärkt. Wir haben uns auf diese Vorgehensweise in konstruktiver Weise eingelassen.  ,2
60415,Den Arzt fragen!,SPD,Walter Kolbow,CDU/CSU,Paul Breuer,4/24/1998,39268," vornimmt und zu dem Ergebnis kommt, daß  der Gesundheitszustand insgesamt intakt ist oder  daß er insgesamt besorgniserregend ist: Wie bewerten Sie es, daß die unterschiedliche Begrifflichkeit,  die hier verwandt wird, zu völlig anderen Ergebnissen und zu einer völlig anderen Wahrnehmung  führt?  (",0
32059,Alles erreicht!,SPD,Dietmar Schütz,CDU/CSU,Dr. Klaus W. Lippold,6/23/1994,20335,"r  Klimaschutzproblematik, der Zerstörung der Ozonschicht, der Frage nicht nur der tropischen Regenwälder, denen wir in der Vergangenheit viel Aufmerksamkeit geschenkt haben, sondern auch der Wälder  der nördlichen Hemisphäre.  Wir haben auch in der CO2-Diskussion, was den  Klimaschutz angeht — —  (",2
133343,Das ist ein Widerspruch in sich!,SPD,Jörg Tauss,CDU/CSU,Vera Lengsfeld,12/12/2003,64413,"ber sicher fühle ich mich diesem Beschluss verpflichtet. Deshalb habe ich ja auch diese Gesamtkonzeption angemahnt und gemeint, dass es gerade nicht im Sinne dieses Beschlusses ist, wenn jetzt, ohne über eine Gesamtkonzeption debattiert zu haben, die Errichtung einzelner Denkmale beschlossen wird. (",0
116100,Sagen Sie die Wahrheit!,CDU/CSU,Volker Kauder,SPD,Hans Eichel,12/3/2002,59304,"ll bei der SPD sowie bei Abgeordneten des GRÜNE – Volker Kauder [CDU/CSU]: Sie haben allen Grund, von Falschmünzerei zu reden!) Bundesminister Hans Eichel Auch wenn die Ausgangslage schwieriger geworden ist, bleibt es dabei: 2006 wird es einen ausgeglichenen gesamtstaatlichen Bundeshaushalt geben. (",0
62599,Leider!,SPD,rid Matthäus-Maier,SPD,Karl Diller,9/2/1998,40420,"ilschen darum, ob im August knapp über oder knapp  unter 4 Millionen Menschen arbeitslos waren. Was  zählt, ist, daß durch Ihr Versagen in diesem Jahr  4,3 Millionen Mitbürgerinnen und Mitbürger ohne  Arbeit und über 3 Millionen Menschen Sozialhilfeempfänger sein werden.  (Beifall bei der SPD - Ing ",0
319782,Beste Außenpolitik!,DIE LINKE,Jörn Wunderlich,CDU/CSU,Katrin Albsteiger,3/31/2017,143913,"von jungen Menschen, von Jugendlichen in Europa anderes als das tatsächliche Zusammenwachsen Europas, (Jörn Wunderlich [DIE LINKE]: Beste Friedenspolitik!) in dem Grenzen sowie sprachliche und kulturelle Unterschiede überwunden werden und in dem Nachbarn von Fremden tatsächlich zu Freunden werden? (",2
400771,CO2,AfD,Kay Gottschalk,SPD,Andreas Mehltretter,6/23/2022,184095,"n wir in einem rasanten Tempo Anlandemöglichkeiten für Flüssiggas und füllen unsere Speicher. Meine Damen und Herren, wenn wir über zu hohe Preise reden, müssen wir auch darüber reden, wo im Moment die Preise hochgetrieben werden, um möglichst großen Profit aus der aktuellen Situation zu schlagen. (",0
265579,"Sie bekommen weniger, verdienen tun sie das Gleiche!",DIE LINKE,Matthias W. Birkwald,GRÜNE,Dr. Wolfgang Strengmann-Kuhn,12/14/2012,118323,"(Beifall beim GRÜNE,  bei der SPD und der LINKEN) Wenn man etwas gegen Altersarmut machen will,  dann muss man in erster Linie bei den Ursachen ansetzen. Es gibt drei wichtige Ursachen, warum Frauen in  der Altersarmut landen. Die erste Ursache ist: Frauen verdienen immer noch  weniger als Männer. (",0
45887,Ist das Ihre ehrliche  Überzeugung?,SPD,Dr. Peter Struck,FDP,Dr. Klaus Kinkel,6/14/1996,29859," der gemeinsamen Erklärung  finden, mit der wir über den Nachbarschaftsvertrag  von 1992 hinaus die Schatten der Vergangenheit verscheuchen und Versöhnung erreichen wollen.  Ich finde jedenfalls, daß die Äußerungen des Kollegen Waigel in diesem Zusammenhang keinerlei Anlaß zu Aufgeregtheit geben.  (",0
296290,"Warum wohl? Da war doch was, Frau Steinbach! Können Sie sich erinnern?",GRÜNE,Dr. Frithjof Schmidt,CDU/CSU,Erika Steinbach,6/18/2015,132932,"und Kollegen, wir haben einen so guten Gesetzentwurf gemacht, dass die Fraktion der Grünen und die Fraktion der Linken gemeinschaftlich einen eigenen Gesetzentwurf gemacht haben, der Wort für Wort, Satz für Satz, Komma für Komma, Punkt für Punkt von unserem Gesetzentwurf abgeschrieben worden ist.  (",0
14310,Die erheb,CDU/CSU,Siegfried Hornung,CDU/CSU,von Hammerstein,10/14/1992,8331,"ventionen der EG — auch  das ist dort gesagt worden — sind auf das unbedingt  notwendige Maß zurückzuführen. Diese letzte Maßnahme, liebe SPD-Fraktion, akzeptiere ich voll und  ganz, allerdings nur dann, wenn die Amerikaner  bereit sind, die Subventionen in der Landwirtschaft  Amerikas abzubauen,  (",0
108859,Doch!,CDU/CSU,Friedrich Merz,CDU/CSU,Dr. Norbert Röttgen,4/19/2002,57270,"ss die Wahrheit ans Licht kommt, steht politisch, moralisch und rechtlich auf der gleichen Stufe und ist in gleicher Weise verwerflich. Das müssen Sie sich vor Augen halten. (Lothar Mark [SPD]: Ihre 20 bis 100 Millionen sind immer noch im Dunkeln!) – Ich weiß gar nicht, warum Sie sich so aufregen; (",0
458817,Jetzt fangen Sie wieder mit der 16,GRÜNE,Lamya Kaddor,AfD,Dr. Götz Frömming,4/12/2024,202191,"en nichts. (Lamya Kaddor [GRÜNE]: So ein Blödsinn!) Und natürlich kommt auch nicht die Polizei in die Schule,  um diese Schüler abzuführen. Die kommt nur, wenn eine  Schülerin ohne Migrationshintergrund Sympathien zur  AfD erkennen lässt. (Beifall bei der AfD – Zuruf der Abg. Lisa  Badum [GRÜNE] –  ",0
1486,Voriges Jahr  schon!,CDU/CSU,Klaus Rose,SPD,Ingrid Matthäus-Maier,6/5/1991,1150,"en geweckt und genährt hat. Diesen Kardinalfehler hat die Grundwertekommission der SPD vor  zwei Wochen recht überzeugend so beschrieben:  (Lachen bei der CDU/CSU) Wir Sozialdemokraten tadeln die Bundesregierung nicht für das Tempo der deutschen Einigung,  (Volker Rühe [CDU/CSU]: Nicht mehr! — Dr.  ",0
11349,"Doch, z. B. gegenüber  Chile!",SPD,Dr. Uwe Holtz,DIE LINKE,Dr. Gregor Gysi,6/3/1992,6705,"en Demokratisierungsprozeß. Im Gegenteil,  sie versetzen ein Land in eine Art permanenten  Ausnahmezustand.  Wirklich grobe Menschenrechtsverletzungen z. B.  in sehr reaktionären lateinamerikanischen Regimen  haben noch nie zu Blockadeentscheidungen der USA  oder auch der Bundesregierung geführt.  (",0
35684," Aber diese 7,5 Milliarden können es ruhig  sein?",SPD,<unknown>,FDP,Dr. Rainer Ortleb,3/16/1995,22865,"Es ist mir nicht entgangen. Die Luft, großzügige Programme, wie Sie sie fordern, außerhalb der Möglichkeiten der Wirtschaft zu  schaffen, ist allerdings weiß Gott nicht drin.  (Beifall bei der FDP -",0
130823,Herr Merz ist ein Abschreiber!,SPD,Peter Dreßen,FDP,Dr. Günter Rexrodt,11/25/2003,63882,"rdings wird sie auch von der CDU, von Herrn Merz, vorgestellt. (Beifall bei Abgeordneten der CDU/CSU – Dietrich Austermann [CDU/CSU]: Eine bessere!) Im Übrigen ist in der Politik – anders als in der Schule – das Abschreiben erlaubt. Deshalb sind wir froh und machen weiter so. (Beifall bei der FDP – ",0
263327,Das stimmt nicht  ganz!,SPD,Klaus Hagemann,FDP,Dr. Martin Neumann,11/22/2012,117399,"sere Koalition kann ich sagen: Wir stecken uns nicht nur Ziele, sondern wir setzen diese Ziele  auch tatsächlich um. (René Röspel [SPD]: Das ist die Lissabon- Strategie!) Im Moment liegen der Anteil für Bildung bei 7 Prozent und der Anteil für Forschung bei 2,8 Prozent des  Bruttoinlandsproduktes. (",0
2253,"Ach, das, was Herr Wei ser gesagt hat?",SPD,Horst Sielaff,FDP,Günther Bredehorn,6/12/1991,1498,Das war unqualifiziert.  Das habe ich doch gerade gesagt.  (,0
72184,Wir bringen die Gesetzentwürfe! Der Bundesrat bringt die Gesetzentwürfe! Wer macht denn das alles?,CDU/CSU,Norbert Geis,SPD,Dr. Herta Däubler-Gmelin,10/7/1999,44692,"ssion amüsierte mich eines ganz besonders, nämlich daß ausgerechnet eine Opposition, die 16 Jahre lang an der Regierung war, ihre Rolle als Opposition nach noch nicht einmal 12 Monaten schon so gut gelernt hat, daß sie der Regierung bereits Untätigkeit vorwirft. (Beifall bei der SPD und dem GRÜNE – ",0
275865,Ja!,GRÜNE,Beate Müler-Gemmeke,FDP,Hans-Michael Goldmann,6/27/2013,122915,"er habe ich Fleischer unterrichtet. Diese Fleischer  haben sehr schnel Arbeit gefunden und wurden gut bezahlt. (Beate Müler-Gemmeke [GRÜNE]: Ist das heute auch noch so?)– Hören Sie einmal zu. Ich weiß nicht, ob Sie auch schon  einmal in einem Schlachthof waren bzw. Beziehungen  dazu haben wie ich. (",2
383313,Wer hat es in Hamburg gemacht?,SPD,Gabriele Katzmarek,CDU/CSU,Thorsten Frei,2/24/2021,174225,"n die Länder diese Möglichkeiten und diese Zeit genutzt? In den letzten zwölf Jahren sind in Hamburg immerhin 28 500 Sozialwohnungen gebaut worden, in Berlin im gleichen Zeitraum 12 900; das ist im Hinblick auf die Größe der Städte nicht einmal ein Drittel dessen, was in Hamburg gebaut worden ist. (",0
455182,Selbst Ihre eigene Fraktion schmeißt sich weg!,AfD,Dr. Götz Frömming,SPD,Helge Lindh,2/23/2024,201007,"stimmung. (Dr. Götz Frömming [AfD]: Zu welchem Thema reden Sie?) Wenn ich sie dann zurechtweise, dann kontert sie und sagt: Meinungsfreiheit! Und ich schreie zurück: Nein, Extremismus! Du bist ein Fall für den Verfassungsschutz, aber nicht, solange dieser freche Bengel Haldenwang da das Sagen hat. (",0
41615,Es gibt doch einen  Vorschlag!,SPD,Ottmar Schreiner,CDU/CSU,Dr. Maria Böhmer,11/23/1995,26646,"rad Gilges [SPD]: Vollkommen richtig!)  - Richtig. An dieser Stelle sind wir uns einig.  (Konrad Gilges [SPD]: Ja!)  Aber warum kommen Sie denn hier mit einem solchen Vorschlag? Wissen Sie denn nicht, was Sie auf  der einen Seite verlangen und was Sie auf der anderen Seite umgesetzt haben wollen?  (",0
12621,Ungeheuerlich!,SPD,<unknown>,SPD,Dr. Uwe Küster,6/26/1992,7463,ffentlichen Verwaltung nach dem  Einigungsvertrag heute im Schnellverfahren beschließen lassen. Ohne Aussprache und damit weitgehend unbemerkt von der Öffentlichkeit sollte der  Gesetzentwurf unmittelbar vor der Sommerpause im  Dunkeln und heimlich über die parlamentarische  Bühne gebracht werden.  ,1
190314,Die ihr belastet habt!,FDP,Martin Zeil,CDU/CSU,Laurenz Meyer,5/8/2008,87446,"äge der CSU zur Steuerpolitik. Beides hat endlich zu einer Diskussionslage geführt, in der wir uns mit denen beschäftigen, die unsere Wirtschaft wirklich tragen: diejenigen, die keine Transferleistungen, kein BAföG, kein Wohngeld, mehr bekommen, die Facharbeiter, die Angestellten, die Handwerker.  (",0
38878,Wollen Sie die Bun desrepublik auf den DDR,SPD,Dr. Uwe Küster,FDP,Ulrich Heinrich,9/7/1995,24879,"ten Sie sich bitte bereiterklären, dem Hohen Hause  darzustellen, wie die Lohnfortzahlung früher in der  DDR war? Könnten Sie, bevor Sie sich hier so aufregen und sich in dieser Art und Weise parlamentarisch aufführen, uns vielleicht einmal sagen, wie Ihre  Leitgedanken früherer Geschichte waren?  (",0
163333,Das war ein Plädoyer für extensive Landwirtschaft!,SPD,Ulrich Kelber,FDP,Ulrike Flach,3/28/2006,74697,"werpunkt sieht die FDP genauso. Hierbei erwarten wir, dass Sie in den nächsten Jahren wirkliche Akzente setzen. Lassen Sie die alten trittinschen Pflänzchen bitte im Garten. Pflegen Sie sie nicht mehr, zumindest nicht hier in Berlin. Dafür wären wir Ihnen dankbar. Ulrike Flach(Beifall bei der FDP – ",0
208220,Was ist Ihr Vorschlag?,GRÜNE,Brigitte Pothmer,CDU/CSU,Thomas Dörflinger,12/17/2009,96227,"re der Eckpunkte aus dem BMAS. Der Gesetzentwurf, den uns die SPD-Bundestagsfraktion vorgelegt hat, ist keine tragfähige Grundlage für die Zukunft. Herzlichen Dank. (Beifall bei der CDU/CSU und der FDP – Hubertus Heil [Peine] [SPD]: Wo ist denn Ihr Gesetzentwurf? Sie haben ja nicht mal Eckpunkte! – ",0
299078,Jawohl!,SPD,Dagmar Ziegler,CDU/CSU,Sven Volmering,10/2/2015,134273,"h sehr viel Kompetenz und sehr großes Engagement. Aber die Auswirkungen der notwendigen Maßnahmen haben auch viele Berührungspunkte mit der Familien-, der Integrations- und der Arbeitsmarktpolitik. Alphabetisierung und Grundbildung sind eine Querschnittsaufgabe für alle gesellschaftlichen Akteure: (",2
70875,Frage!,CDU/CSU,Manfred Kolbe,SPD,Walter Hoffmann,9/15/1999,44203,"Frau Kollegin Schwaetzer, Sie kennen doch, so vermute ich, die Systematik dieses Programms. Sie wissen, daß es elf Maßnahmearten gibt, die in der Tat zeitlich gestaffelt sind. Es gibt kurz-, mittel- und längerfristige Maßnahmen, immer bezogen auf die jeweiligen Zielgruppen. (",0
408942,Da kommt ja nichts!,GRÜNE,Laura Kraft,FDP,Ria Schröder,10/19/2022,186767,dlage und ein unbürokratisches Verfahren zur Auszahlung schafft. Das ist gar nicht trivial. Ich habe mich deswegen wirklich auf die Anträge der Opposition gefreut. Sie als Union haben ja auch viel Erfahrung im Haus. Ich war wirklich ganz gespannt auf Ihre Vorschläge für die Auszahlungsmodalitäten. (,0
321545,In welcher Gewerkschaft sind Sie denn?,DIE LINKE,Matthias W. Birkwald,CDU/CSU,Peter Weiß,6/1/2017,144707,"nicht kaputtmachen. Sie hat ihre Berechtigung und eine Zukunftschance. Aber wir wollen ein neues Modell zulassen und vertrauen darauf, dass verantwortungsbewusste Verhandler bei Gesprächen über Tarifverträge das machen, was ihren Arbeitnehmerinnen und Arbeitnehmern nutzt – und nicht das Gegenteil. (",0
339242,Sie haben aber eigentlich auch nur drei!,FDP,Otto Fricke,GRÜNE,Dr. Julia Verlinden,11/9/2018,153225,"erhin vorenthalten? Hier sind ganz dringend Reformen nötig. Wir wollen die großen Potenziale für Sonnenstrom auf bisher ungenutzten Dächern endlich ausschöpfen. Liebe Kolleginnen und Kollegen von der GroKo, es ist schon krass, dass Sie für diesen Tagesordnungspunkt nur 27 Minuten eingeplant haben; (",0
287219,Warum wohl?,SPD,Gabriele Hiller-Ohm,CDU/CSU,Dr. Matthias Zimmer,11/13/2014,128725,"it – Brigitte Pothmer [GRÜNE]: Das war lange nicht der Fall!)  Aber darf ich in diesem Zusammenhang noch einmal fragen, ob ich richtig informiert bin – oder richtig gelesen habe –, dass in dem Eckpunktepapier, das die Ministerin vorgelegt hat, der Passiv-Aktiv-Tausch mit keinem Wort erwähnt wird?  (",0
91542,Berlin!,SPD,Ingrid Holzhüter,CDU/CSU,Michael Stübgen,3/8/2001,52024,"wird. Es geht darum, dass die Kommission beauftragt worden ist, ein Grenzlandförderprogramm bzw. ein Aktionsprogramm zur Grenzlandförderung vorzuschlagen. Jeder, der sich mit der besonderen Problematik unserer Grenzregionen – im Wesentlichen in Mecklenburg- Vorpommern, Sachsen und Bayern gelegen – (",0
95302,So ein Unsinn!,GRÜNE,Christine Scheel,FDP,Ina Lenke,6/1/2001,53439,"inmal etwas sagen: In Hamburg hat eine Sozialhilfeempfängerin monatlich 75 DM für einen Kindergartenplatz zu bezahlen. Eine Familie, in der die Frau wieder arbeiten gehen will, hat bis zu 750 DM im Monat zu bezahlen. Aber Sie fahren noch immer die Neidkampagne, dass die Steuerentlastung höher sei. (",1
76062,Was war denn in Noordwijk!,SPD,Dr. Norbert Wieczorek,CDU/CSU,Dr. Wolfgang Schäuble,12/16/1999,46047,"chaft Europa einzubauen – auf diesem Weg voranzugehen ist das Wichtigste, was wir in das kommende Jahrhundert mitnehmen. Aber dafür muß man tiefere Furchen pflügen, als Sie es in Helsinki getan haben und als es in Ihrer Regierungserklärung zum Ausdruck kam. (Lachen des Abg. Dr. Peter Struck [SPD] – ",0
324778,Genau!,CDU/CSU,Volker Kauder,GRÜNE,Britta Haßelmann,1/19/2018,146443,"Mein Gott! Thema!) dass zehn Abgeordnete der AfD bei dieser so wichtigen Wahl ihre Stimme nicht abgegeben haben, und Sie waren einer von denen. Deshalb möchte ich Sie gern fragen: Wenn das so bedeutend war, warum waren Sie eigentlich nicht da? (Beifall beim GRÜNE sowie bei Abgeordneten der LINKEN – ",2
213888,"Ich hatte schon Angst, Sie vergessen uns!",GRÜNE,Wolfgang Wieland,FDP,Gisela Piltz,3/18/2010,97844,"h könnte jetzt unfairerweise den Rest meiner Rede auf Ihre Kosten halten. Aber da ich Ihnen ersparen möchte, noch 3 Minuten und 53 Sekunden zu stehen, verspreche ich Ihnen schon jetzt, dass Sie gleich erfahren, was wir wollen. Damit ist, wie ich glaube, die Frage beantwortet. Herr Kollege Wieland, (",0
51270,Wer denn  sonst?,CDU/CSU,Dr. Albert Probst,GRÜNE,Joseph Fischer,2/27/1997,33935,"e spät  angekündigt und mußte zusätzlich auf die Tagesordnung aufgesetzt werden. Die Regierung hat dazu  heute gewichtige, sachliche Gründe vorgetragen.  (Michael Müller [Düsseldorf] [SPD]: Wahl kampf!)  Aber es fügt sich, daß ausgerechnet der Bundesinnenminister diese Regierungserklärung abgibt.  (",0
360111,Umwelt tötet auch! Eigentlich tötet alles!,AfD,Stephan Brandner,DIE LINKE,Ralph Lenkert,11/26/2019,162517,"gseinsätze. Es wird Sie nicht überraschen, dass wir als Linke Aufrüstung und Krieg ablehnen. (Beifall bei der LINKEN) Und bevor Sie fragen, was das mit dem Umweltetat zu tun hat: viel, sehr viel. (Dr. Gesine Lötzsch [DIE LINKE]: Richtig, sehr viel! Genau!) Kriege töten, zerstören Städte und Natur. (",0
21837,Die SPD blockiert  immer noch!,CDU/CSU,<unknown>,FDP,Ulrich Heinrich,6/23/1993,13421,"h im energetischen Bereich muß jetzt ein  klares politisches Signal zum Einstieg kommen, Herr  Minister Borchert!  (Beifall bei der FDP sowie bei Abgeordne ten der CDU/CSU und bei der SPD)  Da reine Pflanzenöle trotz Steuerfreiheit den Weg in  den Treibstoffmarkt auf Grund besonderer Anforderungen  ",0
228522,Aber die FDP sieht das anders!,GRÜNE,Memet Kilic,CDU/CSU,Dr. Patrick Sensburg,12/16/2010,103096,"icht gar grenzwertig, und sicherheitspolitisch verantwortungslos. (Beifall bei der CDU/CSU sowie bei Abgeordneten der FDP – Dr. Konstantin von Notz [GRÜNE]: Oi, oi, oi!) Herr Kollege von Notz, damit erübrigt sich auch die Frage nach unserer Position, die Sie ja eben noch an die SPD gestellt haben. (",0
115078,Das ist genau der Punkt! Sehr wahr!,CDU/CSU,Eduard Oswald,FDP,Joachim Günther,11/7/2002,59049,"en Wohnungsmarkt, einen Wohnungsmarkt, in den weiter investiert wird, und zwar in den Neubau und vor allem auch in den Bestand. Wenn in diesem Bereich Investoren einmal verunsichert sind und Eigentümer aufgrund finanzieller Rahmenbedingungen nicht mehr in die Werterhaltung der Gebäude investieren, (",2
162731,Wir schauen uns die Evaluation an!,FDP,Dr. Heinrich L. Kolb,CDU/CSU,Dr. Ralf Brauksiepe,3/16/2006,74485,"doch einmal im Arbeitgeberlager nach, ob die einen solchen bürokratischen Aufwand wollen. Man muss doch einen vernünftigen Mittelweg gehen und zusätzliche Bürokratie, wo sie vermeidbar ist, wirklich vermeiden. Das tun wir mit diesem Gesetz.  (Beifall bei der CDU/CSU sowie bei Abgeordneten der SPD – ",0
224075,Wahrlich  schade!,CDU/CSU,Ernst Hinsken,CDU/CSU,Rita Pawelski,10/8/2010,101514,"ein Vorzeigebeispiel dafür, wie Kultur und Tourismus Hand in Hand gehen können. Die Zahl solcher Beispiele nimmt erfreulicherweise deutschlandweit zu. Aber leider ist das noch immer die Ausnahme. Es gibt nach wie vor Berührungsängste im Verhältnis von Kultur zu Tourismus. Es mangelt an Vernetzung. (",0
236251,Ich bin fassungslos!,CDU/CSU,Karl Schiewerling,DIE LINKE,Sabine Zimmermann,5/13/2011,106207," Geschichte der Bundesrepublik. Leider ist die Realität eine andere; denn die Sozialpartner sind zunehmend nicht mehr in der Lage, eine flächendeckende Tarifbindung herzustellen. – Herr Schiewerling, Sie schauen mich so an. Ich denke, dass Sie sich auch bei Gewerkschaften sachkundig gemacht haben. (",1
59330,Na  toll!,SPD,<unknown>,CDU/CSU,Manfred Kanther,3/26/1998,38723,"den, so hoffe ich, keine ressorteigenen Druckereien mehr in  Berlin unterhalten, weil die Aufgaben kostengünstiger an Private abgegeben werden können; gleiches  gilt für den ärztlichen Dienst, die Gebäudebewirtschaftung, die Fahrbereitschaft.  (Beifall des Abg. Dr. Wolfgang Weng [Ger-lingen] [FDP] -",1
262272,§ 16 e lässt das doch jetzt nicht zu!,GRÜNE,Brigitte Pothmer,FDP,Johannes Vogel,11/9/2012,117093,"gebungsverfahren zu den arbeitsmarktpolitischen Instrumenten  hat dazu geführt, dass – übrigens auf Initiative der Koalitionsfraktionen, von dem Kollegen Zimmer und mir –  § 16 e SGB II erhalten und so ausgestaltet wurde, dass er  für eine echte Integration in den ersten Arbeitsmarkt geeignet ist. (",0
28119,Das gefällt  Herrn Lambsdorff nicht!,SPD,ried Bernrath,CDU/CSU,Dr. Wolfgang Bötsch,2/3/1994,17294,"oder Lebensmittelhändlern, sondern es wird hier  einen regulierten Wettbewerb — ich nehme das Wort  in den Mund — geben, nämlich dort, wo der Wettbewerb allein möglicherweise die Infrastruktur nicht  sichern kann. Dann ist durch Auflagen bei Lizenzierungen dieser Wettbewerb zu sichern.  (Hans Gottf ",0
352316,"Das ist jetzt nicht wahr, oder? Das haben Sie jetzt nicht gesagt!",DIE LINKE,Jan Korte,SPD,Dr. Eva Högl,6/7/2019,159252,"uss ganz herzlich bei der Bundesregierung – beim Bundesministerium der Justiz und für Verbraucherschutz, beim Bundesministerium für Arbeit und Soziales und beim Bundesinnenminister – für die gute Beratung, die gute Vorlage und auch die Unterstützung bei unserer parlamentarischen Beratung bedanken. (",1
69323,Sie haben doch sowieso keine Ahnung!,SPD,Alfred Hartenbach,SPD,Gerd Höfer,6/17/1999,43468,"m Kontext. (Beifall bei der SPD sowie bei Abgeordneten des GRÜNE) Das hätte man erwarten können. Ich kann auch nicht verstehen, daß Sie meinem Kollegen Alfred Hartenbach vorwerfen, er habe juristische Pirouetten gedreht. (Günther Friedrich Nolting [FDP]: Das waren sie aber doch! – Gegenruf des Abg. ",1
224836,Hört! Hört!,FDP,<unknown>,FDP,Pascal Kober,10/29/2010,101852,"sschusssitzung gesagt hat. Er hat gesagt, dass er zugeben müsse, dass sich diese Regierungskoalition bei der Bemessung der Regelsätze mehr Mühe gegeben habe als die damalige rot-grüne Bundesregierung bei der Einführung der Hartz-IV-Regelsätze. (Beifall bei der FDP und bei Abgeordneten der  CDU/CSU –",0
360975,Überhaupt nicht! Wir sind auf dem besten Weg dahin!,CDU/CSU,Albert Rupprecht,GRÜNE,Ekin Deligöz,11/28/2019,162731,"Von dem Ziel, für Forschung und Entwicklung 3,5 Prozent des Bruttoinlandsprodukts vorzusehen, auf das Sie sich eigentlich mal committet haben, sind wir noch sehr weit weg in diesem Land. Und wenn Sie so weitermachen, dann werden wir auch in Zukunft sehr weit weg davon bleiben. (Beifall beim GRÜNE – ",0
104632,Auch das stimmt!,CDU/CSU,Peter Bleser,SPD,Jella Teuchner,1/31/2002,56107,"ssen, wir würden nur ankündigen und nicht handeln?  (Heinrich-Wilhelm Ronsöhr [CDU/CSU]: Richtig! – Peter Bleser [CDU/CSU]: Die Wahrheit ist nun einmal so!) Wie oft steigerten sich die Vorwürfe dahin, dass auch in den rot-grünen Ländern nur geredet, in den unionsregierten dagegen gehandelt würde?  (",2
161279,"Ganz dünnes Eis nach den letzten sieben Jahren! Sie persönlich mögen ja traurig sein, aber fragen Sie einmal Ihre Kollegen!",SPD,Iris Gleicke,GRÜNE,Dr. Anton Hofreiter,2/10/2006,73824,"en Koalition, ich kann ja verstehen, dass die vielen direkt gewählten Abgeordneten dieser Koalition lieber im Wahlkreis rote Bändchen für neue Projekte durchschneiden, als dass sie sich dafür einsetzen, dass Geld für die Sanierung der bestehenden Projekte bereitgestellt wird.  (Beifall beim GRÜNE – ",0
302599,Warum klatscht bei der CDU/CSU keiner?,DIE LINKE,Matthias W. Birkwald,SPD,Dagmar Schmidt,12/18/2015,136004,"nsgesamt. Teilzeitarbeit und kurze Erwerbsbiografien führen ebenfalls zu schlechten Renten. Wie Sie bereits gesagt haben, beschreibt das die Situation vieler Frauen. Deswegen werden wir noch in dieser Legislaturperiode das Recht auf Rückkehr von Teilzeit in Vollzeit umsetzen. (Beifall bei der SPD – ",0
217063,Sehr richtig!,FDP,<unknown>,FDP,Lars Lindemann,5/7/2010,98825,"eigt doch wohl immer deutlicher, dass es in der unveränderten Form den Herausforderungen der Demografie, dem wissenschaftlich-technischen Fortschritt und einer sich verändernden Morbidität nicht gewachsen ist. Also werden wir doch wohl darangehen müssen, hier grundlegende Veränderungen vorzunehmen. ",2
376584,Doch!,CDU/CSU,Gunther Krichbaum,FDP,Graf Lambsdorff,10/9/2020,170271,"weigert, hier im Plenum eine Regierungserklärung zu den großen Gipfeln in Europa abzugeben, (Gunther Krichbaum [CDU/CSU]: Weil sie es auch nicht muss!) und stattdessen nur einen kleinen Besuch im Europausschuss absolviert, der auch noch in nichtöffentlicher Sitzung tagte. Das ist nicht in Ordnung. (",0
277763,Sie haben es doch auch gemacht! ,DIE LINKE,<unknown>,CDU/CSU,Jens Spahn,1/30/2014,124133,"Wir haben in anderen medizinischen Berufen in Nordrhein-Westfalen die Situation, wie ich sie gerade dargestellt habe. Es geht jetzt auch nicht darum, das von einem Land auf das andere zu schieben.  ",0
29668,Das ist ein  ganz wichtiger Punkt!,CDU/CSU,Siegfried Hornung,SPD,Horst Sielaff,4/14/1994,18608,"ugen wirklich wichtigen  Dinge in dem vorliegenden Gesetz sehr großzügig  geregelt werden oder ausgespart werden, wird  gesetzlich und teilweise, wie ich meine, sehr kleinkariert vorgeschrieben — ich zitiere —, wieviel Pfennig pro Flasche der Winzer für die Werbung an den  Weinfonds zu zahlen hat  (",2
152951,"Jetzt brauchen Sie aber gute Argumente, warum Sie unseren Gesetzentwurf ablehnen!",CDU/CSU,Heinz Seiffert,SPD,Lydia Westrich,3/10/2005,70984,"Frau Präsidentin! Liebe Kolleginnen und Kollegen! Es ist schön, dass wir wieder einmal über die Umsatzsteuer reden. (",0
166592,Das ist nicht wahr!,FDP,<unknown>,SPD,Klaus Hagemann,6/22/2006,76015,"t geben; deswegen darf in diesem Bereich keine Kürzung vorgenommen werden. Eine Umschichtung erfolgte im Bereich der Lehrlingsausbildung. Wir haben mehr Mittel für die überbetrieblichen Ausbildungsstätten zur Verfügung gestellt, damit diese gestärkt werden; während Sie diese ganz streichen wollten. ",0
274503,Oje!,FDP,<unknown>,CDU/CSU,Dr. Matthias Zimmer,6/7/2013,122107,"  entscheidet das Ministerium über den Mindestlohn. –  Das kann man machen. Außerdem haben die Kolleginnen und Kollegen von den Sozialdemokraten gesagt:  Wenn dieser Mindestlohn dem Ministerium nicht gefällt,  dann wird der Vorschlag in die Tonne getreten und es  setzt selber einen Mindestlohn fest.",1
375156,Ist doch nur eine Ausrede!,SPD,Dagmar Ziegler,CDU/CSU,Andreas G. Lämmel,10/1/2020,169689,"CSU und der FDP) Wenn Sie nicht verstehen können, dass jetzt der unpassendste Moment für solche Gesetze ist, und einsehen, dass wir jetzt ein Belastungsmoratorium brauchen, dass wir den Unternehmern klar sagen müssen: „Der Staat wird nichts tun, um Unternehmen in dieser Situation noch zu gängeln“, (",1
389993,Verstanden haben Sie es aber offensichtlich nicht!,AfD,Dr. Michael Espendiller,AfD,Dr. Michael Espendiller,6/25/2021,179040,"ung, bevor Sie über die Anhörung reden! – Gegenruf des Abg. Dr. Michael Espendiller [AfD]: Das war eine öffentliche Anhörung, die ist online. Die kann man sich ansehen. Hätten Sie auch machen können! – Gegenruf des Abg. Benjamin Strasser [FDP]: Ich war da! Im Gegensatz zu Ihnen! – Gegenruf des Abg. ",1
452495,Sie sollten sich schämen! Das ist unglaublich!,GRÜNE,Deborah Düring,AfD,Dr. Michael Espendiller,1/31/2024,200186,"nkommensteuer plus 1,5 Prozent Kriegssteuer. Das heißt, der durchschnittliche ukrainische Oligarch zahlt prozentual weniger Steuern als die meisten normalen Arbeitnehmer in Deutschland. (Beifall bei der AfD) Vermutlich lief auch deshalb die weihnachtliche Skisaison in der Ukraine wieder recht gut. (",1
444154,Sehr gut!,SPD,Gabriele Katzmarek,SPD,Carmen Wegge,11/10/2023,197930,"der SPD, der Grünen, der FDP, der CSU und der CDU verabschieden. Das sind die, die sich ganz sicher angesprochen fühlen, wenn ich von „demokratischen Fraktionen“ rede, im Gegensatz zu Ihnen da. (Beifall bei der SPD und dem GRÜNE sowie bei Abgeordneten der FDP und der Abg. Clara Bünger [DIE LINKE] – ",2
391389,Fehlt bei Ihnen im Antrag!,FDP,Matthias Seestern-Pauly,CDU/CSU,Dorothee Bär,12/16/2021,179615,"st das bei Ihnen im Antrag nicht drin?) Der damalige Bundesfinanzminister; mittlerweile ist er Bundeskanzler. Er hat es auf jeden Fall abgelehnt. Das hätten wir auch schon längst haben können. Es ist gut und erfreulich, dass jetzt Einsicht da ist; aber es ist halt schade. (Beifall bei der CDU/CSU – ",0
349308,Ihnen auch nicht!,CDU/CSU,Philipp Amthor,AfD,Corinna Miazga,4/11/2019,157836,"fD]) Man liest in Ihrem Antrag vom Einfluss fremder Mächte. Vielleicht haben Sie ein bisschen zu viel „Star Wars“ gesehen wie der Kollege Minister Scheuer, der sich ja gerade mit einem Laserschwert hat abbilden lassen. Ich weiß auch nicht, was mit Ihnen los ist. Ihnen ist gar nichts mehr peinlich. (",0
128629,"Weil es höchst ärgerlich ist, wie die Länder sich verhalten!",SPD,Dr. Cornelie Sonntag-Wolgast,CDU/CSU,Clemens Binninger,10/16/2003,63120,"Herr Minister, Herr Staatssekretär, es wundert mich schon, dass das Stichwort Digitalfunk ausreicht, damit Sie beide förmlich an die Decke gehen.  (",0
46513,Es sind noch ein paar  mehr!,SPD,<unknown>,SPD,Leyla Onur,6/27/1996,30480,"artner, meine Damen  und Herren von der CDU/CSU, bereits am 20. Juli  1995 im „Handelsblatt"" die Arbeitgeberverbände im  Tarifausschuß aufgehetzt, „stur zu bleiben, dann  werde es kein Entsendegesetz geben"" .  (Zuruf von der SPD: Hört! Hört!)  Die Sozialabbruchunternehmer Lambsdorff, Rexrodt & Co.  ",0
351854,Sogar Russland ist ein Teil von Europa!,GRÜNE,Manuel Sarrazin,AfD,Petr Bystron,6/6/2019,159081,"iesen Gesetzentwurf ab. (Beifall bei der AfD) Herr Juratovic, ich weiß nicht, wo Sie Geografie gelernt haben: Sie haben Mazedonien (Zurufe vom GRÜNE: Nordmazedonien!) – Nordmazedonien – als „Innenhof von Europa“ bezeichnet. Das würde bedeuten: Die Türkei ist ein Teil von Europa. Das ist sie nicht. (",0
450239,Unsinn!,CDU/CSU,Friedrich Merz,GRÜNE,Cem Özdemir,1/18/2024,199728,"en, dann wird es ehrlicherweise schon etwas schwieriger. Das gilt – ich will hier niemandem ein X für ein U vormachen – ausdrücklich auch für die eigene Regierung; auch das gehört zur Wahrheit dazu. Warum? Wenn die Currywurst ein paar Cent teurer wird, dann ist die Furcht vor einem Shitstorm groß. (",1
67989,"Die Frage ist ja richtig, aber die Antwort im 99er Haushalt ist falsch!",FDP,Dr. Werner Hoyer,GRÜNE,Oswald Metzger,5/4/1999,42908,"siness as usual“ betreibt – so tut, als sei nichts gewesen –, obwohl die Mittel der öffentlichen Kassen knapp sind. Vor diesem Hintergrund werden wir alle gezwungen sein, Ansprüche an den Staat zurückzufahren, und zwar unter zwei inhaltlichen Bedingungen: sozial gerecht und ökonomisch verträglich. (",0
59371,So ist es!,GRÜNE,Amke Dietert-Scheuer,CDU/CSU,Ulf Fink,3/26/1998,38739,"ehr. Das  muß ich ganz offen sagen.  (Dr. Cornelie Sonntag-Wolgast [SPD]: Wieso  ist das ein Gegensatz?)  - Das ist doch ganz klar, Frau Sonntag: Weil es doch  heißt, wenn man den Gesetzentwurf in dieser Fassung verabschiede, diene man der Menschlichkeit  nicht. Das heißt es doch. Was denn sonst?  (",2
273786,Unbekannt!,GRÜNE,Jürgen Trittin,CDU/CSU,Dr. Andreas Schockenhoff,6/5/2013,121814,Frau Präsidentin! Meine sehr geehrten Damen und  Herren! Drohnentechnologie ist aus der militärischen  Entwicklung nicht mehr wegzudenken. Künftig wird  jede gut und modern ausgestattete Armee diese Technologie besitzen und einsetzen. Die Zukunft der militärischen Luftfahrt ist unbemannt. (,0
348113,Eine Plattitüde nach der anderen!,AfD,Stephan Brandner,GRÜNE,Cem Özdemir,4/4/2019,157312," das Jahrtausendverbrechen des Nationalsozialismus als „Vogelschiss“ bezeichnet, (Stephan Brandner [AfD]: Herr Özdemir, Herr Özdemir! Machen Sie Feierabend! Peinlich!) eine Partei, die sich lieber an Moskau statt an Brüssel orientiert, eine Partei, die Anstand und Moral tagtäglich mit Füßen tritt. (",0
355796,Das ist Kraftstoff!,CDU/CSU,<unknown>,SPD,Arno Klare,10/17/2019,160872,"t ein H2-Projekt von thyssenkrupp in Hamborn. Es gibt noch weitere 18 Projekte, die über die RED II als Reallabore laufen. Sie alle zielen in genau diese Richtung und werden mit Geld aus dem Deutschen Bundestag, das wir bewilligt haben, finanziert. (Beifall bei Abgeordneten der SPD und der CDU/CSU –",0
224364,Sehr gut!,CDU/CSU,Volker Kauder,GRÜNE,Sylvia Kotting-Uhl,10/28/2010,101630,"icht nur hat die Koalition die Einhaltung der angemessenen parlamentarischen Abläufe vergessen. Sie spielen auch mit der Rechtmäßigkeit Ihrer Gesetzesvorlagen. Es zieht Sie offensichtlich mit Gewalt vor das  Bundesverfassungsgericht. Das, meine Damen und Herren von der Koalition, können Sie haben. (",2
178754,Das ist  richtig!,DIE LINKE,Hüseyin-Kenan Aydin,CDU/CSU,Anke Eymer,6/13/2007,81821,"ht.  Wir sollten nicht vergessen, dass wir bei allem auf der Grundlage einer gemeinsamen Entschließung des Deutschen Bundestages von 1989 zur bevorstehenden Unabhängigkeit Namibias reden. Zu der Zeit, meine Damen und Herren von der Linken, waren Sie ja noch nicht im Deutschen Bundestag vertreten.  (",2
182878,Bei Otto gab es immer Rotwein!,GRÜNE,Jürgen Trittin,CDU/CSU,Reinhard Grindel,11/8/2007,83807,"gorien denken Sie eigentlich?) Otto Schily hat in sieben Jahren gemeinsamer Regierung mit den Grünen noch nicht einmal eine Teestunde zur Integration veranstaltet, geschweige denn einen Gipfel. Das haben wir gemacht, und darauf sind wir mit Recht auch ein bisschen stolz.  (Beifall bei der CDU/CSU – ",0
295720,Sehr gut!,CDU/CSU,Clemens Binninger,CDU/CSU,Stephan Mayer,6/12/2015,132715,"echnik deutlich gestärkt. In Zukunft ist es möglich, dass das Bundesamt für Sicherheit in der Informationstechnik nicht nur für den Ressortbereich des BMI zuständig ist, sondern für die gesamte Bundesregierung, also für alle anderen Ressorts, Mindeststandards für die IT-Sicherheit festlegen darf.  (",2
315682,Wieso haben Sie bei den Bundesverkehrswegeplanberatungen alle Eisenbahnanträge abgelehnt?,DIE LINKE,Sabine Leidig,SPD,Sören Bartol,12/16/2016,142047,"rzog [SPD]: Sehr richtig!) Vor sechs Wochen haben wir auf unserem Schienengipfel 2016 Eckpunkte für einen Schienenpakt 2030 zur Diskussion gestellt. Über 400 Vertreterinnen und Vertreter aus der Verkehrsbranche, aus Industrie, Wissenschaft und Gewerkschaften haben an dieser Konferenz teilgenommen. (",0
195353,Oh je!,GRÜNE,Renate Künast,CDU/CSU,Volker Kauder,10/17/2008,89929," und bewähren –, weltweit umgesetzt werden. Wir müssen aber auch erkennen: Dass wir jetzt, wie ich finde, stark handeln können, hängt auch damit zusammen, dass wir uns in den letzten drei Jahren stark gemacht haben. Wir haben es zwar schon immer gewusst, aber jetzt, in dieser Krise, erkennen wir,  (",1
92594,Cool down!,GRÜNE,Rezzo Schlauch,FDP,Dr. Guido Westerwelle,3/29/2001,52415,"e sehr geehrten Damen und Herren! (Lebhafter Beifall bei der FDP und der CDU/CSU) Ich verbitte es mir, dass Sie in unsere Richtung von dumpfem Rechtsextremismus sprechen! (Widerspruch bei der SPD und dem GRÜNE) Ich verbitte es mir auch, dass Sie sagen, „stolzer Deutscher“ bedeute „Ausländer raus!“ (",0
378863,Das ist Quatsch!,GRÜNE,Lisa Paus,AfD,Uwe Witt,11/25/2020,171831,"stemen stattfindenden Prozesse“. Und das ist das Problem; denn zu Ihrem Bedauern ist die freie westliche Gesellschaft ein offenes und kein geschlossenes System. Verteilungsgerechtigkeit, wie Sie sich das vorstellen, würde also wirklich nur in geschlossenen Systemen wie der DDR 2.0 umzusetzen sein. (",1
34250,Natürlich ist das Verfas sungskonform!,SPD,<unknown>,CDU/CSU,Dr. Karl H. Fell,1/19/1995,21674,"n-teuerlich!)  Nur ist das nicht mit Ihrem einheitlichen Kindergeld erreichbar; denn — ich sage es noch einmal — Sie  veranlagen zuerst, als wären keine Kinder da. Der  Abzug von der Steuerschuld erfolgt von einer zu  hohen Steuerberechnung. Das ist der Kern der Aussage. Darauf fehlt Ihre Antwort.  ",0
293372,Das kann doch nicht wahr sein!,GRÜNE,Sylvia Kotting-Uhl,SPD,Dr. Nina Scheer,3/26/2015,131519,"terhin in die Förderung der Atomenergie investiert wird. Nur, wenn man genau auf die Maßnahme und auf den Weg schaut und vom Ende her betrachtet, was man damit angreift, halte ich es mit Blick auf unsere Fördermechanismen, die wir für die Erneuerbaren haben, für gefährlich, so einen Weg zu gehen.  (",1
330936,Das haben viele nicht beachtet!,GRÜNE,Tabea Rößner,SPD,Dr. Jens Zimmermann,6/7/2018,149653,"n deswegen jetzt ins europäische Ausland ab, lässt sich nicht mehr aufrechterhalten; denn es funktioniert eben nicht mehr, seinen Unternehmenssitz nach Irland zu verlagern, weil es dort laschere Datenschutzvorkehrungen gibt. Wir haben in Deutschland schon immer ein starkes Datenschutzrecht gehabt, (",0
38706,Jetzt aber kon kret: Wer?,SPD,Günter Verheugen,CDU/CSU,Volker Rühe,9/6/1995,24784,"ber ich muß das doch  nicht im einzelnen schildern, oder? Ich will auch niemanden zu scharf ansehen. Das ist auch in Ordnung.  Das können Sie auch weitergeben. Nur sagen Sie  bitte nicht, wir hätten Sie nicht informiert, wenn wir  Ihnen die Zahlen geben, die Sie dann an den „Spiegel"" weitergeben.  (",0
295570,Und was ist mit den Fachärzten?,GRÜNE,Maria Klein-Schmeink,CDU/CSU,Hermann Gröhe,6/11/2015,132602,"e Menschen in unserem Land vertrauen dem Gesundheitswesen. Sie wissen: Bei Krankheit, bei Pflegebedürftigkeit, bei einem Unfall werden sie gut versorgt. Dies gilt dank eines solidarischen Gesundheitswesens unabhängig vom Einkommen und unabhängig vom Wohnort.  (Beifall bei Abgeordneten der CDU/CSU – ",0
70347,Sie unterstellen doch wieder was!,SPD,Joachim Poß,FDP,Otto Solms,9/9/1999,44048,"to Solms Für die Personengesellschaften und die Einzelkaufleute (Joachim Poß [SPD]: Warten Sie doch ab!) haben Sie noch keinen Plan, Herr Poß. (Joachim Poß [SPD]: Doch!) Da wollen Sie Modellspiele machen. Das hat Frau Hendricks gerade neulich in einer Diskussion gesagt. Sie haben doch keinen Plan. (",1
331131,"Im Antrag steht dazu nichts! Der Antrag ist ja nur einseitig, glaube ich!",AfD,Jürgen Braun,fraktionslos,Dr. Frauke Petry,6/7/2018,149712,"ingya muss geholfen werden. Offen bleibt, wenn man den Leitfaden des Antrags betrachtet, allerdings, warum Sie nicht die Gesamtheit der Geschehnisse in Myanmar betrachten. (Michael Brand [Fulda] [CDU/CSU]: Das ist doch passiert in der Debatte! Haben Sie nicht zugehört, oder was? – Gegenruf des Abg. ",0
271930,Bravo!,CDU/CSU,Dr. Georg Nüßlein,SPD,Rolf Hempelmann,4/25/2013,120973,"m Bereich der Verteilnetze haben, zum Beispiel wenn ich an den qualitativen Ausbau  der Verteilnetze denke, den wir gerade auch im Hinblick  auf die intelligenten Netze brauchen angesichts dessen,  dass die Nachfrageseite flexibler werden soll. Die SPD-Fraktion wird diesem Gesetzentwurf zustimmen. (",2
105081,Da können wir zustimmen!,SPD,Peter Dreßen,FDP,Ulrike Flach,2/1/2002,56206,"h Sie, doch einmal über den nationalen Zaun zu schauen. Ich empfehle in diesem Fall, da es nicht nur um Weiterbildung geht, einmal einen Blick nach Schweden. Unsere Nachbarn in Schweden zertifizieren, überprüfen und qualifizieren sozusagen ständig auch die Schulen und nicht nur die Weiterbildung.  (",2
85947,Stimmt! Da haben Sie Recht!,SPD,von Larcher,CDU/CSU,Peter H. Carstensen,11/16/2000,50184," lässt sich aus dem Land, von dem Bauern ernähren. Ich glaube, es ist angebracht, auch einmal Dank dafür zu sagen. (Beifall im ganzen Hause) Denn die Landwirtschaft liefert nicht nur Nahrung, sondern betreibt auch Natur- und Landschaftspflege, pflegt Erholungsräume und sorgt für gute Luft.  (Detlev ",2
372729,Im günstigsten Fall!,CDU/CSU,Michael Grosse-Brömer,CDU/CSU,Patrick Schnieder,7/3/2020,168475,"uftauchen. Das ist eine ganz wesentliche und schwierige Entscheidung, bei der Rahmenbedingungen verfassungsrechtlicher Art zu berücksichtigen sind. Nun denn: Die AfD wird sich im Ausschuss die entsprechenden Kenntnisse verschaffen, (Dr. Matthias Bartke [SPD]: Da sind wir uns noch nicht so sicher! – ",0
135487,Wir wollen das nicht!,GRÜNE,Jerzy Montag,CDU/CSU,Wolfgang Zeitlmann,2/13/2004,65110," vom Vertreter des Ministeriums hätte ich erwartet, dass er nicht nur die Mängel des jetzigen Entwurfs aufzeigt, sondern auch eine gewisse Bringschuld erfüllt und sagt, wie man eine solche Regelung seiner Meinung nach gestalten könnte und wo es richtige Entwicklungen gibt.(Beifall bei der CDU/CSU – ",1
450620,Und der CDU! Da waren mehr von denen als von uns!,AfD,Dr. Bernd Baumann,SPD,Dirk Wiese,1/18/2024,199816,"Sehr geehrte Frau Präsidentin! Meine Kolleginnen und Kollegen! Meine sehr geehrten Damen und Herren! Am Ende der Debatte möchte ich der AfD Danke sagen für die aktive Teilnahme an der Zusammenkunft in Potsdam, (",0
273964,Und eine komplett andere  Frage stellen!,FDP,Otto Fricke,DIE LINKE,Heidrun Bluhm,6/6/2013,121853,"Herr Minister Ramsauer, da Sie meinten, dass Sie  meine Frage, die Sie nicht kennen können, mit Ihrer  Rede schon beantwortet haben, muss ich jetzt zu diesem  parlamentarischen Instrument greifen, (",0
459340,Hört! Hört!,SPD,Dr. Lina Seitzl,FDP,Ria Schröder,4/24/2024,202442,"Sehr geehrte Frau Präsidentin! Liebe Kolleginnen und  Kollegen! Vielleicht zu Ihrer Information: Frau Ministerin Stark-Watzinger befindet sich in Paris beim Treffen  der OECD-Forschungsministerinnen und -minister, um  dort die internationalen Kooperationen zu stärken. (",0
173754,Machen wir nächstes Jahr weiter!,CDU/CSU,Peter Bleser,DIE LINKE,Eva Bulling-Schröter,12/15/2006,78998," Bulling-Schröterreden, wenn sie auch bei uns oft nicht funktioniert? Hier muss wirklich etwas getan werden. Jetzt ist meine Redezeit fast zu Ende.  (Julia Klöckner [CDU/CSU]: Es reicht auch!)  – Ich sehe, Sie sind furchtbar traurig. – Ich hätte noch das Thema Stopfleber und einige andere Dinge. – (",0
242988,Und zum Handel!,CDU/CSU,<unknown>,GRÜNE,Thilo Hoppe,10/20/2011,108997,"chtbarkeit und der Gewässerschutz mit berücksichtigt werden. (Beifall beim GRÜNE  und bei der LINKEN) Es muss eine Strategie sein, die nicht nur die Kleinbauern, aber vor allem die Kleinbauern unterstützt. Ihnen muss Zugang zu Wasser, Saatgut, Mikrofinanzsystemen und vor allem Land verschafft werden",0
49690,Sie wollen  beides nicht!,CDU/CSU,Bartholomäus Kalb,GRÜNE,Michaele Hustedt,11/28/1996,32628,"Oh nein, es ging um einen rückwärtsgewandten Deal: Kohlesubventionen gegen  Entsorgungskonsens. Es ging darum, wie man der  SPD das Ja zur Atomkraft abpressen kann und wie  man einen Pakt schließen kann, um veraltete Industriezweige noch möglichst lange mit staatlichen Mitteln am Leben zu halten.  (",0
120763,Leider wahr!,FDP,Carl-Ludwig Thiele,FDP,Ina Lenke,3/13/2003,60592,"aber in den letzten Jahren ist nichts von Ihnen gekommen, Sie haben nur darüber geredet. Meine Damen und Herren, die hohe Arbeitslosigkeit wirkt sich nicht nur materiell auf Frauen aus, jedes Prozent der Arbeitslosigkeit dreht auch das Rad der Gleichberechtigung von Frauen wieder ein Stück zurück. (",0
64562,Also ja!,CDU/CSU,Joachim Hörster,CDU/CSU,Andreas Schmidt,1/20/1999,41279,"steriums gegenüber der Bundesanwaltschaft? (Dr. Willfried Penner [SPD]: Ja sicher!) Dr. Eckhart Pick, Parl. Staatssekretär bei der Bundesministerin der Justiz: Grundsätzlich handelt der Generalbundesanwalt zunächst in eigener Verantwortung. Im Einzelfall kommt natürlich auch eine Weisung in Frage. (",0
293777,"Ist doch Quatsch, was Sie da erzählen! Lesen Sie doch einmal den Haushalt!",SPD,Kirsten Lühmann,GRÜNE,Oliver Krischer,4/23/2015,131749," LINKE] – Marcus Held [SPD]: Das Beispiel ist irre, Herr Krischer!)  Was wir an der Stelle brauchen, meine Damen und Herren, ist endlich eine Konzentration auf den Erhalt der Straßeninfrastruktur. Immer noch werden zwei Drittel der Mittel in den Neubau investiert. Das fehlt natürlich beim Erhalt.  (",1
98597,"Nein! Sie müssen schon zuhören!  Dirk Niebel [FDP]: Sie verdrehen gerade die Wahrheit, Herr Riester! Das haben Sie doch gar nicht nötig!",FDP,Rainer Brüderle,FDP,Rainer Brüderle,10/10/2001,54454,"Ich habe nicht Ihr Schreiben gemeint! Das kenne ich gar  nicht!) Wenn Sie ein solches Schreiben als Beschimpfen bezeichnen  was haben Sie für ein Verständnis von Politik? , (",1
181936,Eine gute!,SPD,<unknown>,FDP,Dirk Niebel,10/11/2007,83275,"Herr Präsident! Meine sehr verehrten Damen und Herren! Der Bundesarbeitsminister hat eben eine interessante Rede gehalten,  ",2
29177,"Nein, kann er nicht!",SPD,Gerd Anders,SPD,Hans Büttner,3/10/1994,18178,"Herr Kollege Laumann, können Sie mir erstens einmal einen Be trieb  nennen, der auf Grund der jetzigen Arbeitszeitregelung keine Überstunden machen konnte?  (",0
60190,Wohl  wahr!,CDU/CSU,Dr. Wolfgang Schäuble,CDU/CSU,Dr. Theodor Waigel,4/23/1998,39177, dem Wechselkursmechanismus nicht volle zwei  Jahre angehörten.  Trotz der Spannungen an den Finanzmärkten auf  Grund der Asien-Krise wurde die Stabilität im EWS  nicht beeinträchtigt. Was hat man alles für das erste  Halbjahr 1998 und für die Tage und Wochen vor den  Entscheidungen vorausgesagt!  (,2
125992,Zitieren Sie mal Herrn Clement!,CDU/CSU,Elke Wülfing,SPD,Franz Müntefering,7/3/2003,62355,"1. Juni 2003: „Die CDU Deutschlands will, dass die Bürger weniger Steuern zahlen. Sie erwartet, dass die Bundesregierung einen Gesetzentwurf vorlegt, der die dritte Steuerreformstufe vorzieht.“ Das Ganze ist dann in unnachahmlicher Weise von Herrn Stoiber am 30. Juni auf den Punkt gebracht worden. (",0
386219,Wann sind denn Ihre Änderungsanträge reingekommen?,SPD,Sönke Rix,FDP,Daniel Föst,4/22/2021,176405,"rchgepeitscht. Das wird dem Thema nicht gerecht, und es zeigt wieder mal, wie CDU/CSU und SPD die Debatten im Deutschen Bundestag wertschätzen. (Beifall bei der FDP sowie bei Abgeordneten der LINKEN – Carsten Schneider [Erfurt] [SPD]: Wie lang geht denn heute der Tag, Herr Föst? Bis 3 Uhr nachts! – ",0
412159,Skandal!,CDU/CSU,Dr. Reinhard Brandl,CDU/CSU,Florian Oßner,11/22/2022,187638,"en. Begründung: Das Budget ist ausgeschöpft. – Also, verstehe ich es richtig? Um das milliardenschwere Bürgergeld und das 9‑Euro-Ticket zu finanzieren, wird an der Digitalisierung, also an der Zukunft in unserem Land, gespart? Das kann es wirklich nicht sein, liebe Ampel. (Beifall bei der CDU/CSU – ",1
30093,Damit machen Sie Ihre albernen Bemerkungen von vor  einem Monat auch nicht wieder gut!,SPD,Ingrid Matthäus-Maier,GRÜNE,Konrad Weiß,4/22/1994,18965,"egierung  neue Aufgaben übernehmen. Die vorhandene Infrastruktur, Frau Kollegin Matthäus-Maier und Frau  Kollegin Limbach, und die bewährte Gastfreundschaft  Bonns lassen die Stadt geeignet erscheinen, eine so  hochrangige internationale Organisation wie die  World Trade Organisation aufzunehmen.  (",1
65286,Ihr straft ja die Wähler ab!,CDU/CSU,Bartholomäus Kalb,GRÜNE,Oswald Metzger,2/23/1999,41664,"vor der Tür steht, nicht trägt. Fragen Sie einmal den Durchschnittsbürger! Viele sind ganz praktisch veranlagt und sagen: Die anderen waren 16 Jahre dran. – Wir sind als Demokraten in unserer Gesellschaft so frei und flexibel, daß wir Regierungen auch abstrafen können. Das geht absolut in Ordnung. (",0
171770,Die sind von A bis Z unwahr!,GRÜNE,Jerzy Montag,SPD,Brigitte Zypries,11/21/2006,78291,"h glaube, dass die zwei Berichte, die letzte Woche dazu in der Presse zu lesen waren – wenn ich es richtig verfolgt habe, waren sie im „Spiegel“ und einem anderen Magazin –, maßlos übertrieben sind.  (Beifall bei Abgeordneten der SPD – Jörg van Essen [FDP]: Man wird permanent darauf angesprochen! – ",1
420498,Da bin ich mal gespannt!,AfD,Dr. Götz Frömming,GRÜNE,Leon Eckert,2/10/2023,190225,"en wir in der Bundesregierung nicht durch das wilde Jonglieren mit Verschwörungsthesen oder Verdachtsfällen, sondern durch konkrete Maßnahmen. Ich möchte mit Ihnen mal die Maßnahmen analysieren, die die Bundesregierung ergreifen wird und plant, um unsere kritische Infrastruktur besser zu schützen. (",0
436440,Wer sind denn „die“ Menschen?,GRÜNE,Lamya Kaddor,AfD,Dr. Gottfried Curio,9/7/2023,195259,"rozent mehr Asylforderer dieses Jahr. Aber es geschieht nichts. Wohnungen: nicht mehr zu bekommen, Schulklassen: nicht mehr beschulbar, wer Deutsch spricht, ist in der Minderheit. Diese Regierung ignoriert die Sorgen der Menschen. Die Leute wollen nachts wieder bedenkenlos nach Hause gehen können, (",0
96837,Genau das machen Sie jetzt hier!,SPD,<unknown>,FDP,Walter Hirche,7/4/2001,54014,"dern das Verhalten der IG Metall im Zusammenhang mit neuen Arbeitsplätzen gefährdet die Tarifautonomie, nichts anderes! (Beifall bei der FDP und der CDU/CSU) Für uns als Liberale ist Tarifautonomie ein Bestandteil der Freiheitssicherung in der Gesellschaft. Da soll sich der Staat nicht reinmischen; ",0
448215,Wahnsinn!,AfD,<unknown>,AfD,Thomas Seitz,12/1/2023,198960,ert-Hauses wurden ursprünglich Kosten von gut 28 Millionen Euro geschätzt; mittlerweile sind es fast 90 Millionen. Oder schauen wir auf die Bundesregierung: Eine Energiesparkampagne mit banalen Vorschlägen wie „Fenster schließen“ oder „Heizung herunterdrehen“ kostet bis 2025 rund 83 Millionen Euro. ,1
346623,Aber im Mittelrheintal ist es nicht so einfach!,FDP,Dr. Christian Jung,DIE LINKE,Sabine Leidig,3/15/2019,156573,"lich Geld. (Dr. Christian Jung [FDP]: Aber so einfach sind Ortsumgehungen im Mittelrheintal nicht!) – Es gibt noch immer Ortsumgehungen. Das Verrückte ist, dass sie gerade zugebaut werden. – Es gibt Umgehungsstrecken für den Güterverkehr rund um Berlin und viele andere Städte. Es gab und gibt sie. (",0
13630,Der kommt  ja aus dem Saarland gar nicht heraus!,SPD,Hans-Eberhard Urbaniak,CDU/CSU,Heinz-Adolf Hörsken,9/24/1992,7875," hier doch  einigermaßen einigen, meine Damen und Herren.  (Beifall bei der CDU/CSU und der FDP —  Eduard Oswald [CDU/CSU]: Es ist wichtig,  daß das einmal gesagt wird!)  Ich habe darauf hingewiesen, daß es in der EG  bisher keine grenzüberschreitenden Systeme der  Unternehmensmitbestimmung gibt.  (",0
377986,Nein!,SPD,Saskia Esken,AfD,Armin-Paulus Hampel,11/6/2020,171148,"kheit entweder leicht betroffen waren oder gar keine Symptome hatten. Das wurde nie bestritten; das wurde auch nie angezweifelt. Wir wissen, dass 15 Prozent schwer erkranken und teilweise auch an Leib und Leben gefährdet sind. Wir wissen auch, wer das ist: die alten Menschen und die Vorerkrankten. (",1
80830,Skandalös!,CDU/CSU,Paul Breuer,FDP,van Essen,6/7/2000,48112,"kaum ein Vorgesetzter. Er war ein Beispiel in seiner persönlichen Dienstgestaltung. Er war ein Beispiel in der Form, wie er mit uns Soldaten umgegangen ist. Deshalb trifft es mich persönlich, wie mit dem Generalinspekteur in dieser Sache umgegangen worden ist. (Beifall bei der FDP und der CDU/CSU – ",1
108234,Was machen Sie denn mit den älteren Arbeitnehmern?,SPD,Sabine Kaspereit,CDU/CSU,Günter Nooke,3/22/2002,56979," mir angesprochenen Richtung getan hätten! (Beifall bei der CDU/CSU) 22616 Es kann nicht sein, dass dem Mittelstand die Aufträge und dem ersten Arbeitsmarkt die Fachkräfte fehlen, während das Geschäft von Umschulungsträgern boomt, weil ältere Arbeitslose bis zur Rente permanent umgeschult werden,  (",0
240500,Wie?,CDU/CSU,Franz-Josef Holzenkamp,DIE LINKE,Alexander Süßmair,9/8/2011,108011,"ft. (Beifall bei der LINKEN) Wir von der Linken fordern: Erstens. Wir brauchen eine Förderung von regionalen Kreisläufen. Zweitens. Wir brauchen eine Stärkung der Marktmacht der Erzeuger. Drittens. Die Förderung von Exporten muss gestrichen werden, und wir brauchen eine Stärkung des Binnenmarktes. (",0
232978,Das Bessere ist immer der Feind des Guten!,GRÜNE,von Notz,CDU/CSU,Dr. Hans-Peter Uhl,3/17/2011,104792,"ag bringen konnten. Ist das Ihr Vorschlag als Notlösung für diese Fälle? (Dr. Konstantin von Notz [GRÜNE]: Was ist Ihr Vorschlag, Herr Uhl?) Nach der Evidenztheorie ist dieser Idee, wie man als Jurist sagt, die Verfassungswidrigkeit auf die Stirn geschrieben. Sie ist völlig abwegig. (Dr. Konstantin ",0
101395,Was reden Sie da?,SPD,Sebastian Edathy,CDU/CSU,Erwin Marschewski,11/27/2001,55300,"enfalls hat sich gegenüber dem Regierungsentwurf vom Sommer zu wenig verändert. Inhaltlich und haushaltstechnisch – Herr Schily, lassen Sie mich dies so drastisch sagen – ist der Einzelplan noch von der Leichtigkeit des Sommers, nicht aber von der notwendigen Ernsthaftigkeit des September geprägt. (",1
216555,Absurd wie die Steuerpolitik der FDP!,GRÜNE,Sven-Christian Kindler,FDP,Dr. Volker Wissing,5/6/2010,98682,"Besten Dank, Frau Präsidentin. – Liebe Kolleginnen und Kollegen! Was Sie von der Opposition uns hier vormachen, ist schon einigermaßen absurd. (Beifall bei Abgeordneten der FDP – Joachim Poß [SPD]: Sie verstehen doch was von Absurdistan! Sie sind doch der Meister von Absurdistan! – ",1
135071,"Das gibt die Sache  auch nicht her, dass man da schönredet!",CDU/CSU,Elke Wülfing,SPD,Joachim Poß,2/12/2004,64955,"n Menschen in dieser Republik teilen.  (Heiterkeit und Beifall bei Abgeordneten der SPD und des GRÜNE – Dr. Hermann Otto Solms [FDP]: Wir haben so viele Mitglieder, wie ihr letztes Jahr verloren habt!) – Wir wissen ja auch um unsere Schwierigkeiten und wollen nichts schönreden, Herr Kollege Solms. (",0
46844,Hört! Hört!,SPD,Dr. Peter Struck,SPD,Ingrid Matthäus-Maier,9/10/1996,30720,"ngetreten ist:  Originalton Waigel: Trotz hoher Steuerausfälle  kann die Nettokreditaufnahme des Bundes in der  Größenordnung 60 Milliarden DM gehalten werden.  Fehlanzeige! Aus der Koalition und von Ihnen haben  wir gerade gehört, es werden wohl mindestens  70 Milliarden DM Neuverschuldung sein.  (",0
49192,Seit drei Jahren!,FDP,Birgit Homburger,SPD,Otto Spiller,11/26/1996,32362,"tz [FDP]:  Aber Sie!)  Lassen Sie mich zum Abschluß noch eine Bernerkung zu der Besteuerung der Unternehmen machen.  Das Problem, auf das jetzt immer wieder hingewiesen wird, ist die Zukunft der Gewerbekapitalsteuer.  Das ist ein Problem, über dessen Lösung man sich sicher bald verständigen kann.  (",0
438699,Bitte nicht ablenken von der Debatte!,CDU/CSU,Andreas Jung,GRÜNE,Lisa Badum,9/22/2023,195969," zum Beispiel dieses Klimaschutzgesetz hinterlassen! Das soll jetzt aufgeweicht werden!) Gut, Sie hätten jetzt in dieser neuen Legislatur eine zweite Chance gehabt; vielleicht sind sie nur mit dem falschen Bein aufgestanden. Aber Sie machen genauso weiter. Was haben Sie die letzten Monate gemacht? (",0
239316,Das verwundert aber nicht!,GRÜNE,Bettina Herlitzius,SPD,Sören Bartol,7/8/2011,107729,"P; (Petra Müller [Aachen] [FDP]: Der Bau  schon!) man solle sich auf rein investive Maßnahmen beschränken. Das, liebe Kolleginnen und Kollegen von der FDP, ist nicht nur ein Ausdruck sozialer Kälte, sondern das ist auch ein Ausdruck ökonomischer Kurzsichtigkeit. (Beifall bei der SPD und dem GRÜNE – ",0
360634,Nur kein Neid!,CDU/CSU,Hermann Gröhe,DIE LINKE,Michael Leutert,11/27/2019,162629,"en. Man könnte Ihnen vorwerfen, dass die Ziele falsch sind. Man könnte Ihnen vorwerfen, dass Sie die falschen Prioritäten setzen. Man könnte Ihnen vorwerfen, dass Sie die falschen Instrumente nehmen. Aber eines kann man Ihnen definitiv nicht vorwerfen: Untätigkeit. Sie sprühen ja nur so vor Ideen. (",0
391978,"Ja, ja!",SPD,Gabriele Katzmarek,CDU/CSU,Max Straubinger,1/13/2022,179939,"h sehr; da bringt sich auch die Union in besonderer Weise mit ein. Dementsprechend übernehmen wir Verantwortung in den einzelnen Bundesländern, wo wir die Regierung stellen, und anderen Landesregierungen oder der Bundesregierung geben wir wichtige Anregungen. (Beifall bei Abgeordneten der CDU/CSU – ",0
374847,Unglaublich!,GRÜNE,Dr. Franziska Brantner,GRÜNE,Omid Nouripour,9/30/2020,169588,"ben die Ägypter angekündigt, dass die Vertragsumsetzung für den Bau einer Fregatte vom Typ MEKO A-200 beginnt. Im Übrigen: Die Genehmigungen für Rüstungsexporte an die Türkei, die die andere Seite unterstützt, gehen auch weiter. Sie benennen also nicht die Embargobrecher, sondern Sie belohnen sie. (",1
325945,"Partnerschaft heißt nicht, eine halbe Stunde vorher anzurufen!",GRÜNE,Stefan Gelbhaar,CDU/CSU,Andreas Jung,2/22/2018,147179,"en Rede! Ich will gleich dort anfangen, wo Sie aufgehört haben. Es geht auf gar keinen Fall darum, sich herauszureden. Wenn wir uns zu einer gemeinsamen Verantwortung in diesem Land bekennen, dann ist es richtig, dass wir als Bund in Partnerschaft mit den Kommunen und Ländern gemeinsam vorangehen. (",0
214071,Schuldenaufbaugesetz!,DIE LINKE,Jörn Wunderlich,FDP,Miriam Gruß,3/18/2010,97885," Alter von vier, fünf oder sieben Jahren brauchen Infrastruktur und Unterstützung. Deswegen müssen wir auch hier den Blickwinkel erweitern. Bezüglich der finanziellen Situation hat diese Koalition bereits gehandelt. Wir haben mit dem Wachstumsbeschleunigungsgesetz die Familien erheblich entlastet. (",0
26260,Ist das mit Stoiber  abgestimmt?,SPD,Dr. Uwe Küster,CDU/CSU,Kurt J. Rossmanith,11/25/1993,16022,"weiterarbeiten,  wenn in den anderen Ländern in einem riesigen  Ausmaß weiter subventioniert wird.  (Beifall bei der CDU/CSU und der FDP  sowie bei Abgeordneten der SPD — Dr. Wolf-gang Weng [Gerlingen] [FDP]: „Sie wollen  kein Geld"" stimmt nicht!) — Kein Geld vom Staat. Geld verdienen will jeder.  (",0
71987,"Götz, setzen!",SPD,Dr. Uwe Küster,GRÜNE,Christine Scheel,10/1/1999,44611,"ebnis einsetzen. Dann wird die Stimmung kippen, und dann werden sie ganz klipp und klar sehen, daß sie mehr haben, als sie vermutet haben. (Beifall beim GRÜNE und bei der SPD – Peter Götz [CDU/CSU]: Das heißt, Sie wollen die Nettolohnbezogenheit der Rente tatsächlich abschaffen! – Gegenruf des Abg. ",1
58980,Wunderbar!,FDP,Dr. Helmut Haussmann,SPD,Heidemarie Wieczorek-Zeul,3/5/1998,38540,"bt im wesentlichen Verunsicherung, die  aus der Arroganz, daß man nicht aufklären, nicht  wirklich informieren muß, resultiert.  (Dr. Wolfgang Schäuble [CDU/CSU]: Das  wird ja eine prima Koalition: SPD, Grüne  und PDS!)  - Wenn Sie so viel Furcht vor einer Konstellation  SPD, Grüne und PDS haben,  (",2
52956,"Wenn die sich um ihre  innenpolitische Lage kümmern würden,  könnten sie das andere auch bekämpfen!",SPD,<unknown>,FDP,Friedrich Nolting,4/25/1997,34991,rpunkte internationaler Pirate rie liegen in indonesischen Gewässern. Dort hat es seit Beginn der neunziger Jahre über 100 Akte der Pirate rie gegeben. Die  Dunkelziffer - das wissen wir - liegt wahrscheinlich  noch bedeutend höher. Auch das muß heute angesprochen und zur Kenntnis genommen werden.  ,0
176062,Also stimmen Sie  doch zu!,FDP,Sibylle Laurischk,CDU/CSU,Reinhard Grindel,3/22/2007,80366," einen Qualitätswettbewerb zwischen den einzelnen Kursträgern brauchen. Wir brauchen mehr zielgruppenorientierte Angebote, das heißt, spezielle Jugend- und Frauenkurse mit einer qualifizierten Kinderbetreuung und der Möglichkeit, Betriebspraktika oder eine Ausbildung am Ende des Kurses zu machen.  (",0
367081,Wir haben keinen Gesetzentwurf vorgelegt!,DIE LINKE,Susanne Ferschl,CDU/CSU,Torbjörn Kartes,3/5/2020,165233,"e ganz bewusst in Ihrem Antrag. Das Urteil ist also wesentlich komplexer. Eine Umsetzung in Deutschland müsste aus meiner Sicht deutlich differenzierter erfolgen, als Sie es hier vorschlagen, jedenfalls dann, wenn die Umsetzung zu unserer heutigen Arbeitswelt passen soll. (Beifall bei der CDU/CSU – ",0
360233,Der Osten hat so viele Institute gekriegt!,CDU/CSU,Andreas Mattfeldt,DIE LINKE,Heidrun Bluhm-Förster,11/26/2019,162550,"ruktur und vor allem die Gleichbehandlung von Ost und West in der Besetzung von Führungspositionen. (Beifall bei der LINKEN) Stattdessen gehen wieder zwei neu zu gründende Institute nach Geesthacht und Oldenburg, angeblich weil es dafür im Osten keine Basis gibt – sie ist wegrationalisiert worden. (",0
37946,Wo  bleibt der Außenminister?,GRÜNE,Lip pelt,CDU/CSU,Rudolf Seiters,6/22/1995,24273,"r CDU/CSU und der FDP)  Diese Verläßlichkeit, Stetigkeit und Konsequenz  haben zu dem internationalen Ansehen und zu dem  Vertrauen geführt, das. diese Regierung in allen Teilen der Welt geschaffen und aufgebaut hat, zum Nutzen und im Interesse unseres Landes.  (Beifall bei der CDU/CSU - Dr. Helmut ",0
122284,Sie haben keine Konzepte!,SPD,Johannes Kahrs,CDU/CSU,Jochen-Konrad Fromme,4/2/2003,60946,"hannes Kahrs [SPD]: Wo ist jetzt Ihr Konzept?) – Das habe ich Ihnen doch gerade gesagt. Vielleicht müssen Sie noch einmal in die erste Klasse gehen, damit Sie in der Lage sind, das, was dort steht, nachzulesen. Ich habe es jedenfalls lesen können. (Beifall bei Abgeordneten der CDU/CSU und der FDP – ",0
404716,In der Reserve aber nicht?,CDU/CSU,Jens Spahn,GRÜNE,Dr. Julia Verlinden,9/22/2022,185497,"r Transparenz; wir brauchen Transparenz, wie tatsächlich der Zustand in diesen Atomkraftwerken ist. Ansonsten können wir hier keine vernünftige Politik machen. (Beifall beim GRÜNE) Sie wollen unser Land mit einer Debatte beschäftigen, die, wenn überhaupt, nur einen winzigen Beitrag leisten könnte; (",0
135173,Skandal!,FDP,Markus Löning,FDP,Ulrich Heinrich,2/12/2004,64984,[FDP]) Von Frankreich wurden 2002 und 2003 je 50 Millionen Euro zur Verfügung gestellt. Die Bundesrepublik hat 2002 12 Millionen Euro und 2003 32 Millionen Euro gezahlt. 2004 stehen für den Global Aids Fund 38 Millionen Euro zur Verfügung; Frankreich hat 150 Millionen Euro zur Verfügung gestellt.  (,1
202288,Evangelische Entwicklungshilfe!,SPD,René Röspel,DIE LINKE,Eva Bulling-Schröter,4/23/2009,93234,"en und Wähler? Diese Fragen müssen Sie im Wahlkampf beantworten. (Beifall bei der LINKEN)Dann kommt noch das Argument Welthunger; wir haben es auch heute gehört. (Hans-Michael Goldmann [FDP]: Richtig!) Es ist einfach falsch. Gerade „Misereor“, „Brot für die Welt“ und die Welternährungsorganisation (",0
283534,Schauen Sie einmal in den Haushalt 2014! Wahrheitssuche!,GRÜNE,Sven-Christian Kindler,CDU/CSU,Reinhold Sendker,6/27/2014,126784," Stelle drei Punkte:  Erstens. Es gilt der Vorrang von Erhalt vor Neubau. Verehrter Herr Kollege Kindler, das gilt für alle Investitionen. Herr Kollege Kühn, der Kollege Eckhardt Rehberg hat mit Daten und Zahlen nachgewiesen, dass bei Investitionen deutlich der Vorrang von Erhalt vor Neubau gilt.  (",0
116791,Vor der FDP!,SPD,Peter Dreßen,FDP,Hans-Joachim Otto,12/4/2002,59396,"en verhindern können, werden Sie schon zum besten Mitglied dieser Bundesregierung. Sie haben also den Status quo gerade so halten können. Aber dies ist schon ein großer Erfolg und nötigt mir Respekt ab.  (Beifall bei der FDP) In zwei Minuten kann ich Ihnen nur eine Empfehlung geben: Hüten Sie sich (",0
279571,Richtig!,GRÜNE,Omid Nouripour,CDU/CSU,Dr. Reinhard Brandl,3/20/2014,125104,"ekommen? Die Fragen sind nicht trivial, aber, ehrlich gesagt, sind sie auch nicht weltbewegend.  (Lachen des Abg. Omid Nouripour [GRÜNE])  – Herr Nouripour, das muss man in der Abwägung sehen: Es geht wirklich um Spezialfragen, um die wir uns kümmern, die nicht trivial sind, die aber lösbar sind.  (",2
40777,Eine Schande! Die  Leute hereinlassen und immer weniger tun!,SPD,Uta Titze-Stecher,SPD,Günter Graf,11/8/1995,26264,"nicht mehr allein von den Leuten dort getragen  werden können, daß einiges mehr notwendig ist, daß  den betroffenen Kommunen Hilfe zukommen muß.  Was ist die Folge? Was ist geschehen? Nichts! Wir  kürzen im Einzelplan 06 - gucken Sie hinein -, gerade was die Eingliederungshilfen insgesamt angeht.  (",1
393459,„Bis fast zuletzt“!,AfD,Karsten Hilse,GRÜNE,Stefan Wenzel,3/16/2022,180929,"lleginnen und Kollegen! Sehr geehrter Herr Heilmann, interessant waren auch Ihre ökonomischen Argumente, die Sie hier vorgetragen haben. Man muss vielleicht noch ergänzen, dass die Betreiber bis fast zuletzt gesagt haben: Wir wollen nicht mehr (Thomas Heilmann [CDU/CSU]: „Bis fast zuletzt“, eben! – ",0
129248,"Das ist doch mal was, oder?",CDU/CSU,Manfred Grund,SPD,Erika Lotz,10/24/2003,63369,"ng einer Studiengebühr kommt doch immer aus Ihren Reihen. Wer hat denn beim BAföG dafür gesorgt, dass auch junge Menschen aus ärmeren Familien die Chance haben zu studieren? Das waren wir. Sie hingegen haben die jungen Leute im Stich gelassen. (Beifall bei der SPD sowie bei Abgeordneten des GRÜNE – ",0
252227,Na so was!,CDU/CSU,Dr. Thomas Feist,DIE LINKE,Dr. Kirsten Tackmann,3/22/2012,112697,"zur Verfügung. Das ist mehr, als ein gesunder, aktiver Mensch braucht. Wenn die Nahrungsmittel fair verteilt würden, gäbe es also überhaupt gar keinen Hunger. (Beifall bei der LINKEN) Es gibt aber zwei riskante Trends. Erstens. Die Weltbevölkerung wächst schneller als die Nahrungsmittelproduktion. (",0
383249,"Nee, glaube ich nicht!",GRÜNE,Britta Haßelmann,CDU/CSU,Jens Spahn,2/24/2021,174186,"r dass die Frage, ob man frisch negativ getestet oder geimpft ist, in bestimmten Bereichen – in manchen Ländern übrigens schon bei der Einreise – mit entsprechenden Folgen verbunden sein wird, ist absehbar. Zum Zweiten – jetzt haben Sie im Zweifel noch mehr juristisches Hintergrundwissen als ich – (",1
258709,Aha! Wollen Sie  jetzt das DDR,CDU/CSU,<unknown>,DIE LINKE,Steffen Bockhahn,9/13/2012,115452,"ch  einen Erfahrungsvorsprung Ost; das darf ich Ihnen sagen. Man kann beispielsweise dafür sorgen, dass Kinder  und Jugendliche die Möglichkeit haben, Sport – wenn  sie es wollen auch Leistungssport – zu betreiben. Das ist  allerdings immer weniger möglich, weil es an unheimlich viel Geld gebunden i",0
243066,Die Staatsministerin in Bayern hat da eine andere Meinung!,SPD,Gabriele Hiller-Ohm,CDU/CSU,Dr. Peter Tauber,10/20/2011,109010,"m Wege, bei entsprechenden Anträgen jugendlichen Grundleistungsempfängern nach dem Asylbewerberleistungsgesetz Leistungen aus dem Bildungs- und Teilhabepaket zunächst auf Grundlage des § 6 Asylbewerberleistungsgesetz als sonstige Leistung zu gewähren. – Also, auch in Hessen ist das gängige Praxis. (",0
454693,Was war denn daran „nachhaltig“?,AfD,Dr. Rainer Kraft,CDU/CSU,Serap Güler,2/23/2024,200917,"ere Verteidigungskapazitäten auf Landes- und Bündnisverteidigung fokussieren müssen, dürfen wir das internationale Krisenmanagement nicht aus den Augen verlieren. Es bleibt geboten, auch außerhalb des Bündnisgebiets nachhaltig zu stabilisieren, um präventiv die Sicherheit in Europa zu garantieren. (",0
298873,Das macht es nicht besser!,GRÜNE,Dr. Gerhard Schick,CDU/CSU,Dr. Philipp Murmann,10/1/2015,134206,"ar, dass wir das Gesetz nun gemeinsam auf den Weg gebracht haben. (Beifall bei der CDU/CSU) Ich komme zum Schluss. Herr Gambke, Sie hatten im Ausschuss gesagt, dass Sie das ordnungspolitisch für schwierig halten. Ein Blick ins Versicherungsteuergesetz zeigt, dass es dort jede Menge Ausnahmen gibt. (",0
184097,Die Leute werden begeistert sein!,DIE LINKE,Dr. Ilja Seifert,FDP,Dr. Claudia Winterstein,11/27/2007,84466,"längst gekommen. Je früher wir das System umstellen, desto besser.  (Beifall bei der FDP) Die FDP hat schon längst ein Konzept vorgelegt, mit dem wir das umlagefinanzierte System nach und nach auf ein System mit Kapitaldeckung umstellen können.  (Dr. Heinrich L. Kolb [FDP]: Lieber gleich als nie! – ",2
256701,Ist doch komisch!,SPD,Ingrid Arndt-Brauer,SPD,Lothar Binding,6/14/2012,114499," Carsten Schneider sehr gut  erklärt: Wenn man Wachstum hat, kommt man nicht auf  die Idee, die Schulden zu erhöhen. (Carsten Schneider [Erfurt] [SPD]: Ja!) Wenn man bei der sozialen Sicherung – gegen unseren  Willen – streicht, kommt man doch nicht auf die Idee,  die Kreditaufnahme zu vergrößern. (",0
310018,Das ist doch ein Skandal an sich!,DIE LINKE,Ulla Jelpke,SPD,Dr. Eva Högl,7/8/2016,139587,"Ich würde sogar so weit gehen, zu sagen: Sie basieren auf überhaupt keiner gesetzlichen Grundlage. § 1 Absatz 2 wurde als Generalklausel herangezogen. Dass das keine klare Rechtsgrundlage ist – „keine Rechtsgrundlage“ würde zu weit gehen –, darin sind wir uns, denke ich, in diesem Haus alle einig. (",0
50332,Schwachsinn!,SPD,Elke Ferner,CDU/CSU,Dr. Dionys Jobst,12/12/1996,33183,"nen, zeitnah  realisiert . Die Baukosten werden gesenkt. Es tritt ein  beschäftigungspolitischer Effekt ein, den wir dringend brauchen. Den Grünen fehlt dafür natürlich die  Einsicht und auch das Verständnis. Aber wir sind der  Auffassung: Die p rivate Vorfinanzierung ist sinnvoll  und notwendig.  (",1
285856,Genau!,CDU/CSU,Marie-Luise Dött,CDU/CSU,Karsten Möring,10/9/2014,127871,"ote. 2009 hat der Bundestag beschlossen, dass wir dieses Abkommen ab kommendem Jahr auf eine Treibhausgasquote umstellen. Damit soll künftig die erzielte Einsparung von Emissionen, also die bessere Klimabilanz, die entscheidende Größe sein. Das neue Bundes-Immissionsschutzgesetz setzt dies so um.  (",2
105103,Aber wir haben die Braut nicht künstlich schön gemacht!,CDU/CSU,Jochen-Konrad Fromme,GRÜNE,Oswald Metzger,2/1/2002,56209,"t komme ich zu dem entscheidenden Punkt. Ihnen geht es ja im Prinzip um die Diskreditierung eines Vorgangs im September, den Ihre Staatssekretäre selber mitgetragen haben. Dem Postgesetz, gegen das Sie jetzt vorgehen, hat zumindest die Union zugestimmt, die FDP nicht; hier muss ich differenzieren. (",0
272113,Ihr seid gegen alles!,FDP,<unknown>,DIE LINKE,Kathrin Vogler,4/25/2013,121028," Liebe Kolleginnen und Kollegen von der SPD und  von den Grünen, Sie haben sich letztes Jahr mit teilweise  guten Argumenten gegen die Ausweitung des Mandates  auf das Festland gewandt. Ich hoffe, das haben Sie noch  nicht vergessen. Die Linke war jedenfalls von Anfang an gegen diesen  Militäreinsat",0
327133,Was ist die Frage? Die Frage ist vergessen worden!,CDU/CSU,Uwe Schummer,DIE LINKE,Jutta Krellmann,3/15/2018,147744,"ze in einer Weise an, die einfach nicht in Ordnung ist. Das hat nichts mit Experimentieren zu tun. Das hat etwas mit Gesundheitsschutz zu tun. Denken Sie doch einmal an Entschleunigung und nicht daran, alles noch breiter zu machen. Deutschland ist das flexibelste Land in Bezug auf die Arbeitszeit. (",0
362356,Och nee! Keine anderen Vorschläge?,DIE LINKE,Evrim Sommer,AfD,Dr. Bruno Hollnagel,12/13/2019,163197,"eren Worten: Was wird passieren? Die schwarze Null wird gekippt werden, und das bedeutet: Bezahlen sollen es die späteren Generationen. Wir von der AfD halten das für unseriös. (Beifall bei der AfD) Wir hielten es für viel besser, die Migranten ohne Bleibeberechtigung nach Hause zu schicken, (Helin ",1
345307,"Sie wollen gar keine Exportbeschränkungen, und dann können Sie es auch sagen!",GRÜNE,Katja Keul,CDU/CSU,Dr. Joachim Pfeiffer,2/21/2019,155985,"sagen: Wenn die Franzosen oder die Briten Ihre Vorstellungen von Exportbedingungen nicht sofort übernehmen, dann machen wir mit denen nichts gemeinsam. (Dr. Franziska Brantner [GRÜNE]: Wir bestehen gar nicht auf deutschen – wenn Sie nicht zugehört haben –, wir bestehen auf europäischen! Wahnsinn! – ",0
49802,Das  muß aber nicht sein!,CDU/CSU,<unknown>,CDU/CSU,Bernd Schmidbauer,12/4/1996,32743,". Herr Kollege Bachmaier, ich kann Ihnen  jetzt aus der Hand diese sehr komplizierte Frage  nicht beantworten. Ich bin aber gern bereit, eine Aufstellung zu machen und sie Ihnen zu geben.  (Hermann Bachmaier [SPD]: Auch alle  Details! -",1
397894,Mit wem reden Sie denn?,DIE LINKE,Heidi Reichinnek,AfD,Thomas Seitz,5/13/2022,182890," Mitteln ist definitiv heutzutage keine Hürde mehr. In Diskussionen mit Schülern war ich zuletzt entsetzt über die Erosion des Bewusstseins für Recht und Unrecht. (Zuruf von der SPD: Die armen Schüler!) Für viele ist Abtreibung nur nachgelagerte Empfängnisverhütung und eine Selbstverständlichkeit, (",0
41170,Nirgends!,SPD,Jörg Tauss,SPD,Dr. Peter Glotz,11/10/1995,26458,"ng und Kultur"" versprochen. Über nicht weniger  als „die Zukunft Deutschlands"" sollte dieser Feldzug  entscheiden, und der auserkorene Feldherr sollte  fortan „Zukunftsminister"" heißen. Ein Jahr später  fragen wir: Wo sind die identifizierten Zukunftsthemen? Wo sind die vielbeschworenen Visionen?  (",0
382719,Den Verlust von 2021 kann man 2022 zurücktragen! Was ist das denn?,FDP,Christian Dürr,CDU/CSU,Andreas Jung,2/11/2021,173867,"icht liest er gerade die Ergebnisse des Koalitionsausschusses nach –, deshalb sage ich es zu Ihnen, Herr Dürr: Sie wissen doch, dass beschlossen wurde, den Verlustrücktrag von 5 Millionen Euro auf 10 Millionen Euro zu erhöhen. (Christian Dürr [FDP]: Für ein Jahr, Herr Jung!) – Für ein Jahr, genau. (",0
152825,Jetzt wird es eine Büttenrede!,FDP,Detlef Parr,SPD,Gudrun Schaich-Walch,3/10/2005,70943,n subventionieren lassen. Gudrun Schaich-Walch(Beifall bei der SPD und dem GRÜNE – Dr. Heinrich L. Kolb [FDP]: Das ist Quatsch!) Das ist nichts anderes als eine permanente Umverteilung. (Birgit Homburger [FDP]: Unverschämt! Hören Sie auf mit Ihrer Rede!) – Das ist keine Unverschämtheit. Es ist so. (,0
420136,Jetzt geht es rund!,CDU/CSU,Julia Klöckner,CDU/CSU,Dr. Carsten Linnemann,2/9/2023,190108,"tellung zum Thema Bürokratieabbau in Deutschland. (Beifall bei der CDU/CSU – Zuruf des Abg. Stephan Brandner [AfD]) – Zu Ihrem Antrag komme ich auch, ja. (Reinhard Houben [FDP]: Jetzt verwechseln Sie aber die AfD nicht mit der CDU/CSU!) Interessant ist in Ihrem Antrag – ich habe ihn mitgebracht –, (",0
294704,Meine Güte! Das ist jetzt echt schwer peinlich! ,DIE LINKE,<unknown>,SPD,Markus Paschke,5/21/2015,132271,"eten der SPD und der CDU/CSU – Zurufe von der LINKEN – Gegenruf von der SPD: Hören Sie doch mal zu!)  Da wird das Kind mit dem Bade ausgeschüttet. Auch wenn einzelne Spiegelstriche bei den Forderungen ihre Berechtigung haben  (Dr. Matthias Zimmer [CDU/CSU]: Es quietscht zwar, aber das Badewasser ist",1
350354,Das ist blanke Unwahrheit! Das ist eine Lüge!,AfD,Jürgen Braun,FDP,Karsten Klein,5/10/2019,158310,"rdnen zu können, lohnt sich, auch wenn es wehtut, ein Blick in das AfD-Europawahlprogramm. Dort beschreiben Sie nämlich zuerst breit die Probleme der EU, um dann den Austritt Deutschlands aus der EU zu fordern (Zuruf von der AfD: Das steht da nicht drin!) und vermeintliche Forderungen aufzuführen. (",1
58570,Noch  einen Sonderbeauftragten!,CDU/CSU,Erwin Marschewski,SPD,Thomas Krüger,2/12/1998,38287,"r innerstaatlichen Kulturpolitik zu betrauen.  Herr Kanther, ich will Ihnen nicht zu nahe treten,  wenn ich die Anregung von Frau Albowitz aufgreife,  daß wir einen Sonderbeauftragten für kulturelle Angelegenheiten brauchen. Wir brauchen ihn in dieser  oder besser gleich in einer neuen Regierung.  (",0
113948,So fleißig waren wir!,GRÜNE,Hans-Christian Ströbele,CDU/CSU,Wolfgang Bosbach,10/29/2002,58873,fen und vereinfachen sowie die Regelungsdichte verringern soll. Das waren die Verheißungen des Jahres 1998. Jetzt kommen wir zur Praxis. Ergebnis nach vierjährigem rotgrünen „Bürokratieabbau“: Im Jahr 2002 haben wir 391 Gesetze und sage und schreibe 973 Rechtsverordnungen mehr als vor vier Jahren. (,0
362362,"Man merkt, nach welchen Kriterien Sie Politik machen!",FDP,Otto Fricke,SPD,Bernhard Daldrup,12/13/2019,163198,"hundert! Geben Sie mal moderne Antworten!) was eine Gefährdung unserer Gesellschaft bedeutet. Ich habe mir gedacht: Weil so viele von der FDP das auch gerne wollen, machen Sie eine Aktuelle Stunde. – Sie hätten hier jedenfalls unsere Unterstützung. (Heiterkeit und Beifall bei Abgeordneten der SPD – ",0
11566,"Herr Mar schewski, fehlt Ihnen die Mehrheit für eine  solche Regelung?",SPD,Dieter Wiefelspütz,CDU/CSU,Erwin Marschewski,6/5/1992,6808,"befristetes  Aufenthaltsrecht gewährt wird. Wir müssen darüber  reden, meine Damen und Herren, und wir bieten dies  an.  (Zurufe von der SPD: Aber wann? — Konrad  Weiß [Berlin] [GRÜNE]: Wir for-dern das schon ewig!)  — Meine Damen und Herren, lassen Sie mich jetzt  ausreden, ich komme zum Schluß.  (",0
288670,Und sie hatten dadurch erhebliche Gewerbesteuermehreinnahmen!,CDU/CSU,Andreas Mattfeldt,GRÜNE,Ekin Deligöz,12/4/2014,129287,"chalck [SPD]: Das war auch Rot-Grün! Das waren wir alle!)  Darüber sollten wir auch mal reden. Ihr Gesetz aus der letzten Wahlperiode, das Wachstumsbeschleunigungsgesetz, hat die Kommunen in diesem Land sage und schreibe 1,5 Milliarden Euro gekostet.  (Ingbert Liebing [CDU/CSU]: Märchen! Märchen! – ",0
376005,Was hat das mit dem Thema zu tun?,GRÜNE,Beate Müller-Gemmeke,CDU/CSU,Alexander Krauß,10/8/2020,170066,null Vertrauen zu Ihnen als Linkspartei. (Beifall bei der CDU/CSU und der AfD – Dr. Petra Sitte [DIE LINKE]: Aber zu Rechtsextremisten noch viel mehr!) Leider – das gehört zur Wahrheit dazu – ist Leipzig oder Hamburg kein Einzelfall. Schauen wir uns das Polizeigesetz in Berlin von Rot-Rot-Grün an. (,0
251611,Deshalb steht es da ja auch drin!,FDP,Michael Kauch,SPD,Dirk Becker,3/9/2012,112518,"instrumente, die Sie beim Thema Photovoltaik vorsehen, auf andere Technologien einem Parlamentsvorbehalt unterliegt. Ich habe gelesen: Das Parlament darf jetzt mitbestimmen. – Nein, das ist das ureigene Recht des Parlaments. Das muss es auch bleiben. (Beifall bei der SPD, der LINKEN und dem GRÜNE – ",0
219396,Sie machen zu  viele Ausnahmen!,SPD,Dr. Karl Lauterbach,CDU/CSU,Jens Spahn,6/18/2010,99885," Bundestag eingebracht, der vorsah, den gesetzlichen Herstellerrabatt auf Arzneimittel auf 16 Prozent zu erhöhen. Herr Lauterbach, Sie haben hier in Ihrer Rede am 22. April erklärt: Der einzige brauchbare Vorschlag ist die Einführung eines Zwangsrabattes von 16 Prozent. Genau das machen wir heute. (",0
135502,Das ist wahr!,CDU/CSU,Ernst Hinsken,SPD,Christian Müller,2/13/2004,65121," Thema – müssen auch die Länder klar sagen, ob sie dies so wollen, und sich vor allen Dingen darauf verständigen, mit welchem Instrument die zurückzugewinnenden Handlungsspielräume ausgefüllt werden sollen. Wir sind der Meinung, dass dies die GA sein kann, aber ohne die Länder wird es nicht gehen. (",2
160755,Dann hättet ihr das auf den 5. oder 6. eines Monats vorziehen können!,FDP,Dr. Heinrich L. Kolb,SPD,Gregor Amann,1/26/2006,73564,"n, so war diese Regelung eine überholte Praxis aus der Zeit, als die Löhne noch bar in der Lohntüte ausgezahlt wurden. Auf dem Stand der damaligen Technik war es nicht möglich, Löhne, Gehälter und Sozialversicherungsbeiträge zeitnah zu berechnen, auszuzahlen und zu überweisen. Heute ist das anders.(",0
112593,Sie spinnen ja!,SPD,von Larcher,CDU/CSU,Hartmut Schauerte,6/28/2002,58484,"PD aber war dieser Text zu kritisch. Sie hat ihrem eigenen Ausschussvorsitzenden untersagt, eine so vernünftige Passage in die Einleitung zu übernehmen. Das ist der Ansatz, den Rot-Grün verfolgen will: (Beifall bei der CDU/CSU und der FDP) auf verschiedenen Ebenen spielen, Feuerchen machen, (Detlev ",1
263928,Pfui!,DIE LINKE,Halina Wawzyniak,DIE LINKE,Ulla Jelpke,11/29/2012,117579,"t gesagt: Auch migrationspolitische Erwägungen … können  … kein Absenken des Leistungsstandards unter das  physische und soziokulturelle Existenzminimum  rechtfertigen. Herr Friedrich fordert dagegen, Asylbewerbern aus  vermeintlich sicheren Herkunftsstaaten das Taschengeld  komplett zu streichen. (",1
75698,Und jetzt?,CDU/CSU,Hans Michelbach,SPD,Dr. Michael Naumann,12/2/1999,45866,"en des Stiftungs- und Spendenrechts im Steuerrecht nicht folgen möchte. Mit freundlichen Grüßen Dr. Theo Waigel Das war der Grund dafür, daß es mit dem Spenden- und Stiftungsrecht nicht vorwärtsgegangen ist. (Beifall bei Abgeordneten der SPD und des GRÜNE – Dr. Norbert Lammert [CDU/CSU]: Und nun? – ",0
291083,Wir machen mit euch mit!,CDU/CSU,Eberhard Gienger,GRÜNE,Monika Lazar,2/6/2015,130462," gut, wenn wir da gemeinsam an einem Strang ziehen würden. Es ist uns allen sehr wichtig, in diesem Bereich gute Dinge hinzubekommen; denn so etwas macht man nicht alle Jahre.  In diesem Sinne: Schauen wir einmal, was passiert. Die Grünen werden die Sportpolitik auch weiterhin kritisch begleiten.  (",2
57449,Bayern liegt vorn!,CDU/CSU,rt Geis,FDP,Dr. Klaus Röhl,11/28/1997,37560,"ll-Werte erfüllt. Hessen hat sie sogar übererfüllt. Andere dagegen, wie Bremen, Schleswig- Holstein, aber auch die größten Länder - Bayern, Nord-rhein-Westfalen und ganz besonders Niedersachsen -,  haben sie nicht erfüllt.  (Joachim Gres [CDU/CSU]: Niedersachsen  ist ganz besonders schlimm! - Norbe ",0
158625,"Um den Unschuldigenschutz, habe ich gesagt!",GRÜNE,Hans-Christian Ströbele,CDU/CSU,Dr. Jürgen Gehb,6/30/2005,72681,"ung ein bisschen zum Erfolg verhilft. Die Angehörigen von Opfern schwerer Straftaten werden dies begrüßen. Man darf aber auch nicht vergessen, dass zu Unrecht Beschuldigte durch diese Maßnahme exkulpiert werden können.  Ich weiß, dass es einigen mehr um den Täterschutz als um den Opferschutz geht. (",0
319785,Nein!,GRÜNE,Uwe Kekeritz,CDU/CSU,Dr. Gerd Müller,4/26/2017,143917,"lb Minuten Ihrer wertvollen Redezeit mit Taktik vergeudet. (Uwe Kekeritz [GRÜNE]: Das war aber wichtig, dass die Leute das wissen!) Das Verfahren ist ganz normal. Um 9.30 Uhr fand die Kabinettssitzung statt. Dort wurde der Bericht vom Kabinett verabschiedet. Sie haben ihn dann zugeleitet bekommen. (",1
5540,Ich war das!,FDP,Rudolf Baum,SPD,Dr. Klaus Kübler,11/6/1991,3517,aß bei diesem möglichen ersten Konflikt zwischen der Bundesregierung und der hessischen Landesregierung dieses föderative Element möglichst  lange durchgehalten werden sollte.  Ich komme deshalb noch einmal auf den Dialog  zurück. Jemand sprach vorhin die Äußerungen von  Herrn Schäfer an.  (Gerhart ,0
283119,Unsoziale Politik!,DIE LINKE,Matthias W. Birkwald,GRÜNE,Dr. Wolfgang Strengmann-Kuhn,6/25/2014,126629," Mindestlohn hierauf durchaus eine Wirkung haben wird. Aber auch vom Mindestlohn wird eine schwache Gruppe, nämlich die Langzeitarbeitslosen, wieder ausgenommen. Das ist ein Unding. Denjenigen, denen es gut geht, geben Sie etwas. Denjenigen, denen es schlecht geht, geben Sie an der Stelle nichts.  (",1
95681,Freiheit statt Sozialismus!,SPD,<unknown>,CDU/CSU,Peter Götz,6/21/2001,53621,"r Sozialismus, mit Regulierung sowie mit Gängelung und Bevormundung der Bürgerinnen und Bürger. Berlin lässt grüßen. (Beifall bei der CDU/CSU und der PDS) – Klatschen Sie nur, Sie bei der PDS! Die Union steht für mehr Freiheit und mehr Selbstverantwortung. Wir wollen eine starke Demokratie vor Ort. ",0
92623,Richtig!,CDU/CSU,Dr. Peter Paziorek,CDU/CSU,Dr. Jürgen Gehb,3/29/2001,52423,Frau Präsidentin! Meine Damen und Herren! Offenbar unter dem Eindruck der soeben gewährten Bewährungszeit hat der Umweltminister Trittin in gelassener Art und mit leisen Tönen hier gesprochen. Das war nicht immer so. (,2
395222,Kein Wort zum Haushalt! Das musst du wirklich zustande bringen! Aber andere kritisieren!,CDU/CSU,Florian Oßner,GRÜNE,Felix Banaszak,3/25/2022,181600,"n Sie die Gelegenheit in den nächsten Wochen noch wahrnehmen. Wir werden als Koalitionsfraktionen die Haushaltsberatungen nutzen, einen guten Entwurf noch besser zu machen. Ich freue mich auf Ihre Vorschläge, wie wir das noch besser hinbekommen können. (Beifall beim GRÜNE, bei der SPD und der FDP – ",0
342955,Massenhafter Missbrauch?,GRÜNE,Filiz Polat,CDU/CSU,Josef Oster,1/18/2019,154871,"r Leben fürchten müssen. Das Asylrecht gehört zu den Wesensmerkmalen unseres Landes. Das Asylrecht hat aber nur dann eine gute Zukunft, wenn es mit gesellschaftlicher Akzeptanz einhergeht. Und diese Akzeptanz ist eben in Gefahr, wenn wir dem massenhaften Missbrauch des Asylrechts tatenlos zusehen. (",0
330461,Er versteht ja nicht mal die Systematik!,GRÜNE,Kordula Schulz-Asche,AfD,Dr. Axel Gehrke,5/18/2018,149402,"genen Ausführungen, Herr Spahn, mit großem Interesse verfolgt. Aber trotz allem: Zeichen eines bedeutsamen Wechsels in der Gesundheitspolitik haben wir leider nicht erkennen können. Ganze 0,3 Prozent Steigerung und 0,15 Prozent jährlichen Zuwachs bis 2022 haben Sie für Ihren Haushalt herausgeholt. (",1
76542,Genauso ist  es!,CDU/CSU,Dr. Peter Paziorek,FDP,Birgit Homburger,1/20/2000,46223,"cht einmal angesprochen  (Dr. Peter Paziorek [CDU/CSU]: Das wird es  nicht geben!)  und eine nachhaltige Behandlung des Themas würde im  Übrigen auch ein klares Energie- und Entsorgungskonzept beinhalten. Sie haben Großes angekündigt – Herr  Hermann eben wieder –, aber bisher überall Fehlanzeige.  (",2
304836,Dann akzeptiert das doch mal!,CDU/CSU,Hans-Werner Kammer,GRÜNE,Matthias Gastel,2/25/2016,136974,"gierung kamen, den Bürgerinnen und Bürgern Baden-Württembergs das erste Mal die Möglichkeit gegeben haben, an einer wichtigen Sachentscheidung, nämlich der Mitfinanzierung von Stuttgart 21 durch das Land, mitzuwirken. Wir als Grüne haben für das Ja zum Ausstieg gekämpft. Wir haben leider verloren. (",1
434609,Welche SPD,CDU/CSU,Stephan Stracke,SPD,Dr. Martin Rosemann,7/6/2023,194830,"ch die Verhandlungen. Ich meine nicht Berlin; Berlin ist dabei, überhaupt kein Thema. – Sagen Sie mir, welche unionsgeführten Bundesländer, die aufgrund der Fristen nicht mehr die Möglichkeit haben, beizutreten, noch beitreten würden. Nennen Sie sie doch konkret! (Beifall bei Abgeordneten der SPD – ",0
361530,"In der Schweiz, höre ich gerade, ist das SED",AfD,Stephan Brandner,DIE LINKE,Doris Achelwilm,12/12/2019,162993," der direkt begünstigten AfD. (Beifall bei der LINKEN, der SPD und dem GRÜNE sowie bei Abgeordneten der CDU/CSU) Die Bundestagsverwaltung und die Staatsanwaltschaften Bodensee und Essen ermitteln in dieser Sache. Es gab dazu Hausdurchsuchungen und ein Rechtshilfeersuchen an die Schweizer Behörden. (",0
242650,"Heute regieren  auch Sie, bitte schön!",SPD,Thomas Oppermann,FDP,Gisela Piltz,10/19/2011,108898,"r im BMJ. (Jimmy Schulz [FDP]: Wo waren denn die Grünen? – Gegenruf vom GRÜNE: Zur Sache!) Vor zwei Jahren haben wir ihn gebeten, er solle uns erklären, wie es sein kann, dass man Trojaner ohne Rechtsgrundlage einfach mal auf Rechnern installiert. Leider haben wir bis heute keine Antwort bekommen. (",0
264412,Seit  wann orientieren wir uns an Russland?,GRÜNE,Katja Keul,CDU/CSU,Philipp Mißfelder,11/29/2012,117678,"Exportnation ein hohes und gesteigertes Interesse an  sicheren Seewegen hat, ist das ein wichtiger Aspekt. Vor  diesem Hintergrund kann ich Ihre Absage an das Mandat  überhaupt nicht verstehen. Ich bin sogar erstaunt, dass es  der Russischen Föderation leichterfällt, bei diesem Mandat mitzumachen, (",0
39003,Das machen Sie dann  mit der Deregulierung!,SPD,Peter Dreßen,CDU/CSU,Ulf Fink,9/7/1995,24946,"u kommen. Denn es  reicht nicht, meine Damen und Herren von der SPD,  zu sagen: Die Arbeitslosigkeit ist die große Herausforderung, sie muß bekämpft werden. Man muß auch  einen Beitrag dazu leisten, damit die Arbeitslosigkeit  wirklich beseitigt werden kann.  (Beifall bei der CDU/CSU und der FDP -  ",0
136353,Ja!,CDU/CSU,Dietrich Austermann,CDU/CSU,Dr. Wolfgang Schäuble,3/11/2004,65571,en. (Beifall bei der CDU/CSU und der FDP –  Widerspruch bei der SPD) Das bringt uns unmittelbar zum Kern der Probleme. Wir lesen dieser Tage im Bericht des Wehrbeauftragten und konnten zu Beginn dieser Woche Meldungen über die Auseinandersetzung um weitere Kürzungen im Verteidigungshaushalt lesen. (,2
422872,"Wenn man solche Fragen stellt, dann kriegt man auch solche Antworten!",CDU/CSU,Dr. Oliver Vogt,SPD,Johannes Schätzl,3/16/2023,191026,Wohin schlägt das Pendel des Deutschen Bauernverbandes? Und der Präsident hat mir eine vollkommen eindeutige Antwort gegeben: Bei offenen patentrechtlichen Fragen lehnt der Deutsche Bauernverband Änderungen in der aktuellen GVO-Regulierung ab. (Beifall bei der SPD sowie bei Abgeordneten des GRÜNE – ,0
313512,Wohl wahr!,CDU/CSU,<unknown>,CDU/CSU,Elisabeth Winkelmeier-Becker,11/22/2016,141189,"i der CDU/CSU) Ich bin froh, dass die gute Haushaltslage dem Bund die Möglichkeit gibt, den Ländern unter die Arme zu greifen, zum Beispiel im Rahmen des künftig neu geregelten Bund-Länder-Finanzausgleichs. Wenn man weiß, dass ich aus Nordrhein-Westfalen komme, ist das, glaube ich, selbsterklärend. ",2
13373,Sehr gut!,CDU/CSU,<unknown>,CDU/CSU,Dr. Angela Merkel,9/10/1992,7720,"ifall bei der CDU/CSU und der FDP —  Anke Fuchs [Köln] [SPD]: Das ist doch kein  Grund, die Frauen an den Herd zurückzu-schicken!)  Dies muß auch in der Jugendpolitik deutlich gemacht  werden, z. B. indem wir in der Jugendsozialarbeit  auch die Beratung der Familien nicht aus den Augen  verlieren.  ",2
51292,So ist es!,CDU/CSU,Joachim Hörster,CDU/CSU,rt-Dieter Grill,2/27/1997,33941," Denn  Sie müssen als Innenminister des Landes Niedersachsen mit Ihren Polizisten einen Teil dieser Doppelstrategie von Schröder und Griefahn bis in die jüngste Zeit hinein aushalten.  (Joachim Hörster [CDU/CSU]: Auf dem  Rücken der Polizeibeamten!)  Frau Griefahn war es, die vor Ort gehetzt hat.  (",2
193289,Ich schenke dir eine zu Weihnachten!,FDP,Dr. Christel Happach-Kasan,CDU/CSU,Peter Bleser,9/16/2008,88998,"tzen wollen. Ich habe mich gefragt, wie Ihre Position sein wird, wenn wir, so der Herrgott will, im nächsten Jahr zu Koalitionsverhandlungen zusammentreffen. Wenn Sie uns bei diesen Themen dann so entgegenkommen, werde ich vor Ihnen niederknien und eine Kerze anzünden. (Heiterkeit bei der CDU/CSU – ",0
169427,An dem Witz haben Sie aber lange gebastelt!,CDU/CSU,Dr. Ralf Brauksiepe,DIE LINKE,Werner Dreibus,9/28/2006,77104,"ließen – Drängeln, Schneiden und Vorfahrtnehmen wären bei Anfängern erlaubt –; die Begründung dafür würde lauten: So finden die Fahranfänger leichter in den Straßenverkehr hinein und die übrigen Verkehrsteilnehmer können sich flexibler bewegen. Das ist doch pure Ideologie! (Beifall bei der LINKEN – ",0
384280,Ohne AfD!,DIE LINKE,Cornelia Möhring,AfD,von Storch,3/4/2021,174897,"l bei der AfD) Für Sie sind Kinder eine Katalogware für kulturlose Großstadtneurotiker, die nach Kiffen, LSD und Darkroom ihre innere Leere nun auch mal mit einem Kind kompensieren wollen. (Zuruf der Abg. Zaklin Nastic [DIE LINKE]) Sie wollen eine Gesellschaft ohne Bindung, ohne Ehe, ohne Familie, (",0
269993,Das ist doch ein Vorteil des Instruments des EEG und nicht Ihr  Verdienst!,GRÜNE,Bärbel Höhn,CDU/CSU,Thomas Bareiß,3/21/2013,120206,"eich der  Solarenergie eine Reduktion der EEG-Vergütung um  70 Prozent erreicht – von 43 auf 16 Cent. Damit entlasten wir die Verbraucher in den kommenden 20 Jahren  um 2 Milliarden Euro. Das ist ein großer Erfolg. (Dr. Thomas Gambke [GRÜNE]: Das ist doch das Verdienst der Industrie, Herr Bareiß! – ",0
436004,Das stimmt! Das ist nicht nichts!,DIE LINKE,Anke Domscheit-Berg,SPD,Detlef Müller,9/6/2023,195155,"nen vorhandene Ausgabereste, die es ja gibt, weiterhin für die Digitalisierung eingesetzt werden. Zum Deutschlandticket, meine Damen und Herren. Die im Frühjahr vereinbarte Finanzierungszusage des Bundes für das Deutschlandticket steht. Herr Perli, das sind 3 Milliarden Euro. Das ist nicht nichts. (",2
366789,Reden Sie auch noch über die Opfer von Hanau?,CDU/CSU,Michael Grosse-Brömer,AfD,Dr. Roland Hartwig,3/5/2020,165128,"ch Ihnen gerne glauben. (Michael Grosse-Brömer [CDU/CSU]: Erschütternd!) Aber Sie müssen doch selbst einmal drüber nachdenken, was Ihr Vorgehen mit dem gesellschaftlichen Klima zu tun hat, in dem der Mord an Walter Lübcke und die schrecklichen Anschläge in Hanau und Halle überhaupt möglich wurden. (",0
201701,Falsch!,GRÜNE,Renate Künast,CDU/CSU,Peter Bleser,3/26/2009,92945,"hte noch mit etwas aufräumen, weil das sehr an moralische Dimensionen heranreicht. Sie sagen, der ökologische Landbau sei in der Lage, die Menschheit zu ernähren. Sie wissen genau, dass ein Drittel der Menschheit ohne den Einsatz von Pflanzenschutzmitteln und Dünger schon heute verhungern müsste.  (",1
445479,Das Gleiche wie der Kompaniechef!,CDU/CSU,Markus Grübel,FDP,Nils Gründer,11/16/2023,198286,"uss die Bundeswehr ein Umfeld schaffen, welches auch Familien anspricht. Wir müssen uns auch der Frage stellen: Was macht der alleinerziehende Soldat eigentlich im Verteidigungsfall? Was macht im Verteidigungsfall die Kompaniechefin, die sich zu Hause um ihren pflegebedürftigen Vater kümmern muss? (",0
386733,Ein unparlamentarischer Ausdruck hat auch mal was!,SPD,<unknown>,FDP,Hagen Reinhold,4/23/2021,176697,"wohnt, statt auf einen ergonomisch guten Arbeitsstuhl im Großraumbüro, das fast leer steht. Das sind die Schwächen, die dieser Arbeitsmarkt hat, und zwar überall in Deutschland. Das gilt es abzubauen. Es gilt nicht, solche Reden zu halten wie Sie. Ich danke Ihnen recht herzlich. (Beifall bei der FDP",0
399704,Aha!,GRÜNE,Felix Banaszak,CDU/CSU,Volkmar Klein,6/1/2022,183616,"plan 60 schon mal geparkt, um überplanmäßige Ausgaben zu finanzieren; 784 Millionen Euro für ACT‑A, also die internationale Impfkampagne, aber neben dem Einzelplan 23, und 1 Milliarde Euro aus dem Ergänzungshaushalt für Kriegsfolgenbewältigung weiterhin im Einzelplan 60 und nicht im Einzelplan 23; (",0
239270,Wer hat denn die Kurzarbeiterregelung gemacht?,SPD,<unknown>,FDP,Claudia Bögel,7/8/2011,107718,"ifall bei der FDP sowie bei Abgeordneten  der CDU/CSU) Wir haben durch das Wachstumsbeschleunigungsgesetz, durch die Verlängerung der Kurzarbeiterregelung und auch durch die Vereinfachung der Kreditvergabe sehr viele richtige und wichtige Maßnahmen getroffen – für den Mittelstand, für das Handwerk. ",0
196736,"Wenn das ein Opfer für Sie ist, dann lassen Sie es bleiben!",CDU/CSU,Dr. Peter Ramsauer,SPD,Florian Pronold,11/27/2008,90523,"bei der SPD – Dr. Peter Ramsauer [CDU/CSU]: Dann lassen Sie es halt bleiben! Das muss nicht sein!) Ich wäre bereit, etwas dafür zu zahlen – das ist doch überhaupt keine Frage –, aber ich muss es nicht, weil das alte und erst recht das neue Erbschaftsteuerrecht großzügig ist.  (Beifall bei der SPD – ",0
877,Siehe Niedersachsen!,CDU/CSU,<unknown>,SPD,Frank-Michael Habermann,4/25/1991,776,"in Mittel gegen  Wählertäuschung gibt, nämlich die Quittung mit dem  Stimmzettel.  (Beifall bei der SPD und der DIE LINKE)  Die Bürger sind nicht mehr gewillt, ohne die Folgen zu  bedenken, hinzunehmen, daß Politiker nach der Wahl  etwas anderes als das tun, was sie vor der Wahl versprochen haben.  ",0
145842,So ein Quatsch! Wo zeigt sich das denn?,GRÜNE,Birgitt Bender,CDU/CSU,Maria Eichhorn,11/11/2004,68797,"Beifall bei der CDU/CSU) Das Bundesverfassungsgericht hat uns, dem Gesetzgeber, eine Beobachtungs- und Nachbesserungspflicht aufgegeben. Entgegen der gesetzgeberischen Erwartung aus dem Jahre 1995 zeigt sich jedoch, dass Schwangerschaftsabbrüche allein wegen einer Behinderung des Kindes erfolgen.  (",1
123843,Coffeeshops!,GRÜNE,von Neuforn,FDP,Ernst Burgbacher,5/8/2003,61420,"tags!) Meine Damen und Herren, wir sind über Fraktionsgrenzen hinweg dabei, den Tourismusstandort Deutschland attraktiver zu machen. Dazu gehört es eben auch, eine ausgeprägte Biergarten- und Außengastronomiekultur zu haben. (Beifall bei der FDP sowie des Abg. Ernst Hinsken [CDU/CSU]  Silke Stokar ",0
74545,Und so eine Epoche haben die uns gelassen! Stell Dir das mal vor!,GRÜNE,Dr. Helmut Lippelt,CDU/CSU,Peter Hintze,11/24/1999,45558,"Herr Präsident! Liebe Kolleginnen und Kollegen! Wir führen diese Debatte in dem Bewußtsein, daß es die letzte Haushaltsdebatte im zu Ende gehenden 20. Jahrhundert ist und es zugleich um den ersten Haushalt im anbrechenden 21. Jahrhundert geht. (",0
177851,Waffen und Morde!,DIE LINKE,Ulla Jelpke,CDU/CSU,Alois Karl,5/11/2007,81374,"hres 2006 anschauen. Dort ist sehr akribisch dargestellt, wie sich die Entwicklung der rechts- und linksmotivierten Straftaten vollzogen hat. Die Zahl der linksmotivierten Gewaltdelikte ist immer noch deutlich höher als die der rechtsmotivierten.  (Monika Lazar [GRÜNE]: Es ist niemand umgekommen! – ",0
107390,Sie haben es auch nicht erfunden!,CDU/CSU,Dagmar Wöhrl,SPD,Hubertus Heil,3/14/2002,56763,"Frau Präsidentin! Meine lieben Kolleginnen und Kollegen! Herr Riesenhuber, ich habe Ihnen sehr begeistert zugehört. Ihre rhetorischen Fähigkeiten sind nicht zu schlagen. Aber beinahe hätten Sie gesagt – Sie haben es wohl vergessen –, Helmut Kohl habe das Internet erfunden.  (",0
141617,"Das ist einfach nicht  wahr, was Sie da erzählen!",SPD,Peter Dreßen,fraktionslos,Dr. Gesine Lötzsch,9/7/2004,67580,"che Richtung: Sie steuern sozial Schwache aus dem Gesundheitssystem heraus.  (Peter Dreßen [SPD]: Das ist auch nicht wahr!  Das ist nun wirklich nicht wahr!) Wenn Sie eine soziale Gesundheitspolitik machen wollen, dann müssen Sie die Praxisgebühr abschaffen und die Zuzahlungsregelung entschärfen.  (",1
176770,Das hat  Methode!,CDU/CSU,Georg Fahrenschon,CDU/CSU,Antje Tillmann,3/30/2007,80806,", obwohl Sie an Steuergesetzen mitarbeiten, selbst diese Grundbegriffe offensichtlich nicht auseinanderhalten können.  (Beifall beim GRÜNE sowie  des Abg. Georg Fahrenschon [CDU/CSU])Die Begriffsverwirrungen in Ihrem Antrag gehen aber weiter. Wenn der Verfasser ein bisschen im Stoff gesteckt hätte (",0
379708,Wie niveaulos ist das denn?,SPD,Gabriele Katzmarek,FDP,Thomas Sattelberger,12/8/2020,172248,") So bleibt nur die irdische Maßnahme des Aktenstudiums. In Ihrem Positionspapier für eine Digitale Bildungsoffensive Schulen, liebe Unionschristen, lesen Sie Ihrer ambitionslosen Ministerin ja kräftig die Leviten (Zurufe von der SPD) und ziehen Anja Karliczek jeglichen Speck unter dem Sessel weg. (",1
67510,Dann dürfen Sie die Rauschtat gar nicht bestrafen!,CDU/CSU,Norbert Geis,SPD,Dirk Manzewski,3/25/1999,42585,"t gewesen. Der Grundgedanke des § 323a StGB wäre quasi ausgehöhlt, und § 20 StGB wäre ad absurdum geführt. Liebe Kolleginnen und Kollegen, dies würde nach meiner Auffassung einen Bruch mit dem unserem Strafrechtssystem immanenten Schuldprinzip bedeuten. (Beifall bei der SPD, dem GRÜNE und der FDP – ",0
290296,Stimmt doch überhaupt nicht! Das ist die Unwahrheit!,DIE LINKE,Dr. Diether Dehm,SPD,Dirk Becker,1/29/2015,130105,"ls eine unserer Schwesterparteien mit Rechten eine Koalition gebildet hat, haben wir sie aus der europäischen Familie der Sozialdemokraten ausgeschlossen. Daran sollten Sie sich ein Beispiel nehmen! Oder sind Sie auf dem rechten Auge blind?  (Beifall bei der SPD sowie bei Abgeordneten der CDU/CSU – ",1
332712,Haben Sie ihrem Vorredner nicht zugehört?,SPD,René Röspel,CDU/CSU,Nadine Schön,6/28/2018,150485,iken bekämpfen (Zuruf von der AfD: Worthülsen dreschen! – Gegenruf von der CDU/CSU: Das können Sie am besten!) und zusammen mit der Forschung und den Anwendern in der Wirtschaft dieses Umfeld gestalten. (Martin Hebner [AfD]: Das läuft doch schon! Sie sind doch viel zu spät dran! – Gegenruf des Abg. ,1
378050,Schlechter Witz!,DIE LINKE,Christine Buchholz,AfD,Jürgen Braun,11/6/2020,171180,a dieses Berichtes sind. Ich füge hinzu: Die komplette und flächendeckende Absage von Ostergottesdiensten in Deutschland war ein verheerendes Signal. Die AfD hat als einzige Fraktion das höchste Fest der Christenheit verteidigt. (Lachen bei der CDU/CSU und der SPD sowie bei Abgeordneten des GRÜNE – ,1
196992,"Dafür gibt es dann kein Geld, weil alles im Milchfonds ist!",GRÜNE,Cornelia Behm,SPD,Dr. Wilhelm Priesmeier,11/27/2008,90609," getan –, sollten wir nicht erwecken. An dieser Stelle ist Klarheit und Wahrheit angesagt.  Ich glaube, dass kein Hektar in Baden-Württemberg oder Bayern in Zukunft nicht mehr bewirtschaftet wird. Wir müssen intelligente Agrarumweltprogramme schaffen, um diesen Regionen eine Perspektive zu geben.  (",0
386334,Weil die Effizienz höher geworden ist!,FDP,Dr. Lukas Köhler,DIE LINKE,Sabine Leidig,4/22/2021,176462,"Verkehrs leiden, nicht nur eine Umgehungsstraße als Ausweg bekommen; (Dr. Lukas Köhler [FDP]: Es geht um Effizienz!) denn neue Straßen ziehen neuen Straßenverkehr an. Deshalb gibt es auch nicht weniger Staus, obwohl Zehntausende Kilometer neue Straßen in den letzten zehn Jahren gebaut worden sind. (",0
167578,Das sehen die Verbraucher so!,GRÜNE,Jerzy Montag,CDU/CSU,Dr. Günter Krings,6/29/2006,76294,"behindert, sondern befördert wird.  Die Privatkopie wird auch künftig möglich bleiben. Das dürfte in diesem Haus quer durch alle Fraktionen unbestritten sein. Trotzdem möchte ich den Stimmen deutlich widersprechen, die inzwischen die Privatkopie als ein subjektives Recht des Verbrauchers ansehen.  (",0
442155,Was ist das pro Kopf?,AfD,<unknown>,SPD,Annika Klose,10/19/2023,197302,"gehört?) Vor allem aber ist Deutschland kein armes Land. Allein die Geldvermögen in privaten Haushalten lagen Anfang dieses Jahres bei sage und schreibe 7 393 Milliarden Euro. Die privaten Sachvermögen der deutschen Haushalte lagen, Stand 2021, bei 10,8 Billionen Euro. Das sind unfassbare Vermögen. ",0
286391,"Da können wir mal klatschen! Wenn er im Kern richtig ist, ist das schon mal gut!",DIE LINKE,Matthias W. Birkwald,SPD,Markus Paschke,10/16/2014,128156,"e müssen immer wieder den sich ändernden Bedingungen und Gegebenheiten auf dem Arbeitsmarkt angepasst werden. Das ist eigentlich eine Selbstverständlichkeit. Deshalb finde ich Ihren Antrag im Kern auch richtig, meine sehr verehrten Kolleginnen und Kollegen von der Linken.  (Beifall bei der LINKEN – ",2
71006,Das ist so auch drin!,GRÜNE,Dr. Reinhard Loske,CDU/CSU,Dr. Peter Paziorek,9/15/1999,44255," sein, daß das Verhalten der Menschen geändert wird. Mit anderen Worten: Das Verhalten der Menschen soll sich ändern, dadurch soll die Bemessungsgrundlage geringer werden, und dadurch muß dann, wenn es eine ökologische Steuerreform ist, schon mittelfristig das Aufkommen der Steuer geringer werden. (",0
416,Bei uns reden  die dauernd!,SPD,Ingrid Matthäus-Maier,CDU/CSU,Arnulf Kriedner,4/17/1991,607,"t und zeigt die Taktik, die hier sehr deutlich  wird, Frau Matthäus-Maier,  (Ingrid Matthäus-Maier [SPD]: Die Men-schen sollen wissen, was kommt!)  daß Sie nicht in der Lage waren, wenigstens als Feigenblatt für Ihre Argumentation hier einen Redner  aus den neuen Bundesländern antreten zu lassen.  (",0
368262,Der Staat soll doch nicht mehr da sein!,GRÜNE,Annalena Baerbock,AfD,Dr. Alexander Gauland,4/23/2020,166045,"egte, dass Rentner und Angehörige von Risikogruppen separate Einkaufszeiten erhalten, zum Beispiel am Vormittag? Da die meisten Geschäfte inzwischen Einlasspersonal an ihre Türen gestellt haben, lässt sich das leicht realisieren. Warum dürfen Gaststätten und Biergärten nicht unter Auflagen öffnen? (",0
316353,"Oh, jetzt wird er nervös! Jetzt schlottern die Knie!",GRÜNE,Renate Künast,GRÜNE,Irene Mihalic,1/25/2017,142386," Gefährder, als Person eingetreten ist. Dr. Ole Schröder, Parl. Staatssekretär beim Bundesminister des Innern: Das kann ich Ihnen ganz einfach beantworten: weil die rechtlichen Hürden hierfür sehr hoch sind (Irene Mihalic [GRÜNE]: Das ist doch nicht wahr!) und Sie als Grüne – Fraktion und Partei – (",0
73117,Aber dann polemisiert es sich so schlecht!,SPD,Ludwig Stiegler,SPD,Eckhardt Barthel,11/4/1999,45074," als das reden, was Sie uns hier vorlegen. (Beifall bei der SPD und dem GRÜNE) In Ihrem Antrag finde ich nichts, was mit dem Asylrecht zu tun hätte. Ich empfehle Ihnen, daß Sie einmal Ihren eigenen Entwurf lesen. Dann kämen Sie vielleicht zu dem Ergebnis, daß wir hier über ganz andere Dinge reden. (",0
30860,"Aber trotzdem ist richtig,  was Oostergetelo gesagt hat!",SPD,Horst Sielaff,FDP,Günther Bredehorn,5/19/1994,19400,"an müßte vielleicht auch einmal in der EU überprüfen, ob für solche  Tiere, die schon verendet oder mit gebrochenen  Knochen, mit gebrochenen Beinen usw. ankommen,  einfach keine Erstattung mehr stattfindet. Dann  würde das nämlich endlich mal beendet werden, weil  es nicht mehr so lukrativ wäre.  (",0
104788,Das können Sie bei uns auch schriftlich einreichen!,SPD,Dr. Ditmar Staffelt,CDU/CSU,Wolfgang Börnsen,1/31/2002,56133,"nwidrig erklärt. (Dr. Ditmar Staffelt [SPD]: Planen Sie jetzt Ihre nachparlamentarische Karriere oder was?) Hierdurch werden Geld, Arbeitsplätze und Existenzen vernichtet – zum Schaden für die gesamt Volkswirtschaft. Die Risiken dieser Wirtschaftsform dürfen vom Gesetzgeber nicht übersehen werden: (",0
323002,Man kann es auch herbeireden!,CDU/CSU,Ingo Gädechens,SPD,Rainer Arnold,6/29/2017,145449,"bestreitet, dass es in der Bundeswehr derzeit einen tiefen Vertrauensbruch bzw. eine tiefe Vertrauenskrise gibt, zerstört allein durch das Negieren und das Nichtwahrnehmen dieser Krise das weitere Vertrauen und zerstört übrigens auch die Chance, dass es wieder zusammenwächst. (Beifall bei der SPD – ",0
415323,Sehr schön!,CDU/CSU,Dr. Hendrik Hoppenstedt,DIE LINKE,Caren Lay,12/14/2022,188590,"en, die geändert werden müssen. Deswegen meine Frage: Wann werden Sie einen Gesetzentwurf vorlegen?    Klara Geywitz, Bundesministerin für Wohnen, Stadtentwicklung und Bauwesen: Wenn die Ressortabstimmung zu Ende ist, dann werden wir das dem Kabinett zuleiten. (Lachen bei Abgeordneten der CDU/CSU – ",2
190773,Dann kann sie ja  nicht so heimlich sein!,SPD,Gabriele Frechen,FDP,Otto Solms,5/9/2008,87616," wie die SPD darauf reagiert. Herr Beck sagt: Wir brauchen eine Steuerreform. Herr Poß sagt: Ja, aber sie darf nichts kosten. Es darf also keine richtige Steuerreform sein. Herr Steinbrück dementiert alles und lässt heimlich eine Steuerreform vorbereiten; das ist heute auf Spiegel Online zu lesen. (",0
373223,Jetzt habt ihr ein paar Wähler verloren!,AfD,Karsten Hilse,GRÜNE,Dr. Irene Mihalic,9/10/2020,168802,Sehr geehrter Herr Präsident! Liebe Kolleginnen! Liebe Kollegen! Die linksextremen Ausschreitungen von Leipzig sind schockierend und selbstverständlich ohne Wenn und Aber scharf zu verurteilen. (Beifall beim GRÜNE sowie bei Abgeordneten der CDU/CSU und der FDP – ,2
4724,Hat er nicht!,SPD,<unknown>,CDU/CSU,Michael Stübgen,9/27/1991,2864,"Herr Präsident!  Meine sehr verehrten Damen und Herren! Herr Kollege Dr. Keller, obwohl Sie jetzt Ihren Antrag zurückgenommen haben  ",0
203853,Sie wollten das Projekt doch auslaufen lassen! Sie wollten doch den Deckel draufmachen!,SPD,Elke Ferner,CDU/CSU,Jens Spahn,5/28/2009,94143,"s einzig wirklich Bedauernswerte ist, dass Sie, indem Sie das Kompromissangebot, das den Interessen aller Beteiligten eigentlich gerecht würde, ausschlagen, bei der Beantwortung einer grundsätzlichen gesellschaftspolitischen Frage einen Konflikt wie den zulassen, mit dem wir es heute zu tun haben. (",0
211991,In der Großen Koalition!,SPD,Christel Humme,GRÜNE,Ekin Deligöz,3/4/2010,97355,davon würden vor allem Frauen profitieren  und die eigenständige Existenzsicherung von  Frauen. In diesem Zusammenhang muss ich leider der SPD  sagen: Sie hätten dem allen zustimmen können. Sie hätten mutiger sein können. Sie hätten das alles mitmachen  können. Wo waren Sie in den letzten Jahren? (,0
114126,Wann kommt denn das Konzept von Ihnen?,SPD,Klaus Brandner,CDU/CSU,Dagmar Wöhrl,10/30/2002,58906,"denn wirklich allen Ernstes, dass die Schornsteine wieder rauchen werden, wenn man dem Wirtschaftskreislauf ein paar Finanzmittel zuführt? So geht es wirklich nicht. Hinter Ihrem Vorgehen steht der für Sie typische Glaube an die Allmacht des Staates.  (Beifall der Abg. Marie-Luise Dött [CDU/ CSU] – ",0
42503,War es das schon?,SPD,<unknown>,FDP,Graf Lambsdorff,1/18/1996,27333,"sen Ende die Krise des  politischen Systems steht. Das wollen wir nicht.  Wenn wir dagegen gemeinsam angehen, Herr Bundeskanzler, dann ist die FDP an Ihrer Seite, an der  Seite der Koalition. Dann wollen wir versuchen, das  gemeinsam zu schaffen.  Danke sehr.  (Beifall bei der FDP und der CDU/CSU - ",0
150802,"Ja, allerdings!",SPD,Siegfried Scheffler,GRÜNE,Albert Schmidt,1/27/2005,70254,", das Thema Verkehrsleistung ist bereits angesprochen worden. Nicht nur der öffentliche Verkehr – auf Schiene und Straße, mit Bussen und Bahnen –, sondern auch der Güterverkehr auf der Schiene entwickelt sich positiv. Ich verstehe überhaupt nicht, warum man dazu zynische Bemerkungen machen sollte. (",2
149191,Und Sie  drohen heute wieder!,CDU/CSU,Veronika Bellmann,SPD,Hans-Werner Bertl,12/16/2004,69750,".  (Beifall bei der SPD und dem GRÜNE – Werner Lensing [CDU/ CSU]: Wir haben schon damals gesagt: Das kann nicht funktionieren! – Dirk Niebel [FDP]: Das war schon damals falsch!) – Ich glaube nicht, dass das damals falsch war. Wir haben immer gesagt: Wir wollen keine Drohung, sondern Kooperation.  (",0
45311,Aber be,CDU/CSU,Hans Michelbach,SPD,Ingrid Matthäus-Maier,5/22/1996,29326," so  ist meine Sicht -, zumindest aber sehr zweifelhaft ist,  die Kindergelderhöhung in 1997 zu verschieben, die  ja nötig ist, um das Existenzminimum der Kinder  steuerlich freizustellen, da das Kindergeld auf jeden  Fall keine steuerliche Wohltat ist, wie Sie hier den  Eindruck erwecken wollen,  (",0
434918,"Ach, das ist ja eine interessante Interpretation! Ganz interessante Interpretation!",CDU/CSU,Dr. Anja Weisgerber,SPD,Dr. Lina Seitzl,7/7/2023,194937,"au Weisgerber, (Dr. Anja Weisgerber [CDU/CSU]: Jetzt kommt die Wiederherstellung der Natur!) Ihre Doppelmoral ist ja schon interessant. Auf der einen Seite kritisieren Sie die angebliche Aufweichung des Klimaschutzgesetzes, die ja eigentlich keine Aufweichung ist, sondern nur eine Konkretisierung. (",0
195723,Oh doch!,FDP,Dr. Max Stadler,SPD,Frank Hofmann,11/12/2008,90065,"it über das Ziel hinaus.  Das Gleiche gilt für Polizei und Geheimdienste. Die heimlichen Ermittlungsmethoden werden von den Landeskriminalämtern schon seit langer Zeit praktiziert. Wer hat dort bisher gefordert, dass an dieser Stelle zusätzliche parlamentarische Kontrollen notwendig sind? Niemand! (",0
455040,Das ist doch eine echte Katastrophe!,CDU/CSU,Stephan Albani,AfD,Nicole Höchst,2/23/2024,200987," können sie bei erfolgtem Sprachnachweis die Regelschulen erfolgreich besuchen. Das ist übrigens auch gut für uns alle und für Deutschland. Nein, der Antrag ist nicht schlecht gemacht. (Martin Rabanus [SPD]: Doch, ist er!) Sie haben nur keine echten inhaltlichen Argumente, um gegen ihn zu stimmen. (",1
118702,Noch einmal falsch!,GRÜNE,Winfried Nachtwei,CDU/CSU,Willi Zylajew,1/17/2003,59932,"af [SPD]: Das ist etwas Neues!) die zu gleichmäßigen Belastungen und Entlastungen der Gesellschaft führen, die fair und ordentlich sind.  Was Sie hier mit dieser Initiative machen, ist aus unserer Sicht rundherum beschämend. Sie sparen über 80 Millionen Euro zulasten der Behinderten, der Kranken,  (",1
131561,Sehr richtig!,SPD,Kurt Bodewig,SPD,Monika Griefahn,11/26/2003,63942,"ahmen reizt.  (Beifall bei der SPD sowie bei Abgeordneten  des GRÜNE) Wie der Kollege Fischer wünsche auch ich mir, dass es uns im nächsten Jahr gelingen wird, den Haushaltsan- Monika Griefahnsatz zu verstetigen – Kultur- und Bildungsarbeit ist im Vergleich zu militärischen Einsätzen preiswert –,  (",2
74117,So schlecht war keiner!,CDU/CSU,Dietrich Austermann,CDU/CSU,Friedrich Merz,11/23/1999,45473,"hnten jemals in einem größeren zusammenhängenden Zeitraum gewachsen ist, hätte kein einziger Ihrer sozialdemokratischen Vorgänger im Amt des Bundesfinanzministers gemacht. So ein Fehler wäre keinem von denen unterlaufen. (Beifall bei der CDU/CSU und der FDP – Joachim Hörster [CDU/CSU]: Sehr wahr! – ",0
326283,Das passiert doch nicht! Wir habe es gerade nachgewiesen!,DIE LINKE,Stefan Liebich,CDU/CSU,Thomas Erndl,2/23/2018,147301,"erung festgelegt wurde. (Omid Nouripour [GRÜNE]: Sie wenden sie nicht an! – Tobias Pflüger [DIE LINKE]: Das ist unglaublich!) Mit Blick auf die Situation im Jemen haben wir deshalb im Koalitionsvertrag verantwortungsvoll bestimmt, dass ab sofort keine weiteren Ausfuhren an Länder genehmigt werden, (",0
325675,Zum Thema!,AfD,<unknown>,FDP,Dr. Jürgen Martens,2/21/2018,147018,"offenbar auch Absicht der Antragstellerin. (Beifall bei der FDP und der CDU/CSU sowie bei Abgeordneten des GRÜNE) Man sollte sich einmal fragen, ob man im Parlament wirklich Debatten auf einer solchen Grundlage führen möchte, ob man sich dafür hergibt, dieses Schaulaufen in dieser Weise zu fördern. ",0
340356,So ein Quatsch!,CDU/CSU,Albert Rupprecht,GRÜNE,Margit Stumpp,11/22/2018,153559,"ng, neben Integration und neben Inklusion, und das von viel zu wenig Lehrkräften. Wie schlägt sich dies im Bundeshaushalt nieder? Zusätzliche Qualifizierung – gar nicht. Digitalisierung – zögerlich. Der Digitalpakt hat inzwischen den Status des Berliner Flughafens: Irgendwann wird er schon kommen. (",1
193154,Da würden wir uns auch freuen!,SPD,Ute Kumpf,FDP,Jens Ackermann,6/27/2008,88940,"ef von einem kleinen Jungen bekommen. Wir alle wissen, dass Art. 17 des Grundgesetzes ein „Jedermanns-Recht“ beinhaltet, dass sich also auch Kinder an uns wenden können. Der Junge schreibt zum Abschluss des Briefes: Lieber Herr Ackermann, ich würde mich sehr freuen, wenn wir Europameister werden.  (",0
316430,Was haben Sie denn gegen Sparkassen?,CDU/CSU,Hans Michelbach,GRÜNE,Nicole Maisch,1/26/2017,142421,"für diese Gesetzesänderung ist, waren zwar überall in den Medien, aber in der Realität schwer zu finden. Kollegin Tillmann, die Waschkörbe voller Zuschriften, die Sie in diesem Zusammenhang bekommen haben, interessieren mich sehr. Bei uns haben sich hauptsächlich die Sparkassen gemeldet. (Dr. h. c. ",0
335900,Jetzt kommt es raus: Sie haben Angst vor anderen Meinungen!,AfD,Jürgen Braun,SPD,Uli Grötsch,9/27/2018,151666," ich sagen: Die größte Gefahr für den Zusammenhalt in diesem Land sitzt neuerdings hier in diesem Haus. Wir wollen, dass ein Bundesamt für Verfassungsschutz das zukünftig erkennt. Deshalb fordern wir zukünftig die Beobachtung der AfD durch das Bundesamt für Verfassungsschutz. (Beifall bei der SPD – ",0
51100,Ganz klare Äuße,SPD,Dr. Uwe Küster,GRÜNE,Gerald Häfner,2/20/1997,33812,"ütz [SPD]: Loben Sie doch  mal den SPD-Entwurf! - Peter Conradi  [SPD]: Wir machen doch die Gesetze, nicht  die Regierung!)  - Wir stimmen heute über den SPD-Entwurf nicht ab,  wir werden ihn überweisen, aber wir haben keinen  Dissens mit diesem Entwurf; wir werden ihn ganz  und gar unterstützen.  (",0
358158,Wir reden jetzt von Deutschland!,AfD,Enrico Komning,SPD,Christoph Matschie,11/8/2019,161918,"Herr Präsident! Werte Kolleginnen und Kollegen! Meine sehr geehrten Damen und Herren! Zunächst eine kurze Bemerkung zu Ihnen, Herr Jongen, in Bezug auf die SPD: Es war Willy Brandt, der durch die Politik der Annäherung einem friedlichen Wandel in Europa den Weg bereitet hat. (",0
287315,Wie kann man nur solch einen Blödsinn erzählen?,SPD,<unknown>,GRÜNE,Annalena Baerbock,11/13/2014,128756," man bessere Argumente anführt.  (Beifall beim GRÜNE – Dirk Becker [SPD]: Das hätten Sie heute mal machen sollen!)  Wir haben wirklich gehofft, dass Sie heute mit besseren Argumenten kommen und nicht – wie Ihr Wirtschaftsminister – einfach sagen: Greenpeace ist aber blöd, die Grünen übrigens auch.  ",1
335585,"Vorsicht, Josef!",FDP,Christine Aschenberg-Dugnus,CDU/CSU,Josef Rief,9/14/2018,151447,"– auch heute – viel Mühe gegeben haben, das immer wieder zu behaupten. Dazu, dass Ulla Schmidt mit Jens Spahn verglichen wird, muss ich sagen: Es ist immer noch besser, als wenn Jens Spahn mit einem Gesundheitsminister von den Liberalen verglichen worden wäre. (Heiterkeit bei Abgeordneten der SPD – ",0
272084,Gott sei Dank!  Deshalb haben Sie nicht zugestimmt?,CDU/CSU,Dr. Reinhard Brandl,SPD,Karin Evers-Meyer,4/25/2013,121027, liegt bei 100 Prozent. Wir bezweifeln allerdings nach wie vor den militärischen Nutzen der Mandatserweiterung. (Beifall bei Abgeordneten der SPD) Mit dieser Einschätzung sind wir nicht allein. Im vergangenen Jahr wurden nur ein einziges Mal tatsächlich  Ziele an der somalischen Küste angegriffen. (,0
318854,Lassen Sie das die Mehrheit der Menschen in Bayern entscheiden!,CDU/CSU,Michael Grosse-Brömer,GRÜNE,Dr. Anton Hofreiter,3/24/2017,143522,"was Sie 2013 beschlossen haben, war schon eine Peinlichkeit. Es war eine Peinlichkeit für SPD und CDU. Es war dreist, dass Sie der Provinzpartei aus Bayern, die auch für Bayern eine Schande ist, nachgegeben haben. (Beifall beim GRÜNE sowie bei Abgeordneten der LINKEN – Widerspruch bei der CDU/CSU – ",0
430451,Quelle surprise!,CDU/CSU,Florian Müller,SPD,Anja Troff-Schaffarzyk,5/26/2023,193475,"Nutzung der Möglichkeiten der Verfahrensbeschleunigung durch Digitalisierung und eine bessere Zusammenarbeit von Bund, Ländern und Kommunen wurden dort ebenfalls bereits in den Blick genommen. Ein entsprechender ganzheitlicher Ansatz fehlt in Ihrem Gesetzentwurf, und darum werden wir ihn ablehnen. (",0
424678,Ich höre zu!,CDU/CSU,Thomas Jarzombek,FDP,Dr. Volker Redder,3/31/2023,191579,"mlich Unternehmen und Bürgerinnen und Bürger, Sachen zu tun, die sie vorher nicht tun konnten. Durch die Kombination geteilter Daten werden neue Informationen möglich. Der Unterschied zum Produkt – die Frage der Union –: Daten werden erst dann zur Information – Sie von der Union könnten zuhören –, (",0
412189,Das kann Ihnen nicht passieren!,GRÜNE,Dr. Paula Piechotta,AfD,Dr. Dirk Spaniel,11/22/2022,187646,"Sehr geehrte Frau Präsidentin! Sehr geehrte Damen und Herren! Herr Wissing, Ihr Verhalten ist sehr gefährlich. Sie sind – verglichen mit dem Straßenverkehr – der klassische Mensch, der rechts blinkt und links abbiegt. (",0
167944,Das hört sich aber anders an!,CDU/CSU,Julia Klöckner,GRÜNE,Cornelia Behm,9/5/2006,76545,"Wir lehnen die Agrogentechnik nicht aus diesem Grund ab, sondern wir lehnen sie ab, weil wir die Hoheit über unsere Teller und über unsere Äcker nicht großen Monopolen überlassen wollen.  (Beifall beim GRÜNE – ",0
251951,Sind Sie jetzt für oder gegen die Praxisgebühr? Zur Sache!,SPD,Dr. Karl Lauterbach,FDP,Daniel Bahr,3/21/2012,112628,"Dr. Karl Lauterbach [SPD]: Sind Sie für oder  gegen die Praxisgebühr?) ohne dabei den Blick dafür zu verlieren, dass dies auch alles finanzierbar und vor allem durch eine solide wirtschaftliche Lage der gesetzlichen Krankenversicherung gewährleistet sein muss. (Beifall bei der FDP und der CDU/CSU – ",1
155784,Die sieben mageren sind  bald um!,FDP,Dirk Niebel,CDU/CSU,Johannes Singhammer,5/12/2005,71889,"t haben davon gesprochen, dass dies teilweise mit großem Erfolg geschieht. Wir sollten übereinkommen, dass dieser Weg fortgesetzt wird. (Beifall bei der CDU/CSU) In den Zusammenhang mit den sieben Plagen biblischen Ausmaßes gehört die Geschichte von den sieben fetten und den sieben mageren Jahren. (",0
389179,Spricht wieder die Krankenhauslobby!,AfD,Dr. Götz Frömming,FDP,Dr. Andrew Ullmann,6/11/2021,178445,LINKEN und dem GRÜNE – Dr. Götz Frömming [AfD]: Absurd!)  Die AfD fordert unter anderem in ihrem Antrag die Schaffung von Lehrstellen für die Mikrobiologie. Wie schön das auch klingt: Die Unikliniken in Deutschland haben überall Lehrstühle für die Mikrobiologie.  (Dr. Axel Gehrke [AfD]: Zu wenig! – ,0
213417,Ja!,GRÜNE,Alexander Bonde,FDP,Birgit Homburger,3/17/2010,97712,", haben hier nur Wunschlisten vorgelegt. In Summe haben Sie 56 Milliarden Euro Mehrausgaben beantragt. Das, was Sie hier vorschlagen, ist keine verantwortliche Politik. (Beifall bei der FDP und der CDU/CSU – Zuruf des Abg. Alexander Bonde [GRÜNE]) – Lieber Herr Bonde, Sie fordern die Wahrheit ein. (",2
59549,Das paßt nicht  rein!,CDU/CSU,<unknown>,CDU/CSU,Hans-Peter Repnik,3/27/1998,38838,"old.  (Anke Fuchs [Köln] [SPD]: Danke schön!)  Wo Heiner Geißler recht hat, hat er recht. Deshalb  möchte ich das Zitat aus dem Jahr 1982, das er gebracht hat, noch einmal unterstreichen.  Herr Kollege Schwanhold, Sie haben natürlich  auch unterschlagen, was sich zwischen 1982 und  1989 getan hat.  ",0
153075,Sehr richtig!,FDP,Dr. Wolfgang Gerhardt,FDP,Dr. Karl Addicks,3/10/2005,71002,"ht es hier nur um eine redaktionelle Anpassung an die reformierte Handwerksordnung und um eine Koordinierung der verschiedenen Statistikdienste auf Bundes-, Landes- und Kommunalebene. Wir begrüßen diese geplante Vernetzung der einzelnen Datenpools. Nur, warum geht das eigentlich alles so langsam?  (",2
347648,"Ich dachte, Karneval ist vorbei!",GRÜNE,Sven Lehmann,AfD,Thomas Ehrhorn,3/22/2019,157050,"l aus, was da finanziell so alles zusammenkommt. (Steffi Lemke [GRÜNE]: Nehmen Sie denen alles weg! Schreiben Sie dazu einen Antrag! So was muss alles weg!) Vielleicht kommen wir dann auch zu ganz anderen Bewertungen bezüglich der angeblichen immer wieder benannten strukturellen Benachteiligungen, (",0
378256,Bitte nicht!,GRÜNE,Kai Gehring,FDP,Thomas Sattelberger,11/19/2020,171476,"all bei der FDP – Oliver Kaczmarek [SPD]: Schade um die schöne Redezeit!) „Neugierde ist ein verletzliches Pflänzchen,“ – so Albert Einstein – „das nicht nur Anregung, sondern vor allem Freiheit braucht.“ Sobald wir Freien Demokraten in Deutschland verantwortlich sind für Innovation und Forschung, (",1
65414,Ausgerechnet ihr!,SPD,Georg Pfannenstein,FDP,Dr. Wolfgang Gerhardt,2/24/1999,41707,"ssiert werden. Sie fragen nach weiteren Alternativen. Im Mai, glaube ich, Herr Bundesfinanzminister, steht eine Steuerschätzung bevor. Wir sind bereit, den Entwurf eines Steuergesetzes einzubringen, der eine Nettoentlastung für alle vorsieht, Investitionsimpulse setzt und die Beschäftigung anregt. (",0
12877,Das haben wir oft genug  kritisiert!,SPD,<unknown>,FDP,Graf Lambsdorff,9/9/1992,7536," vom Oktober vorigen Jahres kritisieren — das haben  Sie in einem Aufwasch mit anderen Begegnungen  getan —: Ist denn das Gespräch zu kritisieren, oder ist  die Tatsache zu kritisieren, daß das, was dort vereinbart worden ist, hier zu spät verabschiedet worden ist  und so zögerlich umgesetzt wird?  ",0
27078,Friede sei mit euch!,CDU/CSU,Dietmar Kansy,DIE LINKE,Dr. Ilja Seifert,12/9/1993,16524,"nke für die Aufmerksamkeit und für die  lebhafte Debatte zwischendurch.  (Beifall bei Abgeordneten der SPD —  Dr. Walter Hitschler [FDP]: Die erste Koalitionsannäherung, aber ganz zarte Versuche!  —Dr. Ilja Seifert [DIE LINKE]: Wenn Sie  kommen, Herr Hitschler, wir reden mit Ihnen  auch! — Dr.-Ing. ",0
302883,Wir hatten den eher als ihr! Aber ist egal!,GRÜNE,Maria Klein-Schmeink,SPD,Hilde Mattheis,1/14/2016,136140,"ruch des Abg. Dr. Wolfgang Strengmann-Kuhn [GRÜNE]) Frau Bender, eine Ihrer Vorgängerinnen, hat sehr massiv dafür gekämpft. Ich bin also froh, dass Sie dann Anfang 2000 diesen Beschluss zur Bürgerversicherung gefasst haben, nachdem die Heinrich-Böll-Stiftung Ihnen ein Gutachten dazu geliefert hat. (",0
39881,Sind 3 000 nichts?,FDP,Dr. Gisela Babel,SPD,Doris Barnett,10/12/1995,25642,"rund von Ausnahmegenehmigungen - man sollte Ausnahme und Regel unterscheiden - zur Sonntagsarbeit bundesweit lediglich  3 000 neue Stellen geschaffen wurden. Ist die Steigerung von 0,01 % tatsächlich die Aushöhlung eines  wichtigen kulturellen und gesellschaftlichen Gutes  wert? Ich glaube nicht.  (",0
257280,Und wie  häufig ist das schon geschehen?,DIE LINKE,Harald Weinberg,CDU/CSU,Dietrich Monstadt,6/28/2012,114825," auch auf die Pharmaindustrie. Die Sanktionen nach § 128 Abs. 3 können gravierend sein: Für den  Fall schwerwiegender und wiederholter Verstöße sehen  die Regelungen vor, dass Leistungserbringer für die  Dauer von bis zu zwei Jahren von der Versorgung der  Versicherten ausgeschlossen werden können (",0
422668,Sie reden schon wieder drumherum!,CDU/CSU,Thomas Jarzombek,GRÜNE,Nina Stahr,3/16/2023,190996,"fert haben. Also, das ist wenig für eine Oppositionspartei. (Thomas Jarzombek [CDU/CSU]: Sie sind die Regierung!) Wir waren lange genug in der Opposition. So etwas haben wir nicht abgeliefert. Das ist wirklich traurig, Herr Jarzombek. (Beifall beim GRÜNE sowie bei Abgeordneten der SPD und der FDP – ",1
327471,Das hat er bei Ihrer Musterfeststellungsklage auch nicht!,GRÜNE,Dr. Manuela Rottmann,CDU/CSU,Sebastian Steineke,3/16/2018,147882,"nen. Das ist doch wunderbar. (Dr. Franziska Brantner [GRÜNE]: Was denn? Wo denn?) Nach Ihrem Entwurf würde sich der Teilnehmer einer Gruppe anschließen, die durch einen Gruppenführer vor Gericht vertreten wird. Er hat aber keinerlei Möglichkeiten mehr, auf das weitere Verfahren Einfluss zu nehmen. (",0
58913,Welche volksei genen Güter meinen Sie eigentlich?,CDU/CSU,Joachim Gres,SPD,Dr. Uwe Küster,3/4/1998,38500,"nsicherung ist dort sehr groß!  Ich habe den Eindruck, Sie wollen jetzt versuchen,  unterhalb der Gesetzgebungsebene den Geist der  Flächenerwerbsverordnung zu verfälschen.  (Tilo Braune [SPD]: So ist es! - Weitere  Zurufe von der SPD)  - Da haben sie nicht mehr viel Zeit; das ist genau  richtig.  (",0
232056,"Sagen Sie das mal den jungen Frauen, die sich engagieren!",FDP,Florian Bernschneider,DIE LINKE,Heidrun Dittrich,2/24/2011,104468,"kt noch mehr benachteiligt, weil frauenspezifische Arbeitsplätze im sozialen und pflegerischen Bereich durch den Einsatz von Freiwilligen vernichtet werden. Es ist nicht nur eine schlechte Nachricht, sondern ein Skandal, was Sie den Frauen kurz vor dem Internationalen Frauentag am 8. März zumuten. (",0
85363,Sind Sie denn noch zu verwirren oder sind Sie es schon?,SPD,Dr. Mathias Schubert,CDU/CSU,Rainer Jork,11/10/2000,49955,"urch die so genannte Ökosteuer. (Zurufe von der SPD) – Wenn Sie Fragen haben, sollten Sie sie stellen. Es gibt durchaus Antworten auf solche Fragen. (Beifall bei der CDU/CSU) Tun Sie das aber bitte nicht auf chemisch-kaltem Wege, um mich möglicherweise zu verwirren oder aus der Fassung zu bringen. (",1
348780,So ein Quatsch!,GRÜNE,Steffi Lemke,CDU/CSU,Kai Wegner,4/10/2019,157629,"sagt hat. Die Grünen sind – so sagen sie es selbst – eine bürgerliche Partei – das wollen sie zumindest sein –, und das Erste, was sie machen, ist, auf den Enteignungszug mitaufzuspringen. So viel zur bürgerlichen Partei GRÜNE, liebe Kolleginnen und Kollegen. (Beifall bei Abgeordneten der CDU/CSU – ",1
148778,Das gilt auch weiterhin so!,GRÜNE,Winfried Nachtwei,CDU/CSU,Ruprecht Polenz,12/3/2004,69613,"rechend – sie soll schnell eingesetzt werden – eingesetzt wird, dann nutzen Sie systematisch die für Ausnahmefälle bestimmte Regelung „Gefahr im Verzug“. Damit widersprechen Sie Ruprecht Polenzden Intentionen des Bundesverfassungsgerichts, das ein solches Vorgehen nur als Ausnahme vorgesehen hat.  (",0
219053,Das wollen Sie doch  auch!,FDP,Harald Leibrecht,GRÜNE,Uwe Kekeritz,6/17/2010,99698," Minister einfach, die Unwahrheit zu sagen. Warum? Herr Minister Niebel verkündet immer noch, das 0,7-Prozent-Ziel erreichen zu wollen. Das ist verständlich. Schließlich hat er ebenso wie die Bundeskanzlerin von dieser Stelle aus des Öfteren immer wieder betont, dass er dieses Ziel verfolgen wird. (",0
140320,Unverschämt!,FDP,Hans-Michael Goldmann,GRÜNE,Ulrike Höfken,6/17/2004,67043,Die Hauptursache von nicht übertragbaren Krankheiten ist eine falsche Ernährung. Diese Ursache bedingt 60 Prozent Ulrike Höfkender Todesfälle. Mehr Menschen – das ist tragisch – leiden inzwischen an Übergewichtigkeit als an Hunger. Wir sehen Handlungsbedarf bei beiden Feldern. (Beifall beim GRÜNE – ,1
40737,Sie sollen den Wahr,SPD,<unknown>,CDU/CSU,von Schmude,11/8/1995,26239,"Herr Kollege  Schmitt, ich muß leider feststellen, daß auch Sie nicht  umfassend informiert sind.  ",0
162499,"Ha, ha!",GRÜNE,Renate Künast,CDU/CSU,Volker Kauder,3/10/2006,74312,"achenerkenntnis. Deswegen möchte ich hier sagen: Wer in die Gesetze hineinschaut, wird erkennen, dass das, was wir uns vorgenommen haben, möglich wird. Durch die Föderalismusreform wird näm-lich ein Umweltgesetzbuch des Bundes möglich. Das werden wir schaffen. (Beifall bei der CDU/CSU und der SPD – ",0
408026,Ja!,SPD,Michael Schrodi,FDP,Markus Herbrand,10/13/2022,186442,"Sehr geehrter Herr Präsident! Ich habe mich als Erstes gefragt, welche Rechte denn die Union an dem Buch hat. Also, eine bessere PR-Veranstaltung zwei Tage nach Erscheinen dieses Buches kann man im Grunde genommen gar nicht haben. (",2
289678,"Die Frage ist, ob man es will oder nicht!",GRÜNE,Harald Ebner,CDU/CSU,de Vries,12/19/2014,129758,"ng der Änderung der Freisetzungsrichtlinie in nationales Recht gesetzlich zu verankern, dass entsprechende Anbauverbote immer bundeseinheitlich zu verhängen sind. Dem kann man zum jetzigen Zeitpunkt noch nicht zustimmen, weil es einfach nicht klar ist, ob ein solches Gesetz juristisch sicher ist.  (",0
272450,Das ist in  unserem Sinn!,DIE LINKE,Harald Weinberg,CDU/CSU,Dr. Christian Ruck,4/26/2013,121225,"ich auch schade. – Deswegen habe ich  auch in den sieben Minuten meiner Redezeit keine Zeit  und keine Lust, mich mit dem kleinkarierten oppositionellen Unsinn zu beschäftigen. (Beifall bei der CDU/CSU und der FDP) Ich möchte die Zeit für ein Resümee, das auch mit  dem Weißbuch zu tun hat, nutzen. (",0
433088,So ist es!,CDU/CSU,Andrea Lindholz,CDU/CSU,Alexander Throm,6/23/2023,194373,"est. Damit öffnen Sie den Markt vor allem für Minderqualifizierte, liebe Kolleginnen und Kollegen. (Beifall bei der CDU/CSU – Johannes Vogel [FDP]: Bullshit! – Konstantin Kuhle [FDP]: Es ist traurig, das mitanzusehen!) Zur Westbalkanregel. Diese machen Sie von der Ampel zu einer Welt-Balkan-Regel. (",2
134797,Wir haben doch Anträge eingebracht! Die haben Sie abgelehnt!,CDU/CSU,Wolfgang Zöller,SPD,Ulla Schmidt,1/30/2004,64840,"em Zusammenhang darauf hingewiesen hätten, dass seinerzeit eine Deckelung des Beitragssatzes bei 1,7 Prozent erfolgt ist und dass spätestens jetzt die Zeit gekommen ist, eine Dynamisierung vorzunehmen. Damit hätten Sie uns die Hand gereicht, um die Pflegeversicherung gemeinsam weiterzuentwickeln.  (",0
393246,Ihre Politik war eine Schande für Deutschland!,AfD,Norbert Kleinwächter,CDU/CSU,Friedrich Merz,2/27/2022,180754,"ächter [AfD]: Ihre historische Schuld! – Weiterer Zuruf von der AfD: 16 Jahre CDU!) wenn Sie das zu einem Thema der parteipolitischen Auseinandersetzung machen. (Widerspruch bei der SPD und dem GRÜNE) Meine Damen und Herren, wir alle miteinander in diesem Haus – ich war schon ziemlich früh dabei – (",1
352115,Hat er recht!,CDU/CSU,Sebastian Brehm,GRÜNE,Markus Kurth,6/6/2019,159161,"undestags verabschiedet wurde, weiß ich noch genau, dass wir als Gesetzgeber damals einen Sicherheitspuffer eingebaut haben. (Sebastian Brehm [CDU/CSU]: So ist es!) Wir haben nämlich das Entlastungsvolumen bei den Beitragszahlungen größer gestaltet als den Aufwuchs der Steuerpflicht bei der Rente. (",0
75517,Warum lehnen Sie dann den Haushalt ab?,SPD,Manfred Opel,CDU/CSU,Kurt J. Rossmanith,12/1/1999,45787,"r Charme!) daß zumindest in den Grundsätzen ein Konsens herbeigeführt wurde. Diesen Konsens haben Sie in der Zwischenzeit – das ist sehr bedauerlich – verlassen. (Susanne Kastner [SPD]: Oder Sie! – Zuruf von der SPD: Wir nicht!) Ich kann Sie nur auffordern, wieder zu diesem Konsens zurückzukehren. (",0
317730,Oberlehrer!,SPD,Johannes Kahrs,CDU/CSU,Alexander Hoffmann,3/8/2017,143000,"al auf Kosten der parlamentarischen Fairness geht. (Johannes Kahrs [SPD]: Na, na!) Wenn die Kollegin Künast spricht – das weiß ich aus dem Ausschuss –, fehlt manchmal vielleicht die inhaltliche Tiefe. (Heiterkeit bei der CDU/CSU – Volker Beck [Köln] [GRÜNE]: Der geistige Titan hat jetzt das Wort! – ",0
413180,Genau!,CDU/CSU,Dr. Jan-Marco Luczak,CDU/CSU,Dr. Günter Krings,11/24/2022,187846,"rung für ein internationales Sondertribunal gegen den russischen Angriffskrieg einfordern, wurde gleich ganz in den Auswärtigen Ausschuss geschoben. (Nina Warken [CDU/CSU]: Ach, schau an! Hört! Hört!) Die Rechtspolitik, meine Damen und Herren, war einst das Herzstück der Gesetzgebung im Bundestag. (",2
200042,Ich habe es nur auf Deutsch gesagt!,GRÜNE,von Neuforn,GRÜNE,von Neuforn,3/4/2009,92211,"undes werden soll?  Peter Altmaier, Parl. Staatssekretär beim Bundesminister des Innern:  Einen europäischen Gendarmerieverbund gibt es derzeit nicht. Es gibt eine Reihe von Staaten, die sich als Einzelstaaten zur sogenannten EGF, European Gendarmerie Force, zusammengeschlossen haben. (Silke Stokar ",0
157654,So ist es!,CDU/CSU,Peter Bleser,CDU/CSU,Julia Klöckner,6/15/2005,72400,hen Bauern neben dem Fleisch aus Argentinien oder aus Frankreich liegt. In Frankreich sind BSE-Tests erst für alle Rinder über 30 Monate bei der Schlachtung vorgeschrieben. Dadurch kann es viel günstiger als das Fleisch aus Deutschland sein. Wir können uns das deutsche Fleisch sicherlich leisten;  (,2
5109,„Wei,SPD,<unknown>,GRÜNE,Dr. Klaus-Dieter Feige,10/17/1991,3212," nicht nur Bier getrunken, sondern man kümmert sich auch um die umweltunfreundlichen Flaschen. Wenn die bayerische Staatsregierung im Bundesrat so weitermacht, wird die CSU möglicherweise  eines Tages aus der Koalition fliegen.  Schönen Dank.  (Heiterkeit und Beifall bei der SPD und der  DIE LINKE —",0
3203,Das ist wohl richtig!,SPD,<unknown>,CDU/CSU,Dr. Theodor Waigel,9/3/1991,2172,"ung der nationalen Finanzierungsaufgaben darf nicht zu einem  Milliardenrausch verleiten. Im Gegenteil, auch wenn  es immer wieder um Milliarden geht: Wir müssen  gerade in diesen Tagen jede Mark zweimal umdrehen  und uns fragen, ob alles, was wir finanzieren, unbedingt nötig und vordringlich ist.  ",2
264875,Aha!,FDP,Dr. Rainer Stinner,DIE LINKE,Inge Höger,12/12/2012,118009," Erwägungen  stellt. Diese Tradition begann aber lange vor Frau  Merkel. Die zur Schau gestellte Entrüstung von Rot- Grün ist heuchlerisch. (Dr. Rainer Stinner [FDP]: Aha!) Es war die rot-grüne Regierung, die im Verhältnis zur  Kohl-Regierung die deutschen Rüstungsexporte mehr  als verdoppelt hat. (",0
272086,Nein! Nein!,CDU/CSU,Ingo Gädechens,SPD,Karin Evers-Meyer,4/25/2013,121027,", ohne dass der Operationskorridor auf Küstengewässer hätte ausgedehnt werden müssen. (Ingo Gädechens [CDU/CSU]: Aber noch  erfolgreicher mit!) Zweifel an der Sinnhaftigkeit eines erweiterten Mandats  für die Bundeswehr haben daher nicht zuletzt auch Fachleute aus den Reihen der Bundeswehr selbst. (",1
3365,Sehr gut!,CDU/CSU,Dr. Alfred Dregger,FDP,Graf Lambsdorff,9/4/1991,2195," richtiger  Wunsch!)  Ich habe angesichts der Auseinandersetzungen mit  Franz Josef Strauß in vielen Jahren, in denen gelegentlich auch mit harten Bandagen gekämpft wurde,  sicherlich keinen Nachholbedarf. Aber ich kämpfe mit  Lebendigen und nicht mit Toten.  (Beifall bei der FDP und der CDU/CSU —  ",2
327234,Träum weiter!,AfD,Thomas Seitz,GRÜNE,Claudia Roth,3/15/2018,147798,"ht Erdogan, und Erdogan ist nicht die Türkei. (Beifall beim GRÜNE, bei der FDP und der LINKEN sowie bei Abgeordneten der CDU/CSU) Das ist eine Politik, die all diejenigen unterstützt, die sich mehr denn je für eine demokratische, für eine rechtsstaatliche, für eine proeuropäische Türkei einsetzen. (",1
434514,"Sie wird behindert von der Politik, von Leuten wie Ihnen!",AfD,Dr. Bernd Baumann,SPD,Sebastian Fiedler,7/6/2023,194809,"s im Ergebnis bedeutet: Sie sprechen nicht für die deutsche Polizei in diesem Haus. (Beifall bei der SPD und dem GRÜNE sowie bei Abgeordneten der CDU/CSU und der FDP) Sie spalten nicht die Polizei in Deutschland. Sie steht für Vielfältigkeit, Demokratie, Rechtsstaatlichkeit, und sie ist weltoffen. (",0
344052,Das ist doch Quatsch!,DIE LINKE,Kathrin Vogler,CDU/CSU,Nikolas Löbel,2/1/2019,155343,"ngen müssen, sich an diesen INF-Vertrag zu halten. Damit sind wir beim nächsten Punkt, Ihrem Vorwurf, wir würden bzw. die Bundesregierung würde den Amerikanern blind Gefolgschaft leisten. Ich fordere Sie auf, erst einmal Ihre blinde Gefolgschaft gegenüber Wladimir Putin und Russland zu überdenken. (",1
149387,Warum sparen  Sie die Körperschaftsteuer aus?,CDU/CSU,Leo Dautzenberg,SPD,Bernd Scheelen,12/16/2004,69802,"Arbeitnehmer verlagert wird. Ich sage Ihnen ganz deutlich: So etwas machen wir nicht mit. (Beifall bei der SPD und dem GRÜNE – Klaus-Peter Flosbach [CDU/ CSU]: Das stimmt überhaupt nicht! – Leo Dautzenberg [CDU/CSU]: Wieder nicht gelesen!) – Doch, ich habe dieses wahnsinnige Konzept genau gelesen. (",0
77116,Aber nicht bei Ihnen!,SPD,Kurt Bodewig,CDU/CSU,Matthäus Strebl,1/27/2000,46506,"müssen,  statt sie zu blockieren. Diesen Vorwurf mache ich Ihnen.  (Beifall bei der CDU/CSU)  Mir ist es recht, wenn unabhängige Sozialverbände,  wie zum Beispiel der Caritasverband, regelmäßig Armutsberichte vorlegen. Auch die Vermögensverteilung  ist ein ständiges Thema der Veröffentlichungen.   (",0
1491,Dann lassen  Sie es sein!,CDU/CSU,Jochen Borchert,SPD,Ingrid Matthäus-Maier,6/5/1991,1150,"Regierung vielleicht doch  mit etwas mehr Ehrlichkeit bei den Bürgern versuchen.  (Beifall bei der SPD — Detlev von Larcher  [SPD]: Ihr fehlt der Mut!)  Da wir gerade bei Ehrlichkeit in der Finanzpolitik  sind, greife ich einen Punkt auf, zu dem ich eigentlich  heute nicht Stellung nehmen wollte.  (",0
86335,"So nicht, Herr Kollege!",SPD,Gernot Erler,CDU/CSU,Friedrich Merz,11/28/2000,50312,"m ersten Mal in den Mund genommen? Vor ein paar Wochen! – Michael Roth [Heringen] [SPD]: Sie haben den Kopf voll mit Blödsinn!) Ich will es noch einmal ganz ausdrücklich sagen, damit keine Missverständnisse entstehen: Wir sind bereit, mit Ihnen zusammen dafür zu sorgen, dass Nizza ein Erfolg wird. (",1
279611,Und das wollen Sie jetzt fortführen!,GRÜNE,Annalena Baerbock,CDU/CSU,Andreas G. Lämmel,3/20/2014,125109,"n, aber eben ohne deutsches Bergrecht.  (Eva Bulling-Schröter [DIE LINKE]: Was? Unsere Parteimitglieder? Auch in Bayern?)  Was ist geblieben? Was haben Sie hinterlassen? 120 000 Hektar durch Tagebau und Braunkohleveredelungsanlagen zerstörte Landschaft  (Harald Ebner [GRÜNE]: Ja, das ist schlimm! – ",0
342089,Schnell?,GRÜNE,<unknown>,SPD,Elisabeth Kaiser,12/13/2018,154443,"rägte Gesellschaft, durch Arztpraxen und psychologische Gutachten erweisen. Liebe Kolleginnen und Kollegen, ich möchte der Bundesregierung an dieser Stelle heute aber auch dafür danken, dass sie so schnell nach dem Bundesverfassungsgerichtsurteil einen Gesetzentwurf zur dritten Option vorgelegt hat.",0
28032,Das ist richtig! Das  ist bei uns gleichrangig!,SPD,Dr. Edith Niehuis,CDU/CSU,Dr. Reinhard Göhner,2/2/1994,17250,"SPD]: Nein, das ist nicht  wahr!)  wie schon bei der verfassungswidrigen Formulierung  des Beratungsziels im Gruppenantrag, gleichrangig  die Anerkennung des hohen Wertes des vorgeburtlichen Lebens auf der einen Seite und der Eigenverantwortung der Frau auf der anderen Seite nebeneinanderstellen.  (",0
257101,Aber Kinder brauchen Betreuung!,CDU/CSU,Dorothee Bär,SPD,Sönke Rix,6/28/2012,114790," durch den Straßenausbau auch die Autofahrerinnen und  Autofahrer. Was zahlen wir eigentlich denjenigen, die  kein Auto fahren? Was zahlen wir denjenigen, die keine  Bibliothek in Anspruch nehmen? (Beifall bei der SPD sowie bei Abgeordneten  der LINKEN und des GRÜNE – Widerspruch bei der CDU/CSU –  ",0
215596,Das ist das Prinzip Hoffnung!,GRÜNE,Britta Haßelmann,FDP,Otto Solms,4/21/2010,98354," wird bald eine neue Steuerschätzung geben –, die bis jetzt Grundlage aller Berechnungen ist, kommt zu dem Ergebnis, dass wir im Jahre 2010 ein Gesamtsteueraufkommen – Bund, Länder und Gemeinden zusammen – von 510,4 Milliarden Euro haben werden. Das wird bis 2013 auf 575 Milliarden Euro ansteigen. (",0
365042,"Haben Sie nicht richtig lesen können, oder wollen Sie nicht richtig lesen?",FDP,Reinhard Houben,CDU/CSU,Dr. Andreas Lenz,1/30/2020,164389,"r beschlossen wurde, richtig ausgestaltet. So geht Zukunft, so geht Innovation, und so werden Unternehmensgründungen auf den Markt gebracht, meine sehr geehrten Damen und Herren. (Beifall bei Abgeordneten der CDU/CSU) Jetzt seien wir mal ehrlich: Von der FDP kommt nichts außer Problembeschreibung. (",1
211397,Daran hat er in der Schweiz nicht gedacht!,SPD,Joachim Poß,SPD,Dieter Rossmann,2/25/2010,97129,"eser Schaumschläger  doch nicht!) Wenn Sie diese Stärke ausdrücken könnten, dann wäre das ein guter Beitrag dafür, die Solidarität und den Zusammenhalt in Deutschland zu sichern. Leider schaffen Sie es bisher nur, zu spalten. Das ist zu wenig. (Beifall bei der SPD sowie bei Abgeordneten des GRÜNE – ",0
312893,Was schlagen Sie denn vor?,DIE LINKE,Katja Kipping,CDU/CSU,Dr. Heribert Hirte,10/21/2016,140808,"en dargestellt. Ich habe mich gefragt: Warum nicht das Zehnfache? Sie haben wenigstens nicht gesagt, Manager sollten dasselbe wie die unterste Lohngruppe erhalten. Okay, dasselbe wollen Sie also nicht, aber warum nicht das Zweifache, das Dreifache oder das Vierfache? Alles das begründen Sie nicht. (",0
453358,"Auwei, auwei, auwei!",CDU/CSU,Christian Hirte,SPD,Carsten Träger,2/1/2024,200378,": Was heißt denn das? Er hat ausdrücklich auch die Außen- und Sicherheitspolitik erwähnt. Es sei mir gestattet, zu fragen: Was bedeutet es denn, wenn man grundsätzlich anderer Meinung in allen Punkten der Außen- und Sicherheitspolitik ist? Heißt das, Sie wollen die Ukraine nicht mehr unterstützen? (",1
275396,Das ist  Ahnungslosigkeit!,SPD,Iris Gleicke,SPD,Thomas Oppermann,6/26/2013,122797,eser Vorfälle (Beifall bei der SPD und dem GRÜNE sowie bei Abgeordneten der  LINKEN) immer noch völlig ahnungslos präsentieren und ganz offenkundig nicht das richtige Problembewusstsein für  diese Frage entwickelt haben. (Volker Beck [Köln] [GRÜNE]: Das ist sein Amtsverständnis: Ahnungslosigkeit! – ,0
348346,Genau!,CDU/CSU,Michael Grosse-Brömer,GRÜNE,Kai Gehring,4/5/2019,157424,"ei-Säulen-Modell; denn die staatliche Studienfinanzierung muss gerechter, verlässlicher und leistungsfähiger werden. (Beifall beim GRÜNE) Ministerin Karliczek, fangen Sie doch mal an zu kämpfen! Und Herr Minister Scholz – trotz der Klingbeil-­Oppositionsrede ist ja auch die SPD in der Regierung –, (",2
379339,"Ja, und was ist davon geflossen? Gar nichts!",FDP,Katja Suding,CDU/CSU,Tankred Schipanski,11/27/2020,172100,"teilvorlage; meine Kollegin Tiemann hat das schon gesagt. Ihre Behauptungen, der Bund und die Ministerin seien tatenlos, sind schlichtweg völlig falsch. Frau Völlers hat dargestellt, welche Mittel bereitstehen: DigitalPakt Schule – 5 Milliarden Euro; drei Zusatzvereinbarungen à 500 Millionen Euro. (",1
54718,"Doch, der Herr Kolbe! ",SPD,<unknown>,FDP,Detlef Kleinert,9/10/1997,35988,"ledigt sich unter Umständen dadurch, daß die  Parteien, ich sage einmal höflich: aus welchen Gründen auch immer kein Interesse mehr an der Sache  haben. Das ist natürlich nicht die Lösung, die wir für  unser Land anstreben sollten. Ich kenne hier auch  niemanden, der das ernsthaft vertreten würde.  ",0
14486,Wie denn? Wo und  wann?,SPD,Günther Heyenn,CDU/CSU,Heinz Rother,10/15/1992,8414," es weitere  Intelligenzler geben —, der mit mir gemeinsam aktiv  bei der Wende mitgearbeitet hat, sich also für Besseres  eingesetzt hat und nun zum Schluß weniger Rente  bekommt. Meinen Sie im E rnst, daß wir an solche  Menschen nicht denken, daß wir nicht versuchen,  diese Härtefälle zu lösen?  (",0
351013,Na ja!,GRÜNE,Kai Gehring,SPD,Dr. Karl Lauterbach,5/16/2019,158630,"mann [CDU/CSU]) Die Grünen fordern, dass wir die Leistungen dynamisieren sollen. Ich sage hier an dieser Stelle: Die Forderung ist absolut richtig. Aber ich weise darauf hin, dass wir in unserem Entschließungsantrag genau das vorsehen. Wir werden auswerten, wie das wird, was wir jetzt beschließen. (",0
334838,"Ob man sich die Erde untertan macht, ist auch so eine Sache!",SPD,Dr. Matthias Miersch,CDU/CSU,Rüdiger Kruse,9/11/2018,151197,". Wir haben über die Jahrhunderte ja ein bisschen mit den Zehn Geboten geübt, und mit den meisten klappt das auch ganz gut. Sie haben Eingang in die normale Gesetzgebung gefunden. Gut, die ersten zwei sind natürlich persönliche Geschmackssache. Man muss selber wissen, ob man sich denen unterwirft. (",0
174456,Sparen Sie sich Ihre Sprüche!,DIE LINKE,Oskar Lafontaine,CDU/CSU,Dr. Michael Fuchs,2/1/2007,79374," heute zweimal zuhören muss, ist schon eine echte Zumutung. Zweimal hier diesen Populismus zu erleben, das grenzt für mich schonfast an Körperverletzung. Was Sie uns hier zumuten, ist ziemlich unerhört.  (Beifall bei der CDU/CSU – Werner Dreibus [DIE LINKE]: Daran werden Sie sich gewöhnen müssen! – ",1
448918,Aber bitte kurz!,SPD,Jürgen Coße,fraktionslos,Robert Farle,12/14/2023,199238,"Sehr geehrte Frau Präsidentin! Vielen Dank für die Möglichkeit, kurz etwas dazu zu sagen. (",0
425440,Da hat er recht gehabt!,AfD,Stephan Brandner,SPD,Helge Lindh,4/20/2023,191863,"sch schreiben, natürlich Idioten. Ich könnte mir auch vorstellen, dass die Idiotie eher bei der AfD liegt und dass die Harvard-Absolvierenden recht gehabt haben. Das stört und ärgert mich übrigens auch an der Bemerkung von Herrn Linnemann, der von eklatanten Fehlern in der Flüchtlingskrise sprach. (",0
4208,"Herr Rind, es ist  aber noch nicht Weihnachten!",SPD,von Larcher,FDP,Hermann Rind,9/19/1991,2516,"r keine weitergehenden familienpolitischen Leistungen erbringen. Trotzdem sind 6,7 Milliarden DM Steuerentlastungen für  die Familien eine frohe Botschaft,  (Beifall bei der FDP und der CDU/CSU)  und das ohne Rücksicht darauf, ob das Bundesverfassungsgericht hier mitgewirkt hat oder nicht.  (Detlev ",0
42787,Nein!,FDP,Dr. Dieter Thomae,SPD,Gudrun Schaich-Walch,2/1/1996,27550,"ungen geben. Sie sind  allerdings verborgen worden hinter den Begriffen  Leistungsverantwortung, Beitragsverantwortung und  Eigenverantwortung.  (Antje-Marie Steen [SPD]: Freiheit!)  Sie tun hier so, als wären das die Schlüssel zur Sanierung des gesetzlichen Systems unserer Gesundheitsversorgung.  (",1
92796,Das lenkt doch ab!,FDP,Friedrich Nolting,CDU/CSU,Ulrich Adam,3/29/2001,52458,"rl. Staatssekretär beim Bundesminister für Wirtschaft und Technologie: Der Ministerpräsident des Landes Mecklenburg-Vorpommern hat einen so guten Draht zur Bundesregierung, dass ich Sie, Herr Adam, nicht als Briefträger verwenden möchte.  (Heiterkeit bei Abgeordneten der SPD und des GRÜNE – Günther ",0
287059,Horst Seehofer,GRÜNE,von Notz,SPD,Waltraud Wolff,11/7/2014,128563,"öbele [GRÜNE]: Er hat eine Medaille gekriegt!)  Der damalige Bundesminister zeichnete den Lkw-Fahrer sogar mit der „Goldenen Plakette“ des Verbraucherschutzministeriums aus – verdient, wie ich meine.  (Beifall bei der SPD, der LINKEN und dem GRÜNE sowie bei Abgeordneten der CDU/CSU – Dr. Konstantin ",0
88940,Die FDP ist nach allen Seiten offen!,SPD,Johannes Kahrs,SPD,Peter Zumkley,1/19/2001,51046," dringend erforderlich; denn jede Standortschließung macht deutlich – das kann man auch der aktuellen Debatte entnehmen –, dass mangelnde Konversionsplanung den Regionen großen Schaden zufügt.  Natürlich setzen wir uns auch – ebenso wie neuerdings die FDP – (Gernot Erler [SPD]: Ihr neuer Partner! – ",0
208561,Das stimmt doch  nicht! Das ist widerlegt worden!,FDP,Patrick Döring,GRÜNE,Winfried Hermann,12/17/2009,96332,"indestens 4 Milliarden bis 6 Milliarden Euro kosten wird. Wenn Sie alles zusammenrechnen, kommen Sie auf ein Projekt von mindestens 10 Milliarden Euro. Des Weiteren haben Sie gesagt, man könne durch das Projekt Schienenverkehr verlagern. Die Neubaustrecke kann aber nicht einmal Güterzüge aufnehmen.(",0
260771,Was ist da funktionierender Markt?,SPD,Dr. Carsten Sieling,CDU/CSU,Marco Wanderwitz,10/19/2012,116295,"ieten kann, und der Verbraucher das nicht wahrnimmt, dann stelle ich mir doch – wenn ich einen funktionierenden Preiswettbewerb habe; der ist offensichtlich  in Deutschland vorhanden – die Frage: Warum soll ich  dann als Gesetzgeber mit den von Ihnen vorgeschlagenen scharfen Eingriffen regulieren? (",0
115386,Jetzt ein Wort zu Rheinland,CDU/CSU,Reinhard Grindel,SPD,Sebastian Edathy,11/13/2002,59161,"dnis auf, die sich selber immer als Rechtsstaatspartei definiert hat und, wie ich glaube, in der Vergangenheit auch nicht ganz zu Unrecht. Lassen Sie es mich klar sagen, meine Damen und Herren: Das Streben nach Regierungsverantwortung kann man keiner Partei zum Vorwurf machen. (Lachen bei der FDP – ",0
438036,Und was kostet es?,CDU/CSU,Michael Donth,SPD,Christian Schreider,9/21/2023,195749,"r Kommission wird bereits umgesetzt. Wir beginnen mit der Linie, über die 20 Prozent des deutschen Fernverkehrs läuft und die dank Dominoeffekte für gut 80 Prozent der Verspätungen sorgt: die Riedbahn zwischen Frankfurt und Mannheim. Die Vorarbeiten für ihr Fitmachen laufen bereits auf Hochtouren. (",0
182133,Notwendig!,FDP,Michael Kauch,CDU/CSU,Michael Grosse-Brömer,10/11/2007,83364," Problem ganz zutreffend beschrieben. Er hat gesagt, dass das Strukturproblem der Demokratie in der Verherrlichung der Gegenwart und in der Vernachlässigung der Zukunft liegt. Insofern ist es gut, wenn wir darüber nachdenken, was zukünftige Generationen von der aktuellen Politik zu erwarten haben. (",0
153985,Da gibt es so was  nicht!,FDP,Markus Löning,SPD,Peter Dreßen,4/13/2005,71381,"ssungen in Großstädten, zum Beispiel in Düsseldorf, Stuttgart und München, und dass dort die Grenze überschritten worden ist. Ich komme aus dem ländlichen Raum. Deshalb lautet meine Frage: Wird im ländlichen Raum überhaupt nicht gemessen oder ist dort die Feinstaubentwicklung gravierend niedriger? (",0
197537,Vielleicht wollen  die anderen auch fleißig sein!,DIE LINKE,Elke Reinke,FDP,Heinz-Peter Haustein,12/4/2008,90788,"Menschen, die um sechs Uhr in der Bäckerei stehen, an die Krankenschwestern in den Krankenhäusern, an die Müllmänner, die den Müll wegräumen, an die vielen fleißigen Leute. Ich denke auch an die Handwerksbetriebe und an die Landwirte, denen – trotz Arbeit – immer mehr weggenommen wurde oder wird.  (",0
11930,Ich habe es  nachgelesen!,CDU/CSU,Julius Louven,SPD,Ottmar Schreiner,6/17/1992,6940,"ie haben doch  Frau Hildebrandt hier gehört!)  — Frau Hildebrandt hat sich bei ihrer Rede hier vor  einigen Wochen ausdrücklich beim Deutschen Bundestag und bei der ganzen westdeutschen Bevölkerung bedankt.  (Julius Louven [CDU/CSU]: Nein, das stimmt  nicht!)  — Dann lesen Sie das Protokoll nach.  (",0
181376,Sagen wir  doch!,CDU/CSU,Reinhard Grindel,FDP,Gisela Piltz,9/20/2007,83001,"Das, was Sie tun, ist nicht ehrlich und zugleich gefährlich, weil Onlinedurchsuchungen nicht das Allheilmittel gegen Terrorismus sind. (Reinhard Grindel [CDU/CSU]: Wer sagt das  denn?) Wir brauchen mehr. Über viele Dinge, zum Beispiel über die bessere Ausstattung der Polizei, bessere Kommunikation (",0
148970,Pfui!,CDU/CSU,Dr. Friedbert Pflüger,FDP,Dr. Guido Westerwelle,12/15/2004,69699,"zur Kenntnis genommen. (Dirk Niebel [FDP]: Das ist ja unverschämt! –  Zuruf von der CDU/CSU: Immerhin!) Wo sind wir gelandet, wenn ein Beschluss des Deutschen Bundestages nach Auffassung der Bundesregierung für sie nichts anderes ist als etwas, was man mit Interesse und Respekt zur Kenntnis nimmt? (",1
308911,Zu Recht!,DIE LINKE,Matthias W. Birkwald,SPD,Markus Paschke,6/23/2016,139090,"oalition gut und konstruktiv an Lösungen gearbeitet. Gemeinsames Ziel war es immer, keine Leistungsverschlechterungen, sondern Rechtsvereinfachungen zu beschließen. (Beate Müller-Gemmeke [GRÜNE]: Das ist euch nicht gelungen!) Auch wenn die Opposition einige Teile kritisiert oder gar skandalisiert, (",0
260127,Und wo  ist er jetzt? Wo ist er denn jetzt?,FDP,Rainer Brüderle,CDU/CSU,Gerda Hasselfeldt,10/18/2012,116004,"jemand das noch nicht verstanden hat und nicht  gehört hat, wie der Herr Steinbrück das vorhin zum Ausdruck gebracht hat, dann, finde ich, muss die Frage  schon erlaubt sein: Wo war er denn dann, (Beifall bei der CDU/CSU sowie bei Abgeordneten der FDP – Gisela Piltz [FDP]: Wo ist der  eigentlich! – ",0
128200,Die Länder sind für den Katastrophenschutz verantwortlich!,SPD,<unknown>,FDP,Ernst Burgbacher,9/25/2003,62870,"tworten. (Zuruf von der CDU/CSU: Die drücken sich!) Dann lassen Sie es doch bleiben. Es kann doch nicht sein, dass Sie zu inhaltlichen Fragen schlichtweg nichts sagen können und darauf verweisen, das sei Sache der Länder. Sie entziehen sich Ihrer Verantwortung. (Beifall bei der FDP und der CDU/CSU –",0
249022,Das hat doch überhaupt nichts damit zu tun!,GRÜNE,Dr. Gerhard Schick,CDU/CSU,Hans Michelbach,1/26/2012,111384,"gt, dass er über die Zahlen informieren möchte. Das ist letzten Endes nur das Schüren von Unsicherheit in einem laufenden Prozess. Endgültige Zahlen können noch gar nicht genannt werden. Sie müssten sich eigentlich diese Frage stellen: Was wäre denn gewesen, wenn wir den Soffin nicht gehabt hätten?(",1
185230,Wir sind vor  Weihnachten! Das muss doch nicht sein!,CDU/CSU,Dr. Andreas Scheuer,FDP,Cornelia Pieper,12/13/2007,84842,"l bei der FDP) So gut das auch ist: Ich stehe heute nicht hier, weil ich über die Richtigkeit des Inhalts reden will, was uns allen klar ist. Ich stehe heute hier, weil ich als Abgeordnete des Ausschusses wirklich empört darüber bin, wie mit einer guten Idee interfraktionell verfahren worden ist.  (",1
127589,Das wissen Sie doch gar nicht!,SPD,Dr. Peter Danckert,CDU/CSU,Eduard Oswald,9/11/2003,62717,"Anlass von zehn Jahren Bahnreform eine ausführliche Debatte hier im Bundestag. (Beifall bei der CDU/CSU und der FDP sowie bei Abgeordneten der SPD und des GRÜNE) Die Situation im Baugewerbe ist erschütternd. Für mich ist bedrückend, wie wenig Betroffenheit die Lage am Bau in Ihren Reihen auslöst.  (",1
283255,Die Probleme werden kleiner!,CDU/CSU,Dr. Michael Fuchs,DIE LINKE,Roland Claus,6/26/2014,126688,"in Forschung und Entwicklung.  (Dr. Michael Fuchs [CDU/CSU]: Immer die gleiche Leier!)  – Na ja, wenn die Probleme die gleichen bleiben, muss die Kritik die gleiche bleiben, Herr Kollege. So ist das nun mal. Was denken Sie denn?  (Beifall bei der LINKEN)  Wir werden doch deshalb nicht verstummen.  (",0
80271,Was meinen Sie denn?,FDP,Carl-Ludwig Thiele,SPD,Joachim Poß,5/18/2000,47955,"e die Steuergesetze mit verabschiedet oder  nicht? – Zuruf von der CDU/CSU: Deutsche Einheit!) – Die deutsche Einheit hat nichts damit zu tun, dass man mit Zahlen nicht manipulieren soll, wie das Herr Merz getan hat. Was hat das mit der deutschen Einheit zu tun? (Beifall bei der SPD und dem GRÜNE – ",0
421492,"Toll, 360",AfD,Nicole Höchst,CDU/CSU,Peter Aumer,3/2/2023,190556,"hen aus meinem Wahlkreis, die nicht verstehen, was wir eigentlich wollen. (Beifall bei der CDU/CSU – Zurufe vom GRÜNE) Deswegen: Schauen Sie auf die großen Probleme, die die Menschen vor Ort haben, und machen Sie weniger ideologische Politik! Danke für die Aufmerksamkeit. (Beifall bei der CDU/CSU – ",1
172223,Nein! Nie! Noch nicht  einmal ansatzweise!,SPD,Jörg Tauss,FDP,Ulrike Flach,11/23/2006,78426,"Frau Präsidentin! Liebe Kolleginnen und Kollegen! Gut gemeint ist noch lange nicht gut gemacht. Dieser schöne Satz wird Ihnen, Frau Schavan, bei den Haushaltsberatungen 2007 wahrscheinlich öfter in den Sinn gekommen sein. (",1
342384,Das ist doch Quatsch! Völliger Quatsch! Das geht schon nach WTO,GRÜNE,Katharina Dröge,CDU/CSU,Bernhard Loos,12/14/2018,154551,"wir damals das TTIP-Abkommen abgeschlossen und nicht über nicht existente Chlorhühnchen diskutiert, wäre es für den America-first-Präsidenten Donald Trump jetzt nicht so einfach, Strafzölle auf Stahl, Aluminium und bald wohl auch auf deutsche Autos zu erheben (Beifall bei Abgeordneten der CDU/CSU – ",1
23796,SPD,CDU/CSU,Hans-Joachim Fuchtel,CDU/CSU,Gertrud Dempwolf,9/23/1993,14417," so gerne darstellen.  In Niedersachsen gibt es eine Beschlußempfehlung  aller im Parlament vertretenen Fraktionen, die viele  Punkte enthält, die wir heute vorlegen. Wie ich heute morgen erfahren habe, wird das Land Niedersachsen  trotzdem gegen das Votum seines eigenen Landesparlaments stimmen.  (",0
120435,"Nur ein bisschen lang, Herr Kollege!",FDP,van Essen,SPD,Dirk Manzewski,2/20/2003,60455,"ieht auch die Bundesregierung so. Bereits auf Ihre Anfrage – das ist angesprochen worden – ist mitgeteilt worden, dass das BMJ an einer entsprechenden Vorschrift arbeitet, wonach unbefugte Bildaufnahmen und das unbefugte Beobachten mit einem technischen Gerät mit Strafe bedroht werden sollen. (Jörg ",0
125284,Wo ist die Frage?,CDU/CSU,Michael Glos,GRÜNE,Birgitt Bender,6/18/2003,62018,"ft an sich auch zu –, dann müssen Sie auch so ehrlich sein und den Preis für die Privatisierung des Zahnersatzes nennen. Sie bedeutet ja nicht nur, dass die Versicherten ihn allein bezahlen, sondern sie müssen dafür wegen der Privatversicherung und privatärztlichen Abrechnung sogar mehr bezahlen.  (",0
437900,Schämen Sie sich! Unfassbar!,SPD,Helge Lindh,CDU/CSU,Mechthilde Wittmann,9/21/2023,195726,"n es ja gerade wieder –, ist, dass Sie von den Grünen und der SPD sich mit Ihrem Geschrei hier an diesem Rednerpult auf dasselbe Niveau wie die von ganz rechts begeben haben, (Dr. Johannes Fechner [SPD]: Niemand schreit!) sodass es einem kalt den Rücken runterlaufen kann. (Beifall bei der CDU/CSU – ",1
367776,Ich finde die Strategiedebatten noch viel besser bei den Linken!,CDU/CSU,Michael Grosse-Brömer,SPD,Dr. Eberhard Brecht,3/12/2020,165610,"rsten Lesung gesagt haben. Aber wie sollen wir Ihnen glauben, dass Sie heute aufgrund Ihrer Einwände mit Nein stimmen? Sie haben doch mit einem Parteitagsbeschluss von 2013 gegen jegliche Friedenseinsätze der Bundeswehr gestimmt und das Ganze noch mal mit einem fraktionsinternen Papier bekräftigt. (",0
418895,Das ist die wahre linke Logik!,AfD,Norbert Kleinwächter,SPD,Falko Droßmann,1/27/2023,189749,"mentalistischen Muslimen führen können, (Beatrix von Storch [AfD]: So ein Schwachsinn!) die Anträge wie Ihren als Beleg für eine angebliche Islamophobie des Westens ansehen. Die Folgen Ihrer Anträge spüren dann Christen und andere religiöse Minderheiten vor Ort. (Dr. Götz Frömming [AfD]: Oh Mann! – ",0
20796,Berufs,CDU/CSU,Rainer Jork,SPD,Stephan Hilsberg,5/13/1993,12697," Regelung ausläuft und nicht genug  Ausbildungsplätze zur Verfügung stehen.  (Zuruf von der SPD: Nachdenken!)  Wissen Sie, was sie geantwortet hat? Vor einem  halben Jahr war das, und Staatssektretär Wolfgramm  hat mir persönlich geantwortet und gesagt, es läge  kein Handlungsbedarf vor.  (Dr.-Ing. ",0
425780,Wo bleiben denn eigentlich die Initiativen der Union?,GRÜNE,<unknown>,CDU/CSU,Lotte Wulf,4/20/2023,191942,"alt ausgesetzt sind, wie das Feld der Prostitution. Ein bundesweites Verbot von Prostitution an Bundesstraßen würde einer zur Gewohnheit gewordenen Würdelosigkeit gegenüber Frauen in unserem Land ein Ende bereiten, meine sehr verehrten Damen und Herren. In diesem Bereich warten wir auf Initiativen. ",0
146168,"Unerhört! Sie wissen, dass das falsch ist!",GRÜNE,Philip Winkler,CDU/CSU,Hartmut Koschyk,11/12/2004,68954," einer kirchlichenEinrichtung in Deutschland kommen können, damit zu tun haben, dass wir Aufklärung darüber verlangen, warum durch die Visapolitik des Auswärtigen Amtes Terroristen, Schlepper, Kriminelle und Schleuser in die Bundesrepublik Deutschland gekommen sind. (Beifall bei der CDU/CSU – Josef ",1
222631,"Herr Spahn, Frau Widmann",SPD,Elke Ferner,FDP,Ulrike Flach,9/30/2010,100979,"erhin!) Außerdem: Wer hat denn die Leute auf diese Art und Weise, dadurch, dass sie Anträge ausfüllen müssen, zu Bittstellern gemacht? Frau Ulla Schmidt war diejenige, die an dieser Stelle das bürokratische Monstrum auf den Weg gebracht hat. (Beifall bei der FDP sowie bei Abgeordneten der CDU/CSU – ",0
448113,Oah!,FDP,Bernd Reuther,CDU/CSU,Dr. Christoph Ploß,12/1/2023,198941,"r unterschiedlichen Technologien. Wir wollen, dass sich die besten, die klimafreundlichen Technologien durchsetzen. Und wir wollen, dass an allen Technologien geforscht wird. Diesen Weg sollten auch Sie beschreiten – im Sinne des Klimaschutzes und im Sinne unseres Landes. (Beifall bei der CDU/CSU – ",0
104260,Das bezweifelt doch niemand! Es sagt doch niemand etwas anderes!,GRÜNE,Christine Scheel,FDP,Gerhard Schüßler,1/25/2002,55974,"Beifall bei der FDP und der CDU/CSU –  Dr. Uwe-Jens Rössel [PDS]: Da hat er Recht!) Herr Kollege Scheelen, was die Ihnen angemessene Polemik, mit der Sie immer wieder vortragen, angeht: Sie können nicht darüber hinwegtäuschen, dass die Einnahmen aus der Gewerbesteuer dramatisch zurückgegangen sind (",0
342519,Sehr guter Verhandlungsführer!,SPD,Markus Töns,AfD,Martin Hebner,1/17/2019,154717," (Beifall bei der AfD – Zurufe von der SPD: Oh!) Und diese Götterdämmerung will man in Brüssel mit der Schlammschlacht bei der Scheidung, beim Brexit, verhindern. Das Mittel ist Hinauszögern. Es geht hier definitiv nicht nur um die Briten, Herr Maas, sondern auch um die Verhandlungsführung der EU. (",2
111305,Wieder Versprechungen!,CDU/CSU,Renate Blank,SPD,Annette Faße,6/7/2002,58029,"ichtig, dass wir zu den Vereinbarungen, die wir mit Sachsen-Anhalt getroffen haben, stehen. Das heißt, im Rahmen des Bun- 24088 desverkehrswegeplans findet eine Überprüfung statt. Danach werden wir mit diesem Thema weiter umgehen, wie es vereinbart ist, und zwar ökologisch und ökonomisch sinnvoll. (",0
397453,Manche gar nicht!,CDU/CSU,Matthias Hauer,SPD,Dagmar Andres,5/12/2022,182754,"llen. Alle Arbeitnehmer, alle Minijobber und alle, die auf ihre Einkünfte Einkommensteuervorauszahlung leisten, erhalten diese Energiepreispauschale in Höhe von 300 Euro spätestens im Oktober. Ja, es wird wenige Menschen geben, die die Energiepreispauschale erst mit der Jahresveranlagung erhalten, (",0
275280,"Das ist der  Strukturvertrieb in der privaten Krankenversicherung: Abzocke! Das sind die Arbeitsplätze,  die Sie schützen wollen!",DIE LINKE,Harald Weinberg,FDP,Heinz Lanfermann,6/14/2013,122748,"ersicherung“, einem Wort, das allerdings etwas  bezeichnet, was wesentliche Mängel hat. Es ist ein reines  Einnahmemodell. Manche sagen auch „Verbreiterungsmodell“. (Wolfgang Zöller [CDU/CSU]: Abkassieren!) – Oder „Abzocke“, natürlich. Es bringt nichts Neues bezüglich der medizinischen Versorgung. (",0
432926,Klimaschutz!,CDU/CSU,Steffen Bilger,GRÜNE,Karl Bär,6/22/2023,194344," Kersten [SPD]) Ich hätte eine ganz großartige, eine ganz konkrete Idee, wie wir gleichzeitig etwas für die Umwelt tun und Flächen für die Nahrungsmittelproduktion freisetzen können: Hören wir doch auf, Getreide und Pflanzenöl zu Treibstoff zu verarbeiten und damit Verbrennungsmotore zu betreiben! (",0
141427,Der Kollege Solms  redet gleich nach Ihnen!,FDP,Jürgen Koppelin,SPD,Jörg-Otto Spiller,9/7/2004,67547,"ut!) verwies dann auf die Vorschläge des Kollegen Solms bezüglich eines neuen Steuersystems. Das Resultat dieses von der FDP vorgeschlagenen Steuersystems wären riesige, kräftige Ausfälle bei den Steuereinnahmen. Wie das zusammenpassen soll, müssen Sie uns vielleicht irgendwie verständlich machen. (",0
79402,Sehr gut!,SPD,Jörg Tauss,SPD,Doris Barnett,4/13/2000,47625,"s Sofortprogramm der Bundesregierung sind, mal differenziert (Jörg Tauss [SPD]: Sehr gut!) und mal plump argumentieren. Was Sie da treiben, nennt Alleine 1999 wurden insgesamt 12 837 neue Ausbildungsman einen Schlingerkurs. Dafür verliert ein Autofahrer verträge abgeschlossen. seinen Führerschein. (",2
185980,Das ist Quatsch!,SPD,Marco Bülow,DIE LINKE,Eva Bulling-Schröter,1/17/2008,85167,"rtschaft zu verhindern, indem man den Leuten weismacht, das Fehlen fossiler Energien sei in Kürze kein Problem mehr. „CO2-freies Kraftwerk“, „Clean Coal“ usw. lauten die verlogenen Slogans der Branche. Sie tun so, alswürde sich das Kohlendioxid wie durch geheimnisvollen Zauber in Nichts auflösen.  (",1
234139,Doch!,DIE LINKE,Dr. Axel Troost,CDU/CSU,Peter Aumer,3/25/2011,105306,"wir von der Union an das Wirtschaftssystem stellen. (Beifall bei der CDU/CSU) Es geht um ein gutes Miteinander in unserer Gesellschaft. Dazu trägt die heutige Debatte nicht bei; denn Sie wollen nicht das, was unsere soziale Marktwirtschaft stark gemacht hat. (Beifall bei Abgeordneten der CDU/CSU –  ",0
121042,Was haben Sie gemacht? Gar nichts!,SPD,<unknown>,SPD,Franz Müntefering,3/14/2003,60662,"ar 2004 an. Das ist wieder eine Ihrer vielen Ankündigungen, die bei der Arbeitsweise, die Ihre Regierung in diesem Punkt an den Tag legt, nicht realistisch sind. Dreieinhalb Jahre haben Sie nichts getan und jetzt sagen Sie: Ich mache alles in einem halben Jahr. (Beifall bei der CDU/CSU und der FDP –",0
359845,"Sie wollen keinen Wasserstoff, ich sehe es!",FDP,Michael Theurer,GRÜNE,Dr. Ingrid Nestle,11/15/2019,162437,"zit für Wasserstoff vorsehen, aber nicht für andere Technologien. Warum soll der Strom ausgerechnet für die Wasserstoffproduktion günstiger sein als für alle anderen sinnvollen Anwendungen von Strom? (Beifall beim GRÜNE) Sie haben leider Ihre eigenen Prinzipien an der Stelle nicht zu Ende gedacht. (",0
354110,Ja! Das sollte man unter Strafe stellen!,AfD,Markus Frohnmaier,DIE LINKE,Michael Leutert,9/11/2019,160008,"r Präsident! Liebe Kolleginnen und Kollegen! Eingangs ganz kurz noch etwas zu dem, was hier von der AfD-Fraktion bezüglich des Klimawandels immer kommt – Leugnung und dass wir hier nichts machen müssten, weil wir nur so einen geringen Beitrag leisten würden, und dass das gar keinen Effekt hätte –: (",0
61443,Das sind  die bestellten Nachrichten!,SPD,Dr. Sigrid Skarpelis-Sperk,FDP,Dr. Heinrich L. Kolb,5/28/1998,39716,"Frau Kollegin Fuchs,  wären Sie bereit, zur Kenntnis zu nehmen, daß laut  einer Veröffentlichung des ZDH vor vier Wochen  durch die Veränderung des Kündigungsschutzes  mindestens 20 000 Arbeitsplätze im Handwerk geschaffen worden sind?  (",0
270067,Was denn?  Wo denn?,CDU/CSU,Dr. Georg Nüßlein,GRÜNE,Bärbel Höhn,3/21/2013,120222,"e Beschäftigten und die Arbeitsplätze  in diesem Land. (Beifall beim GRÜNE  und bei der SPD – Dr. Georg Nüßlein [CDU/ CSU]: So einfach ist die Welt!) Wir Grüne haben schon sehr früh, nämlich im letzten  Herbst, Vorschläge gemacht, aus denen hervorgeht, wie  sich 4 Milliarden Euro einsparen lassen. (",0
210643,Was?,SPD,Joachim Poß,FDP,Dr. Volker Wissing,1/29/2010,96882,"ÜNE: Ja,  der Besserverdiener!) Sie können das Mantra der Vermögensteuer ruhig  weiterhin singen. Sie können in Ihrem Stadium kreativer  Neidpolitik verharren. In der Zwischenzeit hat Deutschland eine Regierung, die dafür sorgt, dass die Menschen  mehr netto vom Brutto haben,  (Lachen bei der SPD – ",0
318341,"Na ja, „Sommer“? Das ist aber ein Vergleich!",GRÜNE,Hans-Christian Ströbele,CDU/CSU,Oswin Veith,3/10/2017,143277,"gt nicht zuletzt daran – das wissen auch Sie; ich werde nicht müde, das immer wieder zu sagen –, dass wir eines der schärfsten Waffengesetze in der ganzen Welt haben. Natürlich gibt es immer wieder Einzelfälle, die sich nicht an die Regeln halten; aber eine Schwalbe macht noch lange keinen Sommer. (",0
322945,Sie haben doch nur noch zehn Minuten!,DIE LINKE,Dr. Dietmar Bartsch,CDU/CSU,Dr. Michael Fuchs,6/29/2017,145428," ich. Das gibt mir Anlass, einige Abschiedsworte an meine Lieblingskollegen von Grünen und Linken zu richten. (Dr. Dietmar Bartsch [DIE LINKE]: Na, na, na!) Meine Mitarbeiter haben mich gefragt, ob mir zu den Grünen oder zu den Linken, Herr Bartsch, zum Abschluss nicht irgendetwas Nettes einfiele. (",0
158324,Behaupten die!,SPD,Jörg Tauss,SPD,Christian Lange,6/30/2005,72618,"ei der SPD sowie bei Abgeordneten des GRÜNE – Joachim Poß [SPD]: Nur bei der deutschen FDP ist es nicht so!) Und das ist gut so! Deshalb sage ich an dieser Stelle in Richtung der FDP, die zu diesem Gesetzentwurf Nein sagen will: Sie behaupten doch sonst immer, ein Auge für die Wirtschaft zu haben. (",0
438248,"Na, dann los!",CDU/CSU,Florian Hahn,FDP,Christian Sauter,9/21/2023,195807,"nd würdig zum Ausdruck zu bringen und unseren Veteranen damit die gebotene Anerkennung zuteilwerden zu lassen. Am Grundsätzlichen, dass ein Veteranentag begangen und fest in unserer Mitte, in der Gesellschaft verankert werden soll, besteht sicherlich bei vielen Kollegen überhaupt kein Widerspruch. (",0
236924,Endlich!,SPD,Michael Groschek,CDU/CSU,Volker Kauder,5/27/2011,106473," bei der CDU/CSU und der FDP – Thomas Oppermann [SPD]: Das haben Sie bei Guttenberg auch schon gesagt!) In Nüchternheit und Klarheit und mit bestechender logischer Konsequenz wird die Bundeswehr in eine neue Zeit geführt. Herr Minister, herzlichen Dank dafür! (Beifall bei der CDU/CSU und der FDP –  ",0
451257,Das hat doch gar nichts damit zu tun!,GRÜNE,<unknown>,CDU/CSU,Alexander Hoffmann,1/19/2024,199975,"h umgekehrt: Sie machen jetzt ein Türchen auf für denjenigen, der aus Gründen der Diskriminierung einer Frau nicht die Hand geben will, weil er die Gleichberechtigung der Geschlechter nicht anerkennt. (Beifall bei der CDU/CSU sowie der Abg. Dr. Gottfried Curio [AfD] und Robert Farle [fraktionslos] –",0
280959,Vielleicht nur noch 90 Jahre!,GRÜNE,Sven-Christian Kindler,CDU/CSU,Steffen Bilger,4/11/2014,125653,"d für die Infrastruktur bekommen. Dazu gehört zum Beispiel, dass wir die Nutzerfinanzierung ausweiten. Wir können hier alle auch einen Beitrag dazu leisten. Dann werden wir in Baden-Württemberg auch nicht 112 Jahre brauchen, um diese Projekte zu realisieren.  (Beifall bei Abgeordneten der CDU/CSU – ",0
71025,"Versprechungen habt ihr schon viele gemacht, die ihr nicht gehalten habt!",CDU/CSU,Heinrich-Wilhelm Ronsöhr,GRÜNE,Steffi Lemke,9/15/1999,44259,"er Haushaltsentwurf sieht für die Unfallversicherung eine maßvolle Verringerung des Bundeszuschusses vor. Der Bundeszuschuß ist eine freiwillige Leistung des Bundes, auf die kein Rechtsanspruch besteht. Unser Ziel ist es aber, den Bundeszuschuß auf einem Niveau von 500 Millionen DM zu verstetigen. (",1
272910,"Aber nicht wiederholen, bitte!",SPD,Florian Pronold,CDU/CSU,Volkmar Vogel,5/15/2013,121362,"wendig ist, um  Menschen vor Gefahren zu bewahren, und wo es Gefahrenstellen gibt, entsprechende Maßnahmen einleiten, gemeinsam mit den Kommunen und den Ländern und entsprechend der Möglichkeiten, die wir hier im Bundestag  haben. Ich bleibe dabei – damit komme ich zum Anfang meiner Rede zurück –: (",0
381356,"Na, dann fangt mal an!",AfD,Dr. Rainer Kraft,CDU/CSU,Thorsten Frei,1/14/2021,173100,"terkommt, sondern man ein Gesamtkonzept braucht, wie man mit Gefährdern in unserem Land umgeht. Ich würde sagen, man kann in drei Spiegelstrichen deutlich machen, was notwendig wäre: Erstens. Wir brauchen eine konsequente Abschiebung von ausländischen Gefährdern. (Beifall bei Abgeordneten der AfD – ",0
11681,Das ist  unlogisch und falsch!,CDU/CSU,Siegfried Hornung,DIE LINKE,Dr. Fritz Schumann,6/5/1992,6851,"s aussetzte. Ich schließe da  durchaus den Dank für die geleistete Anpassungshilfe  ein, die hier geleistet wurde. Daß sie aber zuließ, daß  die Vernichtung von Produktionspotentialen zur  Hauptquelle der Freisetzung wurde, statt daß rationalisiert wurde dafür sind auch wir -, billige ich  nicht.  (",1
339207,Ihr und Mitgefühl!,DIE LINKE,Dr. Kirsten Tackmann,AfD,Stephan Protschka,11/9/2018,153214,"nd Kolleginnen! Liebe Gäste im Plenum! Liebe Zuschauer zu Hause! Kein Mensch, der ein bisschen Gefühl hat, möchte, dass Tiere unnötig leiden. Die AfD steht deswegen klipp und klar für eine mitfühlende und würdevolle Behandlung aller Tiere – bei Haltung, bei Transport und vor allem bei Schlachtung. (",1
310162,Zentralisieren!,DIE LINKE,<unknown>,DIE LINKE,Dr. Axel Troost,9/6/2016,139617,"ch nenne jetzt drei Punkte, die in die Ordnungspolitik fallen: Erstens. Dem Bund schwebt vor, den Stabilitätsrat so weiterzuentwickeln, dass er quasi eine Troika für Bundesländer wird, sodass man letztlich Bundesländer vor dem Bundesverfassungsgericht verklagen und bestimmte Maßnahmen erzwingen kann",0
26752,"Also ehrlich, die armen  Bürger, die immer mehr bezahlen müssen!",FDP,Uta Würfel,FDP,Josef Grünbeck,12/2/1993,16276,"lter Hitschler [FDP]: Sehr richtig!)  Was können wir denn eigentlich Besseres machen, als  das Verursacherprinzip so in Vollzug zu bringen?  (Beifall bei der FDP)  Die Meßlösung bedeutet auch eine Kostensenkung.  Sie haben im Ausschuß gesagt, die Senkung der  Kosten käme nur der Industrie zugute.  (",0
160316,Euro!,SPD,Bernd Scheelen,FDP,Gisela Piltz,1/19/2006,73376,"läge? (Bernd Scheelen [SPD]: Ich dachte, Sie regieren jetzt in Nordrhein-Westfalen!) Gisela PiltzDie Zahl hat sich seit 2002, also vor allen Dingen in der Regierungszeit von Rot-Grün, fast verdoppelt. Die Kassenkredite allein in NRW betragen fast 10 Milliarden DM, bundesweit über 23 Milliarden DM. (",0
448261,Das sagen Sie!,AfD,Stephan Brandner,DIE LINKE,Clara Bünger,12/1/2023,198964,"ozialstaat an. (Heidi Reichinnek [DIE LINKE]: Genau!) Erst vor wenigen Wochen hat Herr Bystron von der AfD hier behauptet, dass die Mitarbeiter von der Caritas nichts erwirtschaften und nichts Konstruktives machen. Die Caritas ist der größte christliche Arbeitgeber im Sozialbereich in diesem Land. (",0
375023,"Insbesondere in Berlin, wo Sie Verantwortung tragen!",FDP,Dr. Marco Buschmann,DIE LINKE,Victor Perli,10/1/2020,169634,"LINKEN) Zur Stärkung des Sicherheitsgefühls trägt auch bei, wenn Dörfer und Städte finanziell handlungsfähig sind, wenn es genügend bezahlbaren Wohnraum gibt. Mit diesem Haushalt wird das aber nicht gelingen. Beim sozialen Wohnungsbau sieht es ganz besonders düster aus. (Zuruf von der LINKEN: Ja! – ",0
261106,"Nein, das sagen  Sie überhaupt nicht!",DIE LINKE,Ralph Lenkert,CDU/CSU,Norbert Geis,10/25/2012,116420,"oder den Vater, disqualifizieren. (Beifall bei Abgeordneten der FDP) Das kann doch nicht sein. Damit will ich aber nicht sagen, dass die Eltern, die ihr Kind in die Kita geben, nicht  in gleichem Maße Nähe und Bindung zum Kind aufbauen können. Ich gehe davon aus, dass dies ebenfalls  der Fall ist. (",1
183546,Tolle Leistung!,CDU/CSU,Michael Brand,CDU/CSU,Andreas Jung,11/15/2007,84158," haben wir das Gebäudesanierungsprogramm – Gebäudesanierung ist der effizienteste Weg, das Klima zu schützen – nicht nur fortgeführt, sondern, was seinen Umfang angeht, mehr als verdreifacht. Wir tun damit bei weitem mehr für CO2-Einsparung, als Sie es jemals getan haben. (Beifall bei der CDU/CSU – ",2
441953,Aber diese Regelungen sind unter CDU/CSU,SPD,Heike Baehrens,CDU/CSU,Emmi Zeulner,10/19/2023,197251,"türlich nicht die Pflegebedürftigen in den Pflegeheimen diese Last tragen dürfen, (Beifall bei Abgeordneten der CDU/CSU und der LINKEN) sondern Sie drücken diese Last den Pflegebedürftigen auf, die jetzt schon maximal belastet sind, und das können wir nicht akzeptieren. Deswegen lehnen wir das ab. (",0
81202,"Das hätte es in Bayern nicht gegeben, Herr Lippelt!",CDU/CSU,Ernst Hinsken,GRÜNE,Dr. Helmut Lippelt,6/8/2000,48226,"Schuldigen, den Grünen, herbeigeführt worden ist, gezwungen wurde.  (Ernst Hinsken [CDU/CSU]: Dann waren Sie die Missetäter!) – Wir waren die Missetäter. Die Grünen haben damals 48,5 Prozent Zustimmung gehabt. 2 Prozent mehr und Hannover, dem Land und dem Bund wäre das Desaster erspart geblieben.  (",0
323525,Auch das ist richtig!,CDU/CSU,Marie-Luise Dött,CDU/CSU,Sylvia Jörrißen,6/30/2017,145657,"er Schutz der Mieter erfolgt darüber hinaus durch eine ausgewogene mietrechtliche Flankierung, wobei ein soziales Mietrecht immer die berechtigten Interessen beider Seiten, die des Mieters auf der einen Seite und die des Vermieters, also des Eigentümers, auf der anderen Seite, im Blick haben muss. (",2
191104,"Ich erröte? Wenn ich erröte, dann passiert meist etwas anderes!",FDP,Frank Schäffler,SPD,Gabriele Frechen,5/29/2008,87802,"fler [FDP]: Das ist ja eine geradezu niederschmetternde Bilanz, Frau Kollegin! Das hat jetzt allerdings leider niemand verstanden!) – Sie zumindest haben es verstanden. Sonst würden Sie jetzt nicht so von unten erröten und dann von oben wieder blass werden, Herr Schäffler. (Heiterkeit bei der SPD – ",0
207299,Das werden wir ja sehen!,GRÜNE,Philip Winkler,CDU/CSU,Stephan Mayer,11/26/2009,95814,"lla Jelpke [DIE LINKE]: Weil Ihre Rechnung von vorne bis hinten falsch ist!) Es stimmt auch nicht – das möchte ich klarstellen –, dass ein Großteil der 30 000 Personen, die momentan über den Aufenthaltstitel auf Probe verfügen, dann in die Duldung fallen wird. Dies wird nicht der Fall sein.  (Josef ",0
243356,"Ha, ha, ha!",FDP,Dr. Volker Wissing,DIE LINKE,Dr. Barbara Höll,10/26/2011,109220,"uble nichts dazu, wie er sich die Entlastung genau vorstellt. Nicht einmal eine Stunde später ertönte der Paukenschlag aus Bayern, und seitdem streiten Sie sich wie im Kindergarten. Sie sollten sich mit Steuererleichterungen vielleicht wirklich etwas beeilen. Wer weiß, wie lange Sie noch regieren! (",0
330742,Wohl wahr!,CDU/CSU,Andreas Mattfeldt,SPD,Siemtje Möller,6/7/2018,149618,"Kernaufgabe dieses Parlaments ist. (Beifall bei der SPD und dem GRÜNE sowie bei Abgeordneten der CDU/CSU und der FDP) Oft sind es Petitionen, die uns auf Gesetzeslücken hinweisen, die erst in der Anwendung von Gesetzen zum Vorschein kommen – Lücken, die wir vorher häufig nicht antizipieren können. (",2
353800,Es gibt keine Tausende von Hektar!,GRÜNE,Steffi Lemke,AfD,Marc Bernhard,9/10/2019,159912,"kunft wollen Sie noch viele Zigtausende Hektar mehr an Wald zerstören. (Steffi Lemke [GRÜNE]: Was erzählen Sie hier für einen Quatsch?) – Ja, schreien Sie nur! Die Wahrheit tut weh. So ist es. Wo bleibt eigentlich Ihr Protest bei diesen Tausenden von Hektaren, gegen diese immense Umweltzerstörung? (",0
54731,Lauter Katastrophen! ,SPD,<unknown>,FDP,Dr. Günter Rexrodt,9/11/1997,35992," Geld!)  - Auch beim Ladenschluß. - Ich nenne die Beschleunigung von Planungs- und Genehmigungsverfahren,  auch in der Gentechnologie. Ich verweise auf die Reform des Arbeitsförderungsgesetzes, die Reform der  Lohnfortzahlung im Krankheitsfall, die Privatisierung  der Telekom und anderer Bereiche,  ",0
21237,So ist es!,SPD,von Larcher,SPD,Joachim Poß,5/27/1993,13022,"ftspolitik betrieben wird, die  tendenziell zu einer Verschärfung des konjunkturellen Einbruchs führt. Das vorgelegte Gesetz ist in  Wahrheit gar kein Standortsicherungsgesetz, weil  unter einem völlig irreführenden Titel, die Standortfrage auf bloße Steuerrechtsänderungen reduziert  wird.  (Detlev ",2
456409,"Die Menschen, die keinen Fisch mehr essen dürfen, sind auch im Ungewissen!",GRÜNE,Leon Eckert,CDU/CSU,Alexander Engelhard,3/20/2024,201434,"desregierung zu den globalen Umweltveränderungen erhalten. Auch dieser stellt deutlich fest, dass es, wie Sie ausgeführt haben, viele Chemikalien gibt, die einfach persistent, aber nicht substituierbar sind. Diese Hängepartie lässt die Chemieindustrie natürlich im Ungewissen darüber, was passiert. (",0
110266,Auf Druck!,CDU/CSU,Jochen-Konrad Fromme,SPD,Hubertus Heil,5/16/2002,57737," dem Sie ja nicht angehören, miteinander über  Basel II diskutiert. (Jochen-Konrad Fromme [CDU/CSU]: Nachdem wir Sie im Finanzausschuss erst munter  gemacht haben!) Wir haben eine Bundesregierung, die in den Verhandlungen eine ganze Menge für den Mittelstand herausgeholt hat. (Beifall bei der SPD – ",0
222339,Wintermantel? Der verfilzt doch! Was ist das für eine Hausfrau?,SPD,Elke Ferner,CDU/CSU,Ingrid Fischbach,9/29/2010,100913,"ätte, hätte ich mich durch das von Ihnen angeführte Beispiel von der chemischen Reinigung verhöhnt gefühlt. Alle Kleidung, die man trägt, kann in der Waschmaschine gewaschen werden. Sie hängen sie tropfnass auf, bügeln von innen das Futter und dann ist sie wieder sauber.  (Beifall bei der CDU/CSU – ",1
340156,Mit Daten vom Robert,AfD,Jürgen Braun,SPD,Bärbel Bas,11/22/2018,153480,"elastet werden. Das ist einfach falsch. (Beifall bei der SPD – Zuruf der Abg. Maria Klein-Schmeink [GRÜNE]) Ich muss bedauerlicherweise doch noch einmal auf die AfD-Fraktion eingehen, damit wenigstens bei denen, die zuhören, Klarheit herrscht. Frau Malsack-Winkemann hat das Thema HIV angesprochen. (",0
385691,Gleichstellung ist alles!,SPD,Mechthild Rawert,CDU/CSU,Axel Müller,4/15/2021,175922,Frau Präsidentin! Liebe Kolleginnen und Kollegen! Jetzt bin ich der erste Mann in dieser Redeschlacht. Es ist nicht einfach. (Beifall der Abg. Antje Lezius [CDU/CSU] und Mechthild Rawert [SPD] – ,0
199625,Das war ein Rittberger! Kompliziert eingesprungen!,SPD,Dieter Rossmann,GRÜNE,Priska Hinz,2/12/2009,91963,"rbildung auf eine Prüfung vorbereitet, will diese auch bestehen. Von daher setzen Sie innerhalb dieser Reform eine falsche Gewichtung. Wir sagen: Der Trippelschritt ist in Ordnung. Aber wir enthalten uns, weil noch nicht einmal dieser Schritt richtig ausgefeilt ist.  (Beifall beim GRÜNE – Dr. Ernst ",0
284393,Auf die Gesundheitssituation!,DIE LINKE,Dr. Gesine Lötzsch,CDU/CSU,Erich Irlstorfer,9/9/2014,127199,"rsorgungsstruktur werden wir hierfür die Voraussetzungen schaffen.  In der gesetzlichen Krankenversicherung steigen die Ausgaben bekanntlich schneller als die Einnahmen. Dies ist vor allem auf den demografischen Wandel, aber auch schlicht und ergreifend auf Leistungsverbesserungen zurückzuführen,  (",0
138581,An welche  Adresse geht das denn?,CDU/CSU,Leo Dautzenberg,GRÜNE,Kerstin Andreae,4/29/2004,66321,"be, man muss viel genauer hinschauen, wie sich die Subventionen und die Steuersätze entwickelt haben, wo es Mitnahmeeffekte gibt und von welchen Erwartungen dies geprägt war. Mir ist es zu billig, wenn gesagt wird, die Subventionen seien zu hoch, dadurch würden nur niedrige Steuersätze finanziert. (",0
117590,"Besser als Sie, Herr von Stetten! Wir sind nämlich älter als Sie!",SPD,Ute Kumpf,CDU/CSU,von Stetten,12/18/2002,59661," und der FDP) Wissen Sie eigentlich, was Planungssicherheit in diesem Zusammenhang ist? (Carl-Ludwig Thiele [FDP]: Ein Fremdwort!) Wissen Sie, was Sie den Bürgern und den Unternehmen hier in Deutschland zumuten? Kennen Sie die Existenzängste junger Unternehmer, die volles Risiko eingegangen sind,  (",0
288891,"„Ohne Wenn und Aber“, das ist aber relativ!",GRÜNE,Oliver Krischer,SPD,Dirk Becker,12/4/2014,129339,"tellt, ist es auch richtig und wichtig, heute diesen Fehler – für den die Betreiber nichts können – rückwirkend zum 1. August zu korrigieren.  (Beifall bei der SPD und der CDU/CSU)  Diese Koalition hat ohne Wenn und Aber den Mut, das zuzugeben und die Konsequenz zu ziehen und dies zu korrigieren.  (",0
292509,Wie lange konnten sie diese Daten speichern?,DIE LINKE,Frank Tempel,CDU/CSU,Dr. Tim Ostermann,3/18/2015,131154,"hergestelltem Material, für das Kinder auf bestialische, kaum vorstellbare Weise gequält worden sind. Die ermittelten Internetverbindungsdaten stellen die Behörden dann anderen Staaten zur Verfügung. Die meisten anderen Länder können mit diesen Daten bis zu 90 Prozent der Verdächtigen überführen.  (",0
50033,Die Oberlehrer rolle steht Ihnen nicht!,SPD,Sabine Kaspereit,CDU/CSU,Friedhelm Ost,12/6/1996,32967," und sagt: „Das ist das  Dilemma der Ökonomie Lafontaines. Sie taugt womöglich zum Opponieren, aber sie taugt nicht zum  Regieren."" Das können Sie sich hinter den Spiegel  stecken.  (Beifall bei der CDU/CSU und der FDP)  Jetzt empfehle ich Ihnen ein zweites Geschenk für  Ihren Parteivorsitzenden.  (",1
385422,Nein!,SPD,<unknown>,AfD,Dr. Götz Frömming,4/14/2021,175724,"geschüttet; denn diese Entscheidung richtete und richtet sich nicht nur gegen ältere Reaktoren, sondern auch gegen die weitere Forschung auf diesem Gebiet. Wir haben 2019 eine Kleine Anfrage an die Bundesregierung gerichtet. Sie antwortete uns – ich zitiere, mit Ihrer Erlaubnis, Frau Präsidentin –: ",1
324240,Das Thema heißt linksextremistische Gewalt!,AfD,Armin-Paulus Hampel,SPD,Amalie Steffen,12/13/2017,146143,"von politisch bzw. ehrenamtlich Engagierten zerstört worden. (Stephan Brandner [AfD]: Reden Sie doch mal zum Thema!) Bisher waren wir uns in diesem Hause alle einig: Sowohl rechtsextreme als auch linksextreme Gewalt sind zu verurteilen. (Beifall bei Abgeordneten der SPD, der CDU/CSU und des GRÜNE – ",0
258018,Erst einmal muss  man die Zusammenhänge erkennen!,SPD,Dr. Matthias Miersch,CDU/CSU,Bernhard Schulte-Drüggelte,9/11/2012,115238,"ro erhöht. Das entspricht einer Steigerung um  3,4 Prozent; das ist schon angesprochen worden. Herr Miersch, Sie haben vorhin gesagt: Es bringt  nichts, isoliert zu denken. – Es ist völlig klar, dass das  nichts bringt. Es bringt aber auch nichts, die Augen vor  den Zusammenhängen zu verschließen. (",0
252439,Deren Vermögen wird nicht besteuert!,DIE LINKE,Dr. Axel Troost,FDP,Dr. Volker Wissing,3/23/2012,112835,"r sachlich über Steuerpolitik reden. Jetzt komme ich zur Linken. Herr Gysi, Sie machen das ja sehr trickreich. Sie erwecken den Eindruck, man müsste in Deutschland endlich auch einmal Millionäre besteuern. Dabei werden sie besteuert. (Dr. Gregor Gysi [DIE LINKE]: Deren Einkommen werden besteuert! – ",0
332001,"Darum geht es überhaupt nicht, dass sie Einfluss auf die politische Willensbildung nehmen können, verdammt noch mal!",FDP,Clemens Hocker,SPD,Michael Schrodi,6/14/2018,150128," Attac oder BUND, weil sie sich politisch einmischen? (Beifall beim GRÜNE) Das belegt zum Beispiel die Studie „Engagiert euch – nicht!“ des Bundesnetzwerks Bürgerschaftliches Engagement. Gemeinnützigen Organisationen ist eine Beeinflussung der politischen Meinungsbildung durchaus erlaubt. (Dr. Gero ",1
418913,Mit den ermordeten Opfern können wir das leider nicht besprechen!,AfD,Norbert Kleinwächter,SPD,Nadja Sthamer,1/27/2023,189754,"h ein paar Fragen aufgekommen. Keine Sorge: Die Antworten liegen auf der Hand. Es sind rein rhetorische Fragen. – Haben Sie Ihre Idee auch nur ein einziges Mal mit den Betroffenen besprochen, zum Beispiel mit den Kirchen in Deutschland, mit den christlichen Vertreter/-innen im Irak oder in Syrien? (",0
88401,"Sie hat immer noch nicht kapiert, dass wir diesen Mist nicht wollen!",CDU/CSU,Jochen-Konrad Fromme,GRÜNE,Kerstin Müller,12/8/2000,50786," von der CDU/CSU: Gefälschte Wiedergabe!) – Das ist keine gefälschte Wiedergabe. – Wenn Sie etwas anderes wollen, müssen Sie Ihr Konzept ändern. Entweder Sie stehen zu Ihrem Steuerkonzept oder nicht. Ich habe Ihr aktuelles Steuerkonzept vorgelesen, mehr nicht.  (Beifall beim GRÜNE und bei der SPD – ",1
8111,So ist es!,CDU/CSU,Peter Kittelmann,CDU/CSU,Dr. Kurt Faltlhauser,12/13/1991,4718,"er Produktivkräfte in den einzelnen Ländern möglich, nicht aber durch das Zukleistern von  Defiziten mit Geschenken.  Noch eine Erwartung zum Schluß. Der Deutsche  Bundestag hat — in Übereinstimmung mit der Bundesregierung — wiederholt gesagt: Wir wollen die  Europäische Zentralbank in Frankfurt.  (",2
275716,Auch falsch!,FDP,Dr. Florian Toncar,SPD,Carsten Schneider,6/27/2013,122886,"nstehen, kümmern Sie sich nicht. Das ist die Wahrheit. (Beifal bei der SPD und dem GRÜNE sowie bei Abgeordneten der  LINKEN) Sie stelen sich hierhin und versprechen 50 Miliarden  Euro. Ich bin ja einiges gewohnt. Die FDP hat schließlich Steuersenkungen im Umfang von 80 Miliarden  Euro versprochen. (",0
323666,"Die Inflationsrate macht ein Minus, Herr Spahn!",SPD,Ulli Nissen,CDU/CSU,Jens Spahn,9/5/2017,145762,"ie Sie es ständig behaupten. Ich habe gesagt, dass wir in Zukunft angesichts dessen, was um uns herum in Europa und der Welt los ist – jetzt wörtliches Zitat –, in dem einen oder anderen Jahr weniger stark Sozialleistungen werden erhöhen müssen – Zitat Ende –, um mehr in Sicherheit zu investieren. (",0
388353,Richtig!,AfD,Enrico Komning,AfD,Martin Sichert,5/21/2021,177800,ht. (Marianne Schieder [SPD]: Was haben Sie denn zur Rente zu sagen? Da haben Sie nichts zu sagen!) Wir müssen diesen Irrweg so schnell wie möglich beenden und Männer Männer und Frauen Frauen sein lassen. Nur so können wir die Demografie und auch die Rente in Ordnung bringen. (Beifall bei der AfD – ,2
437923,Oah! Kümmern Sie sich doch mal um die Probleme!,CDU/CSU,Philipp Amthor,SPD,Gülistan Yüksel,9/21/2023,195727,"exinger [DIE LINKE] – Philipp Amthor [CDU/CSU]: Das ist Quatsch! Ihnen gefällt das nicht!) Das ist ein Tabubruch. Nichts in der Welt rechtfertigt es, den Faschisten die Hand zu reichen oder gemeinsam mit ihnen die Hand zur Abstimmung zu heben. (Beifall bei der SPD sowie bei Abgeordneten des GRÜNE – ",0
132043,Das haben Ihnen doch Ihre Gewerkschaftssekretäre aufgeschrieben!,CDU/CSU,Steffen Kampeter,SPD,Klaus Brandner,11/27/2003,64031,"er [CDU/CSU]: Nennen Sie uns  wenigstens ein Vorhaben, das überzeugt!) dann würde die wirtschaftliche Entwicklung in diesem Jahr noch besser verlaufen, als es bedingt durch die politischen Veränderungen, die durch unsere Politik eingeleitet worden sind, ohnehin der Fall ist.  (Beifall bei der SPD – ",0
426825,Wenigstens haben wir nicht zehn Afrika,GRÜNE,Agnieszka Brugger,CDU/CSU,Thomas Erndl,4/27/2023,192338,"ne Strategie, wir haben doch die feministische Außenpolitik. (Agnieszka Brugger [GRÜNE]: Nein, das haben sie nicht gesagt!) Wenn das Ihre Antwort ist, dann ist natürlich der Hinweis umso nötiger, weil Sie dann, glaube ich, nicht verstanden haben, dass man hier einen gesamtheitlichen Blick braucht. (",0
316795,Das ist antiamerikanisch! Wie können Sie so was sagen?,DIE LINKE,Alexander Ulrich,CDU/CSU,Andreas G. Lämmel,1/27/2017,142589,"aft setzen. Es ist wichtig – vor allem hat es einen enorm hohen symbolischen Wert –, dass wir uns gerade in dieser Zeit, die Sie ja auch beschrieben haben, mit einem US-Präsidenten, der Handelsabkommen sozusagen mit einem Federstrich beendet und seine ganzen Partner ohne Zögern vor den Kopf stößt, (",1
217,Ein gutes Gesetz!,FDP,<unknown>,SPD,Manfred Reimann,3/14/1991,278,"lifizierungsanforderungen gerecht  werden.  Tatsache ist aber, daß für die neuen Qualifizierungsmaßnahmen in den neuen Ländern keine ausreichenden Erkenntnisse vorliegen. So wird der Anspruch der Regelung wahrscheinlich weit hinter dem  Bedarf zurückliegen.  Das vorliegende Gesetz ist einmal mehr,  ",2
135907,Wird jetzt  schon!,FDP,Hans-Michael Goldmann,SPD,Gabriele Hiller-Ohm,3/4/2004,65306,"it zu viel Salz, Zucker oder Fett, (Hans-Michael Goldmann [FDP]: Wer bestimmt denn das?) dürfen nicht mehr mit Angaben werben, die das Produkt als gesund und wertvoll erscheinen lassen. Für gesundheitsbezogene Angaben wie zum Beispiel „stärkt die Knochen“ muss ein Wirkungsnachweis erbracht werden. (",0
376938,Vor fünf Minuten haben wir es erklärt!,CDU/CSU,Karin Maag,FDP,Christine Aschenberg-Dugnus,10/29/2020,170482,"müssen wir ansetzen; das bestätigt auch die Wissenschaft. Es ist doch weniger gefährlich, wenn Sie in einem Restaurant mit strikten Kontaktverfolgungsmaßnahmen sitzen, als wenn Sie sich zu Hause treffen, wo es kein Kontaktverbot gibt, wo Superspreader sich entfalten können, meine Damen und Herren. (",0
348281,"Das Problem ist, dass das die da oben nicht interessiert!",AfD,Karsten Hilse,FDP,Gerald Ullrich,4/4/2019,157362,"n einem Staat geboren, in dem das nicht so war. Das war auch mit ein Grund dafür, dass die DDR zugrunde gegangen ist. Die da oben wussten nicht mehr, was das Volk bewegt. Das ist bei uns nicht so. Jeder Politiker bekommt die Meinung der Bürger täglich über verschiedene Kanäle aufs Brot geschmiert. (",0
44818,Das ist der  Schulterschluß!,SPD,Marion Caspers-Merk,GRÜNE,Dr. Jürgen Rochlitz,4/18/1996,28890,"ade  alle Hersteller und Vertreiber den anspruchsvollen  Anforderungen stellen.  Der SPD-Antrag, der zur Debatte steht, läßt eine  konstruktive Linie vermissen. Er entspricht im übrigen ganz weitgehend wortgleich dem vom Land  Schleswig-Holstein im Oktober 1995 im Bundesrat  eingebrachten Antrag,  (",0
47759,Sehr wahr!,SPD,<unknown>,SPD,Ottmar Schreiner,10/10/1996,31298,"u Ihre Situation. Sie haben vielen wehgetan, aber längst nicht a llen. Sie haben eine extreme Sozialschieflage produziert.  (Beifall bei der SPD sowie bei Abgeordneten der PDS)  Beschäftigungspolitisch wird uns das nicht weiterhelfen, sondern - ganz im Gegenteil - noch weiter in  den Sumpf führen.  ",2
243049,Niedersachsen hat keinen verfassungswidrigen Haushalt!,FDP,Patrick Döring,SPD,Dieter Rossmann,10/20/2011,109005," CDU/FDP-regiert. Sie könnten im Gegenzug auch einmal Lob an andere Länder aussprechen; ansonsten sind Sie ein kleiner Frosch (Heiterkeit und Beifall bei der SPD und dem GRÜNE sowie bei Abgeordneten der LINKEN)  – Entschuldigung, wenn ich das so sage –: aufgeblasen, aber nicht viel Substanz darin. (",0
330493,"Nein, Sie haben vier Jahre verloren! Sie haben doch regiert!",FDP,Michael Theurer,SPD,Bärbel Bas,5/18/2018,149414,"ankenhäusern. (Michael Theurer [FDP]: Aber es muss ja am Ende mal etwas herauskommen!) – Damit hätten Sie ja in Ihrer schwarz-gelben Regierungszeit anfangen können. (Beifall bei der SPD – Michael Theurer [FDP]: Ach, da sind doch jetzt schon vier Jahre dazwischen!) Da haben Sie vier Jahre verloren. (",0
290240,Zuhören!,GRÜNE,Dr. Gerhard Schick,CDU/CSU,Hans Michelbach,1/28/2015,130084,haben.  (Dr. Gerhard Schick [GRÜNE]: Sie bauen doch Luftschlösser!)  Hier muss natürlich der Grundsatz gelten: keine Leistung ohne Gegenleistung. Die Grünen geißeln das Sparen. Wollen Sie noch mehr Schulden in den Staatsschuldenländern machen? Wollen Sie noch mehr Haftungsrisiken für Deutschland?  (,0
455596,Das ist keine Märchenstunde hier!,GRÜNE,Corinna Rüffer,CDU/CSU,Dr. Markus Reichel,3/14/2024,201222," Realität zeigt aber, dass die Politik der Bundesregierung und die Art, wie sie arbeitet, diesen Unfrieden in der Gesellschaft provoziert hat. Das Sanktionsmoratorium hat den Respekt vor unserem Sozialsystem bereits ruiniert. Die jetzigen Sanktionen haben bewiesen, dass sie nicht praktikabel sind. (",1
254934,Genau!,GRÜNE,Hans-Christian Ströbele,FDP,Dr. Guido Westerwelle,5/10/2012,113781," darüber in diesem Deutschen Bundestag gestritten  und uns auseinandergesetzt –: Einen Soupçon, den Sie in  dieser Debatte immer wieder einbringen, kann ich nicht  nachvollziehen – so als wäre die Piraterie zunächst einmal das Ergebnis von armen Menschen, denen die Fischereigründe genommen würden, (",2
339697,Ich möchte die Natur erhalten!,AfD,Karsten Hilse,SPD,Carsten Träger,11/20/2018,153346,"Vielen Dank, Frau Präsidentin. – Herr Hilse, es ist klar: Sie wollen, dass alles so bleibt, wie es ist. Sie wollen, dass sich nichts ändert. Sie wollen hier Ihre Schnittchen essen und dabei die Gelder aus der Schweiz und aus Holland ausgeben. (",0
26924,Das mußte gesagt  werden!,CDU/CSU,<unknown>,CDU/CSU,Dr. Helmut Kohl,12/3/1993,16413,"eifer in Brüssel zu  verdanken. Manches — und das muß man fairerweise  hinzufügen — ist aber auch massiven nationalen  Interessen denjenigen zu verdanken, von Aktiven, die  sich im eigenen Land nicht durchsetzen konnten und  den Weg über Europa gewählt haben.  (Beifall bei der CDU/CSU und der FDP — ",0
217698,Das steht auch drin!,DIE LINKE,Dr. Martina Bunge,CDU/CSU,Frank Heinrich,5/20/2010,99025,"r vergangenheitsorientiert – um es so kurz zu sagen.  Die Übertragung des Rentensystems West auf das Rentensystem Ost war eine großartige gesellschaftliche Leistung, von der man nicht wissen konnte, dass sie so ausgeht, wie wir es zum Schluss geschafft haben.  (Beifall bei der CDU/CSU und der FDP – ",0
112840,"Alles falsch, Norbert! Alles falsch!",SPD,Alfred Hartenbach,CDU/CSU,Norbert Geis,7/4/2002,58569,"öbele [GRÜNE]: Herr Geis, von welchem Gesetz reden Sie eigentlich?) Flüchten Sie sich nicht in solche Allgemeinplätze juristischer Fabuliererei. Die Koalition aus Sozialdemokraten und Grünen hat dieses Gesetz nur deshalb geändert, weil die Grünen darauf bestanden haben, dieses Verbot zu streichen. (",1
169590,Wir machen jetzt erst einmal die Gesundheitsreform!,SPD,<unknown>,GRÜNE,Birgitt Bender,9/28/2006,77163,"hen Erwägungen geschuldet. Die Bundeskanzlerin hat die Losung ausgegeben, dass in der Gesundheitspolitik das Gemeinwohl Vorrang vor Gruppeninteressen haben müsse. Wenn das so ist, dann lassen Sie uns dem folgen und eine Liberalisierung des Apothekenmarktes angehen. Danke schön. (Beifall beim GRÜNE –",0
453574,Richtig!,FDP,Clemens Hocker,FDP,Ingo Bodtke,2/1/2024,200419,"tet nicht, dass wir mit großzügigen Subventionen die Probleme der Landwirtschaft lösen können oder sollten. Das wünschen sie sich auch nicht. Mein Kollege Dr. Hocker hat in seiner Rede deutlich gemacht, dass die Proteste der Landwirte eine besondere politische Aufmerksamkeit erregt haben. (Dr. Gero ",0
342175,Bringt doch nichts!,AfD,Fabian Jacobi,CDU/CSU,Rudolf Henke,12/13/2018,154471,"efürworter von Quotenlösungen – männlich wie weiblich –, und es gibt Gegner von Quotenlösungen – männlich wie weiblich. Ich glaube aber, dass bei der Frage der Quoten ferner zu berücksichtigen ist, dass wir dabei häufig auch über Wahlämter und über Ämter reden, die aus geheimen Wahlen hervorgehen. (",1
75200,Das ist doch arrogant und überheblich!,CDU/CSU,Siegfried Hornung,SPD,Iris Hoffmann,11/25/1999,45694,"rnsthaften Alternativvorschlag zur Reformierung der landwirtschaftlichen Alterssicherung auf den Tisch gelegt. (Beifall bei der SPD und dem GRÜNE) Nein, statt dessen ruhen Sie sich auf der Oppositionsbank aus und sinnieren über die guten alten Zeiten, die längst von der Wirklichkeit überholt sind. (",1
237259,"Sie sind einfach ein  Lügner, der unerträglich arrogant ist!",SPD,Ulrich Kelber,CDU/CSU,Dr. Michael Fuchs,6/9/2011,106600,"n das gerade die kleinen Leute, Herr Gysi. Dann zahlen nämlich gerade diejenigen, die sich keine Solaranlage leisten können, die sie nicht auf dem Dach haben. Das ist eine Umverteilung von unten nach oben. Herr Kelber profitiert; er ist der Cheflobbyist der Solarwirtschaft. Das war schon immer so. (",1
61754,"Sie wissen doch ganz  genau, daß es kein Geld gibt!",SPD,Elke Ferner,CDU/CSU,Renate Blank,6/17/1998,39892,"erstellt werden. Eine Schutzzaunpolitik oder  trotziges Reagieren mit Blockaden bringt uns wirklich nicht voran.  Allerdings kosten umweltsensible Regionen auch  Geld. Dieses Geld muß auch Österreich, gefördert  von der Europäischen Union im Rahmen der transeuropäischen Netze, in die Hand nehmen.  (",0
288470,Doch!,GRÜNE,Annalena Baerbock,SPD,Sigmar Gabriel,12/3/2014,129197,"eigentlich möchte ich nicht „verlogen“ sagen, aber mir fällt dazu kein anderes Wort ein –, für verlogen, weil das natürlich mit europäischen Emissionsreduzierungen gar nichts zu tun hat.  Wir reden doch in der internationalen Klimapolitik nicht darüber, dass sich Deutschland irgendein Ziel setzt.  (",0
425178,Genau darum geht es!,CDU/CSU,Patrick Schnieder,GRÜNE,Katharina Beck,4/20/2023,191811," wie zum Beispiel die Cum-cum-Geschäfte, die vom finanziellen Umfang deutlich gravierender sind als Cum-ex. Da das bei Ihnen gar nicht vorkommt, ist die Frage erlaubt, worum es Ihnen im Kern eigentlich geht: (Beifall beim GRÜNE sowie bei Abgeordneten der SPD) um echte zusätzliche Aufklärungsarbeit (",0
134719,Auch das ist leider  richtig!,FDP,van Essen,CDU/CSU,von Klaeden,1/30/2004,64823,"mal eine Kürzung hinnehmen zu müssen.  Wir halten es angesichts der öffentlichen Diskussion gleichwohl für richtig, das zu tun. Dieser komplizierte Sachverhalt ist offensichtlich nicht zu vermitteln und der eine oder andere Journalist hat scheinbar auch kein Interesse daran, ihn zu verstehen. (Jörg ",0
348049,Das ist doch falsch!,FDP,Dr. Martin Neumann,SPD,Timon Gremmels,4/4/2019,157296,"ieg, so wie das von der Kommission vereinbart worden ist. Eine aktuelle Studie von Energy Brainpool belegt, dass erneuerbare Energien sogar einen dämpfenden Effekt auf den Strompreis haben, wenn wir jetzt gleichzeitig aus der Kohle aussteigen: weil wir weniger vergleichsweise teures Gas benötigen. (",0
86007,Scheinheiligkeit! Zuerst erhöhen Sie die Ökosteuer fünfmal und dann machen Sie solche Kleinigkeiten!,CDU/CSU,Gerda Hasselfeldt,SPD,Hans Eichel,11/16/2000,50209,"n Höhe von 50 Pfennig vorgesehen war. (Beifall bei der SPD und dem GRÜNE) – Hans Michelbach [CDU/CSU]: Ohne Ökosteuer!) Meine Damen und Herren, so brutal sind wir zu den Pendlern nicht. Auch wir glauben, dass an dieser Stelle angesichts der Entwicklung der Kraftstoffpreise etwas getan werden muss. (",1
360699,"Ich weiß, das ist schwer erträglich für Sie! Aber unsere Verfassung schützt das Eigentum!",FDP,Dr. Marco Buschmann,DIE LINKE,Caren Lay,11/28/2019,162651," es bis heute versäumt hat, den Mietenanstieg per Gesetz zu stoppen. Was ich aber wirklich ein starkes Stück finde, ist, dass Sie jetzt auch noch den Berlinerinnen und Berlinern dazwischenfunken wollen, die endlich einen wirkungsvollen Mietendeckel unter einer linken Bausenatorin einführen wollen. (",0
249403,Unpassender  Vergleich!,SPD,Hans-Joachim Hacker,CDU/CSU,Hans-Werner Kammer,1/26/2012,111512," wird der Verkehr auf Deutschlands Gewässern weiterhin in geordneten Bahnen verlaufen. Ich vergleiche das einmal mit dem Straßenverkehr: Wer als Fußgänger oder Fahrradfahrer – das heißt ohne Führerscheinprüfung – am Straßenverkehr teilnehmen will, muss selbstverständlich die Verkehrsregeln kennen. (",0
392621,Leider nicht!,AfD,<unknown>,GRÜNE,Deborah Düring,2/17/2022,180492,"h an anderer Stelle gerne mal diskutieren. Auf jeden Fall lässt sich aber festhalten, dass die strategische Komponente in Müllers Sinne umgesetzt wurde. Leider! Denn Entwicklungspolitik stand in den letzten Jahren immer mehr im Dienst von geopolitischen und innenpolitischen Interessen Deutschlands. ",0
418793,„Schurkenstaat“!,FDP,Konstantin Kuhle,CDU/CSU,Philipp Amthor,1/27/2023,189724,"ates wird hier im personalisierten Wahlrecht verknüpft. (Dr. Irene Mihalic [GRÜNE]: Oh nein!) – Ja, im personalisierten Verhältniswahlrecht wird sie verknüpft zwischen Erst- und Zweitstimme. (Konstantin Kuhle [FDP]: Was?) Das ist aber etwas anderes als das System der fehlenden Hauptstimmendeckung. (",0
251470,Haben Sie  schon was vom Hochschulpakt gehört?,CDU/CSU,Monika Grütters,DIE LINKE,Nicole Gohlke,3/8/2012,112428,"tlich verschätzt zu haben, und korrigierte ihre Zahl nach oben: bis 2020 jährlich 60 000 bis 80 000 mehr Studienanfängerinnen und Studienanfänger. Jetzt werden diese Zahlen endlich einmal offiziell genannt. Überrascht haben sie allerdings nur die Bundesregierung – den Eindruck hat man zumindest –; (",0
101500,Selbst der bayerische Löwe will jetzt Ganztagsschulen!,SPD,Dieter Dzewas,CDU/CSU,Dr. Maria Böhmer,11/27/2001,55314,"keit verzichtet hat. Das ist schlichtweg nicht hinnehmbar. (Beifall bei der CDU/CSU und der FDP) Wenn das alles dazu dienen soll, die Ganztagsschulen und die Ganztagsbetreuung in Deutschland auszubauen, dann muss ich sagen, dass bei der SPD hier wieder das alte System der Umverteilung stattfindet. (",0
435584,"Das ist doch ein Märchen, Herr Merz! Märchenstunde! Das werden Sie doch nie beweisen können! Das ist doch Unsinn! Das wissen Sie auch!",DIE LINKE,Matthias W. Birkwald,CDU/CSU,Friedrich Merz,9/6/2023,195079,"schäftigung, weil sie sich ausrechnen können, dass sie mit staatlichen Transferleistungen am Ende des Jahres mehr herausbekommen, als wenn sie in einer einfachen Beschäftigung arbeiten und Sozialversicherungsbeiträge und Steuern bezahlen müssten. (Beifall bei der CDU/CSU – Widerspruch bei der SPD – ",1
101123,Ist auch die Inflationsrate darauf?,CDU/CSU,Dietrich Austermann,SPD,Hans Eichel,11/27/2001,55267,"lik Deutschland nach der Wiedervereinigung. Daraus können Sie ganz erstaunliche Sachverhalte ablesen, meine Damen und Herren. In den von Ihnen so gerühmten 80er-Jahren – darüber gehe ich schnell hinweg – haben Sie 1983 und 1984 gerade einmal den siebten Platz von 15 europäischen Ländern erreicht.  (",0
415456,Hört! Hört!,SPD,<unknown>,SPD,Dirk Wiese,12/14/2022,188634,"efallen ist. (Andrea Lindholz [CDU/CSU]: So ein Blödsinn! Jetzt geht das schon wieder los, die Geschichtenerzählerei! Mensch, lesen Sie mal die Pressemitteilungen, und erzählen Sie nicht die ganze Zeit so einen Mist!) Das will ich noch mal eindeutig unterstreichen. Ein Fraktionsvorsitzender der CDU ",0
281958,Oft durch so subtile Formen wie Ihre Reden!,GRÜNE,Kai Gehring,CDU/CSU,Dr. Sabine Sütterlin-Waack,5/22/2014,126121,"esellschaft immer noch mit Vorurteilen, Ausgrenzungen und Benachteiligungen gegenüber eingetragenen Lebenspartnerschaften. Nach dieser Studie sind circa 45 bis 50 Prozent der befragten Kinder von derartigen Diskriminierungen betroffen. Sie sind dieser Situation oft relativ schutzlos ausgeliefert.  (",0
273962,Davon hat auch überhaupt keiner geredet!,GRÜNE,Renate Künast,DIE LINKE,Stefan Liebich,6/6/2013,121852,"r  [GRÜNE]: Wo sind die  Erfolge? Es passiert doch nichts!) Ich möchte das, was hier gesagt worden ist, richtigstellen: Die Programme, die wir hier fahren, haben Hochkonjunktur. Von einer flächendeckenden Wohnungsknappheit kann also überhaupt keine Rede sein. (Beifall bei der CDU/CSU und der FDP –  ",1
170852,"Herr Heilmann, wir waren da!",CDU/CSU,Dr. Andreas Scheuer,DIE LINKE,Lutz Heilmann,10/27/2006,77854,n wir im Parlamentarischen Beirat für nachhaltige Entwicklung eine Anhörung zum Thema Demografie und Infrastruktur durchgeführt. Vielleicht hätten Sie daran teilnehmen und mit den Sachverständigen sprechen sollen. Dann hätten Sie vielleicht etwas dazugelernt. (Beifall bei der LINKEN und dem GRÜNE – ,0
376303,Was machen Sie?,DIE LINKE,Caren Lay,CDU/CSU,Ingo Wellenreuther,10/8/2020,170152,"eresse daran besteht, langjährige, gute Mietverhältnisse aufrechtzuerhalten und gemeinsam durch die Coronakrise zu kommen. Deswegen lehnen wir den bestenfalls gutgemeinten Gesetzentwurf der Grünen, Frau Bayram, ebenso wie den Antrag der Fraktion Die Linke ab. Danke schön. (Beifall bei der CDU/CSU – ",0
424453,"Wir wissen, dass Sie nichts wissen!",AfD,von Storch,GRÜNE,Merle Spellerberg,3/31/2023,191527," nationalistische und protektionistische Kräfte, in dem Wissen, dass die Klimakrise und all ihre Folgen eine dramatische Sicherheitsbedrohung für jeden Einzelnen von uns darstellt, und in dem Wissen, dass jede dieser Bedrohungen sich anders auf marginalisierte Gruppen, auf Frauen auswirkt. (Beatrix ",1
310117,Ohne Inflation gibt es keine kalte Progression!,GRÜNE,Dr. Wolfgang Strengmann-Kuhn,CDU/CSU,Dr. Wolfgang Schäuble,9/6/2016,139608,mmt hier auch für 2017 gesamtstaatlich gesehen auf eine Größenordnung von 2 Milliarden Euro. Auf die Begeisterung im Bundesrat bin ich schon gespannt. (Heiterkeit bei Abgeordneten der CDU/CSU) Im Übrigen: Auch jenseits der kalten Progression wachsen die Steuereinnahmen aus einer Reihe von Gründen. (,0
173102,Das ist doch  Unfug! Grober Unfug!,SPD,Dr. Dieter Wiefelspütz,GRÜNE,Wolfgang Wieland,12/1/2006,78723,"Ihr Versuch der Einschränkung ist untauglich. Die Definition, die Sie zugrunde legen wollen, umfasst das gesamte soziale Umfeld, sofern es dauerhaft ist. Die Ärztin, der Arzt, die Familienangehörigen, die Anwältin und der Anwalt – für alle besteht das Risiko, in diese Datei aufgenommen zu werden.  (",1
372665,Wie heute!,FDP,Konstantin Kuhle,CDU/CSU,Ansgar Heveling,7/3/2020,168445," getrennten Wahlgebieten in den einzelnen Bundesländern gewählt wurde, war es die Aufgabe dieses ersten Deutschen Bundestages, ein Wahlgesetz für die gesamte Bundesrepublik für die zweite Bundestagswahl zu beschließen. Und, meine lieben Kolleginnen und Kollegen, was geschah? Lange Zeit gar nichts. (",0
388876,"Es wäre schön, wenn das die letzte Rede gewesen wäre!",CDU/CSU,Dr. Matthias Zimmer,AfD,Uwe Witt,6/10/2021,178176,"ssern. Durch eine dynamische Anpassung der Verdienstgrenze, gekoppelt an die Inflationsrate, sind steigende Stundenlöhne für den Arbeitnehmer, der als Minijobber arbeitet, endlich verfügbar. Wir bitten Sie daher um Zustimmung zu unserem Antrag. Danke schön. (Beifall bei der AfD – Zurufe vom GRÜNE – ",0
238053,Peanuts!,DIE LINKE,<unknown>,DIE LINKE,Dr. Axel Troost,6/30/2011,106953,"vorne ausgerichtet darüber, was jetzt passiert. Reden wir doch einmal über die ehemalige private Hypo Real Estate. Das war ein privates Unternehmen, das unter großem Druck verstaatlicht werden musste. An dieser Bank hängt bzw. schlummert eine Bad Bank in einer Größenordnung von 173 Milliarden Euro. ",0
88874,So ist das!,CDU/CSU,Wolfgang Meckelburg,CDU/CSU,Claudia Nolte,1/19/2001,51033,"Ende drei Wochen betrug. (Wolfgang Meckelburg [CDU/CSU]: Das ist doch typisch für Riester!) Man ist überhaupt nicht mehr mitgekommen. Anhand der Änderungen, die gegenüber dem Vorgängerentwurf vorgenommen wurden, konnte man ziemlich genau sehen, wer der letzte Gesprächspartner des Ministeriums war. (",2
80679,Da war der Nooke aber noch nicht in dem Klub!,GRÜNE,Rezzo Schlauch,GRÜNE,Werner Schulz,5/19/2000,48059,"Weiterführung des Jahresberichts der Bundesregierung zum Stand der deutschen Einheit, so muss ich feststellen, dass wir dies bereits 1995 gefordert haben. Damals haben Sie sich mit Händen und Füßen dagegen gewehrt, dass es überhaupt einen solchen Bericht gibt.  (Beifall beim GRÜNE und bei der SPD – ",0
136291,Sie sind ja überhaupt nicht vorbereitet!,CDU/CSU,Clemens Binninger,GRÜNE,Kerstin Müller,3/10/2004,65469,Wir haben bei der zuständigen Behörde rechtzeitig und zügig nachgefragt. (Heiterkeit bei der SPD – Lachen bei der CDU/CSU – ,0
252301,Er ist Parlamentarischer  Staatssekretär!,FDP,Otto Fricke,SPD,Johannes Kahrs,3/22/2012,112715,"das Geld, das früher für diese Programme vorhanden war, wieder zur Verfügung gestellt werden muss. (Beifall bei der SPD sowie bei Abgeordneten des GRÜNE – Steffen Kampeter [CDU/CSU]: Jeder Euro ist da hineingegangen!) – Herr Staatssekretär, Sie gehören auf die Regierungsbank. Ab auf Ihren Platz! – (",0
276249,Nein!  Das ist etwas anderes!,DIE LINKE,Matthias W. Birkwald,CDU/CSU,Max Straubinger,6/28/2013,123330,"CSU]: So  ist es! – Dr. Gregor Gysi [DIE LINKE]: Abflachen!) – Herr Kollege Gysi, Sie haben gesagt, derjenige, der  mehr eingezahlt hat, dürfe ruhig ein bisschen weniger  Rente bekommen. Das ist Ihr System. Das hätte eine  Einheitsrente in Höhe von rund 1 050 Euro zur Folge,  und sonst gar nichts. (",0
46322,"Doch, der ist  anwesend!",CDU/CSU,Eduard Oswald,SPD,Gabriele Iwersen,6/21/1996,30195,"s heute vorgelegte  Ladenschlußgesetz gewaltig in Gefahr geraten.  Der Gesetzentwurf zeigt eindeutig, daß das Ziel  der Raumordnung, abgestufte Zentren mit unterschiedlicher Versorgungsfunktion zu schaffen bzw.  zu erhalten, weder vom Bundesbauminister - der ist  ja wohl auch gar nicht anwesend -  (",0
121072,Als Drohung!,SPD,Uwe Benneter,fraktionslos,Dr. Gesine Lötzsch,3/14/2003,60676,"ätzen“ gibt, und mahnte eine gesetzliche Regelung an. Wir als PDS fordern eine gesetzlich geregelte Ausbildungsumlage. Wer nicht ausbildet, muss zahlen. Diese Ausbildungsumlage hatte sich übrigens Rot-Grün bereits 1998 in die Koalitionsvereinbarung geschrieben, aber bis heute nicht erfüllt.  (Klaus ",0
160507,Oh!,CDU/CSU,<unknown>,DIE LINKE,Petra Pau,1/20/2006,73440,"l ich gerade beim Abwiegeln der Union bin: Ich kann das aus Ihrer Sicht sogar nachvollziehen. Schließlich hatten Sie ja eine andere Meinung zum Irakkrieg als die PDS und die Linksfraktion. Ihr Kollege Pflüger hat sich mehrfach als Kriegsbefürworter engagiert, selbst wenn der Krieg völkerrechtswidrig",0
343065,"Unverschämt ist das, was Sie da sagen!",DIE LINKE,Caren Lay,CDU/CSU,Thomas Heilmann,1/18/2019,154910," bezahlt werden und damit die Quittung für die verfehlte Wohnungsbaupolitik in Berlin dem Bund und dem Bund der Steuerzahler auferlegt werden soll. Ihre linke Bausenatorin richtet eine wohnungspolitische Katastrophe in Berlin an. Ich kann es Ihnen nicht ersparen, die Versäumnisse mal darzustellen. (",1
404167,Schauen Sie in die Geschäftsordnung!,AfD,Stephan Brandner,SPD,Dr. Johannes Fechner,9/21/2022,185285,"kein Benennungsrecht einer Fraktion, (Beifall bei der SPD sowie bei Abgeordneten des GRÜNE und der FDP – Stephan Brandner [AfD]: Wir schlagen drei vor!) und das ist auch gut so. Es ist gut, dass die Vizepräsidenten hier mit einer möglichst breiten Mehrheit gewählt werden. Das wollen Sie aushebeln, (",0
76334,Das haben wir doch gemacht!,GRÜNE,Dr. Antje Vollmer,FDP,Hans-Joachim Otto,12/16/1999,46106,"insbesondere auch gestern bei der Anhörung, daß es in erster Linie um das psychologische Signal geht. Wenn Sie – alle Ihre Redner – hier erklären, es gehe hier um die Bürgergesellschaft von unten, dann sage ich: Sie müssen sich irgendwann auch einmal bereit erklären, ein Signal von oben zu setzen. (",0
250177,"Sie haben das nicht  gelesen, Frau Kollegin!",SPD,Sigmar Gabriel,FDP,Angelika Brunkhorst,2/10/2012,111872,"chon eine etwas andere Richtung herausgehört. (Sigmar Gabriel [SPD]: Nein!) Für den Fall, dass die Genehmigung für Stilllegungsmaßnahmen nicht rechtzeitig erfolgen kann, wollen Sie, dass das NMU die Maßnahmen sozusagen selbst anordnen kann. Ich glaube, das ist ein Misstrauensvotum in Richtung BfS. (",0
370738,Immer dasselbe!,CDU/CSU,Michael Grosse-Brömer,SPD,Dr. Matthias Miersch,5/29/2020,167335,"ommen worden. Sie wollten schlichtweg nicht. Sie haben sich verweigert, damit Sie hier irgendeine Geschichte erzählen können. (Christian Dürr [FDP]: Faule Ausrede!) Das lassen wir Ihnen nicht durchgehen. (Beifall bei der SPD, der CDU/CSU und dem GRÜNE sowie bei Abgeordneten der FDP und der LINKEN – ",1
44252,Wie ein Gewerkschaftssekretär!,FDP,Jürgen Koppelin,SPD,Adolf Ostertag,3/13/1996,28573,"wird. Aber sonst paßt das überhaupt  nicht, insbesondere nicht für die Konjunktur, die wir  bräuchten, um die Massenarbeitslosigkeit zu bekämpfen.  Jetzt hat die Bundesregierung die Karre so tief in  den Dreck gefahren, daß eine Haushaltssperre verkündet wird. Ich frage: Wie soll das weitergehen?  (",0
363899,Das Problem besteht seit 2003!,SPD,Johann Saathoff,AfD,Stephan Protschka,1/15/2020,163826,"ndesregierung malt derweil Schreckensszenarien an die Wand und behauptet, dass ohne eine erneute Verschärfung Strafzahlungen von etwa 850 000 Euro pro Tag drohen würden. Die Bundesregierung legt hier einen hektischen Aktionismus und vorauseilenden Gehorsam gegenüber der heiligen Kuh EU an den Tag, (",0
28291,Mit einer Nu ll   gehen die locker um!,FDP,Dr. Gisela Babel,SPD,Konrad Gilges,2/3/1994,17355,"lbieren.  (Zurufe von der CDU/CSU: Die Wiedervereinigung hatten wir inzwischen auch! Haben  Sie das auch schon mitbekommen? — Sie  haben eine Null vergessen!)  — Aber Herr Kollege, aber Herr Kollege!  (Glocke des Präsidenten)  Das ist seriöser als Ihre Politik der letzten 12 Jahre,  Herr Hinsken.  (",0
206515,"Das liegt daran, dass Sie sich  nicht richtig damit beschäftigt haben!",FDP,Gisela Piltz,SPD,Olaf Scholz,11/11/2009,95572,"n, wenn auch in einer anderen Rollenverteilung: als Regierung und als Opposition. Aber auch da ist ja Zusammenarbeit erforderlich.  Meine Damen und Herren! Wenn man sich den Koalitionsvertrag anschaut und sich bemüht, eine Linie in der künftigen Innenpolitik zu entdecken, gelingt einem das nicht.  (",0
440192,Und was hat das jetzt mit der globalen Mindestbesteuerung zu tun?,CDU/CSU,<unknown>,SPD,Melanie Wegling,10/11/2023,196628,das ist hier in dieser Finanzdebatte mein Hauptanliegen – endlich unser antiquiertes und dysfunktionales Steuersystem mit den Steuerklassen III und V reformieren. (Beifall bei der SPD und dem GRÜNE) Das aus den 1950er-Jahren stammende Ehegattensplitting verfestigt das Rollenbild der damaligen Zeit. ,0
450935,Zu langsam!,CDU/CSU,Marc Biadacz,CDU/CSU,Stephan Stracke,1/19/2024,199930,"auf 36 Monate heraufzustufen und die Aufnahme von Arbeitsgelegenheiten für Asylbewerber deutlich zu erleichtern. Jetzt endlich! Ihre Umsetzungsgeschwindigkeit erinnert in diesem Zusammenhang eher an eine Schnecke. Die Ambitionslosigkeit, die Sie hier an den Tag legen, ist tatsächlich erschreckend, (",0
78609,Punktlandung!,CDU/CSU,<unknown>,CDU/CSU,Norbert Röttgen,3/22/2000,47260,"s lich bei 1,6 oder 1,8 Prozent liegen wird. Sie nehmen  Plenum eilenden Kollegen Karl-Josef Laumann das das vorige Jahr als Bemessungsgrundlage, in dem wir  Wort für die CDU/CSU-Fraktion. eine Preissteigerungsrate von 0,6 Prozent hatten. Das heißt, jeder Rentner in diesem Land verliert durch Ihre  ",0
426660,Hört! Hört!,CDU/CSU,Erich Irlstorfer,AfD,Martin Sichert,4/27/2023,192282,"rger. (Beifall bei der AfD) Die Reallöhne sind im letzten Jahr um 4 Prozent gesunken. In dieser schweren Zeit, in der Löhne sinken, müssen wir die Bürger entlasten und dürfen sie nicht belasten. Es gibt so viele Möglichkeiten, eine bessere Pflege zu finanzieren, ohne die Bürger weiter zu belasten. (",0
196459,Hier!,SPD,Sebastian Edathy,GRÜNE,Omid Nouripour,11/25/2008,90440,"mokraten überlegt haben, dass sie diesem Gesetz im Bundesrat nicht zustimmen und es deshalb dort keine Mehrheit erhalten wird. Das ist erst einmal sehr erfreulich. Ich frage mich aber: Warum erst jetzt? Wo waren Sie denn die letzten Monate, als es darum ging, aktiv gegen dieses Gesetz vorzugehen?  (",0
233136,"Meine Frau können Sie alles fragen! Die findet echt gut, was ich hier mache!",CDU/CSU,Reinhard Grindel,SPD,Aydan Özoğuz,3/17/2011,104828," die Sie hier am Tag von sich geben. (Beifall bei der SPD, der LINKEN und dem GRÜNE – Dr. Hans- Peter Uhl [CDU/CSU]: Er hat die Antwort gewusst! – Josef Philip Winkler [GRÜNE]: Nie sollst du ihn befragen!) Ich sage das nur mal; ich kenne Sie schließlich ein bisschen. Wir sollten es dabei belassen. (",0
258083,Nicht ein Wort zur  Sache! Eine Entschuldigung wäre besser gewesen!,CDU/CSU,Jens Spahn,GRÜNE,Dr. Harald Terpe,9/11/2012,115263,"nisse machen Sie jetzt Konzessionen.  Von uns kam ein Vorschlag, wie man das besser machen  kann. Ich bin gespannt, wie wir die Gespräche in Zukunft weiterführen werden; denn es gibt gute Gründe, an  diesem System, was Kontrolle und Transparenz betrifft,  etwas zu verbessern. (Beifall beim GRÜNE –  ",0
36070,Haben Sie alle kein  Verhältnis zum Geld?,FDP,Ina Albowitz,GRÜNE,Annelie Buntenbach,3/29/1995,23116," Was unternimmt die Bundesregierung angesichts  dieses immensen Problems? Viel ist es wahrlich  nicht. Sie haben immerhin das Programm „Lohnkostenzuschuß für Langzeitarbeitslose"" wieder aufgelegt.  (Ina Albowitz [FDP]: Immerhin 3 Milliarden  DM!)  - Immerhin. Das reicht aber bei weitem nicht aus.  (",0
315494,Richtig!,CDU/CSU,<unknown>,GRÜNE,Lisa Paus,12/15/2016,141909,"e Gesetzeslage besagen, dass sie nur gemeinnützige Organisationen unterstützen dürfen. Attac war aber 2014 die steuerliche Gemeinnützigkeit vom Finanzamt Frankfurt abgesprochen worden, (Zuruf von der CDU/CSU: Sehr sinnvoll!) weil – so argumentierte das Finanzamt – Attac zu stark politisch tätig sei ",0
65389,Sehr wahr!,CDU/CSU,Michael Glos,CDU/CSU,Dr. Wolfgang Schäuble,2/24/1999,41705," Wir haben ihn eingeführt, um angesichts der steigenden Lebenserwartung die Belastung von Beitragszahlern und Leistungsempfängern behutsam neu zu justieren. Inzwischen sind Sie selbst zu der Einsicht gekommen, daß die Rentenversicherung ohne einen solchen Korrekturmechanismus nicht auskommen kann. (",2
30164,Sind  wir der gelockerte Kompost?,CDU/CSU,Dietmar Kansy,FDP,Dr. Walter Hitschler,4/28/1994,19022,"e  Konjunktur zu sein.  Im Vierten Mietrechtsänderungsgesetz ist es uns  gelungen, zaghafte liberale Blümchen auf gelockertem Kompost zu pflanzen, wie beispielsweise die  Einführung der Indexmiete, und allen gravierenden  Deckelungsbemühungen auch von NRW weitgehend  Einhalt zu gebieten.  (Dr.-Ing. ",0
38990,Und die Konsequenz?,SPD,<unknown>,CDU/CSU,Angelika Pfeiffer,9/7/1995,24937,"n der Krankenversicherung im  ersten Halbjahr 1995 präsentiert. Damit wird erstmalig der Deutsche Bundestag zuerst - das heißt auch:  vor der Presse - über die gesundheitspolitischen Zahlen informiert. Ich begrüße das hier sehr ausdrücklich und möchte Ihnen, Herr Minister, für diese Geste  danken.  ",0
407220,"Nein, erinnere ich nicht!",CDU/CSU,Jens Spahn,SPD,Markus Töns,9/30/2022,186144,"ondern wir erklären noch einmal, was sich inhaltlich in diesem Vertrag befindet. Wissen Sie eigentlich, warum wir das tun? Das ist nämlich etwas, worauf wir eingehen. Sie wissen ganz genau, dass es vor vielen Jahren, als CETA in der Endverhandlung war, erhebliche Proteste aus der Bürgerschaft gab. (",0
94290,Das hat Ihr Kanzler gesagt!,CDU/CSU,Günter Nooke,FDP,Cornelia Pieper,5/17/2001,52979,"lter nehmen. Die Abwanderung junger Menschen aus einem Landstrich Deutschlands darf man nicht bagatellisieren, vor allem dann nicht, wenn es die jungen, fleißigen, kreativen und fachlich ausgebildeten Menschen sind. (Simone Violka [SPD]: Alle, die dableiben, sind faul, oder was? – Gegenruf des Abg. ",0
259639,Und demnächst im Jahr  2018 abschaffen! Das ist Ihr Webfehler!,SPD,Gustav Herzog,CDU/CSU,Steffen Bilger,9/27/2012,115731,"utz vor dem Schienenlärm geht, den Schienenbonus  abzuschaffen. Auch und gerade deshalb ist die Abschaffung des Schienenbonus ein Zeichen, dass wir das Lärmproblem sehen und verstanden haben, dass wir uns als  Verkehrspolitiker an diese Aufgabe machen müssen. (Beifall bei der CDU/CSU und der FDP –  ",0
414792,Genau!,SPD,Kaweh Mansoori,AfD,Dr. Dirk Spaniel,12/2/2022,188463,"ren beschleunigen wollen. Das ist alles Augenwischerei. (Mathias Stein [SPD]: Das ist Unsinn!) Sie sabotieren die Infrastruktur dieses Landes, und das seit vielen Jahren. (Beifall bei der AfD) Ihre Ausrede ist in diesem Zusammenhang immer, dass das so sein muss wegen der europäischen Gesetzgebung. (",2
228879,Es spricht eben viel für einen Mindestlohn!,SPD,Gabriele Lösekrug-Möller,CDU/CSU,Gitta Connemann,12/17/2010,103290," den Einzelhandel in Bremen. Da hat der DGB einen Tarifvertrag mit einer untersten Lohngruppe von 7,37 Euro abgeschlossen. Für das nordrheinwestfälische Fleischerhandwerk wurde ein Tarifvertrag mit 6,45 Euro abgeschlossen. (Dr. Heinrich L. Kolb [FDP]: Interessante Zahlen, die hier genannt werden! – ",0
181009,Der Badische ist noch besser!,SPD,Jörg Tauss,CDU/CSU,Klaus-Peter Willsch,9/13/2007,82846," – gefallen ist. Dem Finanzminister wurden für den Fall, dass er schon vor 2010 einen ausgeglichenen Haushalt zustande bringt, mehrere Flaschen Saint-Émilion angeboten. Das ist sicherlich ein guter Wein. Zu meinem Wahlkreis gehört das obere Mittelrheinthal; es ist eine Stätte des Weltkulturerbes.  (",0
288466,Genau!,CDU/CSU,Michael Grosse-Brömer,SPD,Sigmar Gabriel,12/3/2014,129191,"Zunächst freuen wir uns einmal darüber, wenn der Güterverkehr ansteigt, insbesondere dann, wenn er auf der Schiene stattfindet. In einem Land wie Deutschland, das unter anderem vom Export lebt, haben wir jedenfalls nichts dagegen, dass Güter und Personen transportiert werden.  (",2
188614,"Wie stimmen Sie dann ab, Herr Bisky? Wie Harald Wolf mit Nein?",GRÜNE,Renate Künast,DIE LINKE,Dr. Lothar Bisky,3/13/2008,86507,"enden Vertragswerk zu einer eklatanten Missachtung des Volkswillens kommt. Darum fordert die Linke Volksabstimmungen in allen EU-Ländern, (Beifall bei der LINKEN sowie des Abg. Gert  Winkelmeier [fraktionslos]) am besten am selben Tag, damit Europa auf der Zustimmung seiner Menschen aufbauen kann. (",0
84875,"Ist ja ganz schlimm, ein Frevel!",SPD,Joachim Poß,CDU/CSU,Dagmar Wöhrl,10/27/2000,49710," immer mehr von unseren europäischen Partnern. Haben Sie einmal darüber nachgedacht, dass wir in Europa ein immenses Mitbestimmungsgefälle verursachen und somit dem europäischen Binnenmarkt nicht sehr förderlich sind? Sie planen auch eine Ausweitung der Mitbestimmung im Bereich des Umweltschutzes. (",1
380778,Bitte gründlich desinfizieren!,CDU/CSU,Matthias Zimmer,AfD,Martin Sichert,12/17/2020,172791,"ber in der Lage sind, durch das, was sie sich erarbeitet haben, für Notzeiten vorzusorgen, und dass sie nicht immer am Tropf des Staates hängen müssen. Vielen Dank, meine Damen und Herren. (Beifall bei der AfD – Matthias W. Birkwald [DIE LINKE]: Also, was man sich hier so alles anhören muss! – Dr.  ",0
234720,Sie kürzen da immer nur!,GRÜNE,Oliver Krischer,CDU/CSU,Peter Götz,4/7/2011,105535,"ndergärten – mit all den vielen positiven Auswirkungen auch für die Städte, Kreise und Gemeinden angestoßen. Auch das war übrigens ein wichtiger Beitrag für den Klimaschutz. Außerdem haben wir das von Ihnen kritisierte CO2- Gebäudesanierungsprogramm mit inzwischen über 7 Milliarden Euro angesetzt. (",0
219557,Oh!,FDP,Otto Fricke,GRÜNE,Fritz Kuhn,7/1/2010,99920," Gemeinden dafür allein zuständig?) Wer mit solchen primitiven Verschiebebahnhöfen der Bevölkerung und dem Parlament weismachen will, dies wäre Konsolidierungspolitik, der hat mit Zitronen gehandelt. Da muss sich die FDP nicht wundern, dass sie laut Umfragen inzwischen bei 4 Prozent gelandet ist.  (",0
158956,Wir!,DIE LINKE,Dr. Gregor Gysi,CDU/CSU,Dr. Angela Merkel,11/30/2005,72812,"e Regierungserklärung der neuen Bundesregierung zu diskutieren. Ich darf Sie zu Beginn fragen: Für wen mag das heute wohl die größte Überraschung sein? Wer hätte noch vor einigen Wochen und Monaten gedacht, dass heute eine große Koalition antritt, um unser Land gemeinsam in die Zukunft zu führen?  (",0
397979,Gute Artikel!,DIE LINKE,Matthias W. Birkwald,GRÜNE,Andreas Audretsch,5/13/2022,182912,Damen und Herren! Die Würde des Menschen ist unantastbar. (Nina Warken [CDU/CSU]: Davon haben wir in der Debatte zur Abtreibung aber nichts gehört!) Die Bundesrepublik Deutschland ist ein demokratischer und sozialer Bundesstaat. Das sind die Maßgaben aus Artikel 1 und Artikel 20 des Grundgesetzes. (,2
10890,Was ist denn das für  eine Gerüchteküche?,FDP,Dirk Hansen,SPD,Günter Rixe,5/7/1992,6358," und Kollege Herr Nelle mit dem Kopf genickt hat, als  wir diesen Antrag gestellt haben, Herr Graf, auch Sie  waren eigentlich der Meinung, daß m an das machen  sollte. Aber ich habe die Befürchtung: Da sind Sie  eingeknickt, weil die FDP dies aus prinzipiellen  Gesichtspunkten heraus nicht will.  (",1
235862,Wo es gutes bayerisches Bier gibt!,CDU/CSU,Bartholomäus Kalb,CDU/CSU,Norbert Barthle,5/12/2011,106020,"s 25 Milliarden Euro pro Jahr aus. Wir haben keine Wechselkursschwankungen. Das gibt Sicherheit. Wir haben eine hohe Preistransparenz in ganz Europa. Jeder weiß, was ein Glas Bier in Paris, in Madrid, in Mailand, in Berlin und sonst wo kostet. (Otto Fricke [FDP]: Es schmeckt nicht überall gleich! – ",0
331315,So ist es!,CDU/CSU,Michael Grosse-Brömer,CDU/CSU,Dr. Volker Ullrich,6/8/2018,149784,"erehrten Damen und Herren! Lassen Sie mich zum Abschluss der Debatte bitte noch einmal die Sachlage korrekt einordnen. Zunächst einmal ist zu sagen, dass die Parteien nach Artikel 21 des Grundgesetzes einen verfassungsmäßigen Auftrag haben, an der politischen Willensbildung des Volkes mitzuwirken. (",2
93517,Aber natürlich!,FDP,Ulrich Heinrich,SPD,Matthias Weisheit,4/6/2001,52704,"Ulrich Heinrich [FDP]: Durch unsere Politik ist es doch erst dazu gekommen! Wir haben uns doch durchgesetzt!)  Lieber Herr Kollege Heinrich, um noch einmal auf die Geschichte mit Nordkorea einzugehen:  (Ulrich Heinrich [FDP]: Es ist doch unsere Politik gewesen!) Es ist nicht Ihre Politik gewesen. (",0
328999,Sie schüren Angst!,AfD,von Storch,SPD,Johann Saathoff,4/25/2018,148863,"native Lösungsvorschläge, 50 Kilometer Küstenstreifen und Hunderttausende von Menschen einfach so ab. (Beifall bei der SPD) Herr Altmaier geht davon aus, dass wir in vier bis fünf Jahren ohne zusätzliche Investitionen für die erneuerbaren Energien auskommen können. Das ist ein hehres Ziel. (Beatrix ",0
113222,Dann steigt aber der Rentenversicherungsbeitrag!,SPD,Joachim Poß,FDP,Rainer Brüderle,7/5/2002,58695,"e kleine Betriebe. Die Dienstwagenbesitzer von Grün-Rot merken das nicht. Aber nicht umsonst klagen kinderreiche Familien vor dem Bundesverfassungsgericht gegen die Ökosteuer.  Wir fordern als einzige Partei die Abschaffung der Ökosteuer, weil sie vom Konzept her falsch ist.  (Beifall bei der FDP – ",0
432751,"Dies kann man doch nur machen, wenn es eine Gefährdung gibt! ",CDU/CSU,<unknown>,GRÜNE,Lamya Kaddor,6/22/2023,194304,"seine oder auch ihre Strafe abgesessen hat und eine Psychiaterin oder ein Psychologe kein Gefährdungsrisiko mehr feststellt, dann können wir doch diese Personen nicht einfach pauschal in Sicherheitsverwahrung nehmen und damit ein rechtskräftiges Urteil einfach so aufweichen, meine Damen und Herren. ",0
158793,Blabla!,SPD,<unknown>,CDU/CSU,Dr. Angela Merkel,9/7/2005,72741,"standen, dass die Kommunen besser ausgestattet werden, damit sie auch ihre Leistungen erbringen können. Das ist die Wahrheit. (Beifall bei der CDU/CSU und der FDP – Zuruf  von der SPD: Nein, das ist gelogen!) Meine Damen und Herren, es geht um Vorfahrt für Arbeit, eine bessere Zukunft für Familien  ",1
286458,"Das muss selbstverständlich sein! Wir reden hier über Beiträge, nicht über Steuern!",GRÜNE,Maria Klein-Schmeink,CDU/CSU,Dr. Georg Nüßlein,10/17/2014,128184,"ir finanzieren eine ganze Menge von wirklich wichtigen Verbesserungen,  (Elisabeth Scharfenberg [GRÜNE]: Die Versicherten finanzieren!)  und wir tragen dafür Sorge, dass das Geld auch wirklich bei den Pflegenden ankommt – auch das muss man erst hinbekommen – und sie tatsächlich etwas davon haben.  (",0
383361,"Das, was Sie machen, ist Heuchelei!",SPD,Josephine Ortleb,AfD,Dr. Bernd Baumann,2/24/2021,174258," Bedford-Strohm oder die Grüne Göring-Eckardt haben diesen Schwulenhasser offiziell zum Kirchentag eingeladen, die AfD – größte Opposition im Deutschen Bundestag – aber ausgeladen. Das zeigt die ganze Heuchelei der Linksgrünen, meine Damen und Herren. (Beifall bei der AfD – Widerspruch beim GRÜNE – ",1
217325,Ich wäre ruhig an  Ihrer Stelle! Die haben Sie verursacht!,FDP,Birgit Homburger,SPD,Carsten Schneider,5/19/2010,98900,"iel Nabelschau und rückwärtsgewandte Diskussionen geben. Das hat die FDP die ganze Zeit gemacht. Herr Wissing hat in diesem Zusammenhang ein Argument vorgebracht, das den Stabilitätspakt betrifft. Nicht nur, dass Sie den heute mit einer Rekordneuverschuldung von 80 Milliarden Euro brechen würden.  (",1
207153,"Je lauter, umso unrechter!",SPD,Elke Ferner,CDU/CSU,Peter Weiß,11/26/2009,95774,"pte: Die SPD gewinnt dadurch, dass sie sich plötzlich von ihrer eigenen Politik verabschiedet, nicht an Glaubwürdigkeit, sondern verliert an Glaubwürdigkeit.  (Beifall bei der CDU/CSU sowie bei Abgeordneten der FDP – Hubertus Heil [Peine] [SPD]: Trotz Ihrer Lautstärke ist das vollkommener Unsinn! – ",0
152579,„Gentechnikfreie  Zone“,FDP,Dr. Andreas Pinkwart,CDU/CSU,Ursula Heinen,3/9/2005,70904,"iese Arbeitsplätze zufällig durch Staatskredite entstanden?) Wollen Sie, dass diese Arbeitsplätze aus Deutschland verlagert werden? Ich glaube, ja. Denn mit Ihrer derzeitigen Politik tun Sie alles, um diese Arbeitsplätze aus Nordrhein-Westfalen, aus Brandenburg, aus Sachsen- Anhalt zu vertreiben.  (",0
419098,Weil Sie familienfeindliche Politik machen!,AfD,Martin Reichardt,SPD,Dr. Nina Scheer,2/8/2023,189783,"haftspolitisch höchst fragwürdig. Sie haben wörtlich gerade ausgeführt, dass man erst mal den heimischen Arbeitsmarkt ausschöpfen solle; dabei ist längst bekannt, dass wir auf dem heimischen Arbeitsmarkt zu wenige Arbeitskräfte haben. (Beatrix von Storch [AfD]: Bildungskatastrophe! Redet darüber! – ",0
196441,Erst nachdenken  und dann Geld ausgeben!,CDU/CSU,Helmut Brandt,FDP,Gisela Piltz,11/25/2008,90436,"a Piltzdass die Große Koalition für die angekündigten Gesetzentwürfe, deren Umsetzung beim Bundesdatenschutzbeauftragten natürlich auch Geld kosten wird, nicht mehr Mittel bereitgestellt hat. Das haben wir immer gefordert, und das haben alle Fraktionen beantragt. Sie haben es aber nicht umgesetzt. (",0
88788,"Für die Oranienburger Straße sollten Sie sich entschuldigen, Herr Nooke! Das wäre angemessen!",SPD,Jörg Tauss,CDU/CSU,Günter Nooke,1/18/2001,50983,"eit“ in Bezug auf die Notwendigkeit der Gedenkstätten sagte:  Wir gewinnen, wenn wir die Diktatur vorurteilsfrei und offen bearbeiten, eine deutliche Annäherung an die eigene Demokratie. Wir nehmen sie ernster trotz der sie prägenden Widersprüche. Danke schön. (Beifall bei der CDU/CSU und der FDP – ",0
278787,Das habe ich gar nicht gesagt!,CDU/CSU,Mark Hauptmann,GRÜNE,Stephan Kühn,2/21/2014,124698,"haftlich dynamischen Entwicklungspfad zu etablieren. Man muss einfach sagen: Die wirtschaftliche Angleichung stagniert seit Mitte der 90er-Jahre. Da halte ich es, Herr Kollege Hauptmann, schon ein bisschen für Schönfärberei, zu sagen: Wir haben hier nur blühende Landschaften.  (Beifall beim GRÜNE – ",1
383349,"Ja, weil Sie es verfassungsgemäß machen sollen!",GRÜNE,Dr. Irene Mihalic,CDU/CSU,Dr. Jan-Marco Luczak,2/24/2021,174255,"it der FDP dieses wichtige Gesetz im Bundesrat. (Beifall bei der CDU/CSU – Benjamin Strasser [FDP]: Der Bundespräsident wollte Ihr Gesetz nicht unterschreiben!) Sie blockieren es. Sie haben blockiert, dass diese wichtigen Änderungen, die wir als Koalition auf den Weg gebracht haben, Gesetz werden. (",0
271307,Nicht sprechen! Handeln! Probleme lösen!,GRÜNE,Kai Gehring,CDU/CSU,Florian Hahn,4/18/2013,120643,"ht perfekt. (Agnes Alpers [DIE LINKE]: Marode, Herr  Kollege!) Die derzeitig übermäßige Anzahl von Kurzzeitbefristungen muss verringert werden. Diese Koalition hat dieses  Thema bereits angesprochen und die Wissenschaft zum  Handeln aufgefordert. (Beifall bei Abgeordneten der CDU/CSU und  der FDP – ",0
255738,Bravo! Das ist ein  Wort!,SPD,Klaus Barthel,FDP,Dr. Martin Lindner,5/24/2012,114172,"l. (Klaus Barthel [SPD]: Wir warten auf Ihre  Vorschläge! Jetzt kommen sie, oder?) – Sie erwarten Vorschläge von uns? Wir brauchen gar  keine Vorschläge zu machen. Wir finden es so, wie es im  Moment läuft, richtig. (Katja Keul [GRÜNE]:  Genau! Das ist mal ehrlich!) Daran ist gar nichts zu ändern. (",2
190514,In der Regel!,DIE LINKE,Jan Korte,SPD,Maik Reichel,5/8/2008,87513,"edschaft in der KPD nach § 6 des Bundesentschädigungsgesetzes dazu geführt hat, dass man von der Entschädigung ausgeschlossen wurde. (Jan Korte [DIE LINKE]: Doch, in großen  Fällen! Zwangsläufig!) – Nein, nicht zwangsläufig. (Günter Baumann [CDU/CSU]: Kollege Korte, hören Sie doch einfach mal zu! – ",0
27136,Das macht  doch keiner!,CDU/CSU,Steffen Kampeter,DIE LINKE,Dr. Dagmar Enkelmann,12/9/1993,16587,"n zugegebenermaßen  die Zielstellung der Verkehrsvermeidung — wenn  auch nur verbal — bekundet. Dies trifft aber offensichtlich auf den Bundestag nicht zu. Hand aufs Herz,  liebe Kolleginnen und Kollegen: Muß es tatsächlich  sein, vom Plenarsaal zum Hochhaus im Tulpenfeld mit  dem Auto zu fahren?  (",0
346232,Keine einzige Nachrüstung!,GRÜNE,Oliver Krischer,CDU/CSU,Felix Schreiner,3/14/2019,156403,"nau, dass der Staatssekretär Bilger diese Woche einen Brief verschickt hat, in dem er zum Beispiel die Nachrüstungen von VW und Daimler, die zugesagt wurden, bekannt gegeben hat. Herr Krischer hat den Brief ebenfalls bekommen. Aber auch dazu hat er heute kein Wort gesagt. (Beifall bei der CDU/CSU – ",0
365415,Eine Entschuldigung für heute liegt uns nicht vor!,GRÜNE,Britta Haßelmann,SPD,Heiko Maas,1/31/2020,164516," stattfindet, an der etwa zehn Außenminister des westlichen Balkans und anderer europäischer Staaten teilnehmen und bei der wir uns darum bemühen, die Verbreitung von Kleinwaffen aus dem westlichen Balkan in Europa zu verhindern. Das war der Grund, weshalb ich mich aus dem Bundestag entfernt habe. (",0
296043,Abwarten!,CDU/CSU,<unknown>,GRÜNE,Dr. Valerie Wilms,6/18/2015,132856,"ben doch.  (Beifall des Abg. Matthias Gastel [GRÜNE])  Es ist ein Scheitern auf Raten. Wer mit dem Kopf gegen die Wand rennt, Herr Dobrindt, tut sich weh. Wenn man ein paarmal davorrennt, dann tut es eben noch mehr weh. Auf diesem Wege sind Sie.  (Heiterkeit bei Abgeordneten des GRÜNE und der LINKEN",0
88694,Das ist doch alles nachweisbar! Das ist doch nicht wahr! Sie haben doch nicht mit den Soldaten gesprochen!,SPD,Peter Zumkley,CDU/CSU,Paul Breuer,1/18/2001,50948,"er Sprüche etwas vorsichtiger als Sie, da es hier um Fürsorge geht.  (Beifall bei Abgeordneten der CDU/CSU und der FDP) Es geht um nichts anderes. Wenn die Soldaten im Kosovo jetzt noch betonen, sie hätten nicht die richtigen Anweisungen, sieht man, welches Versagen mit Ihrer Person verbunden ist. (",0
67433,"Sie ersaufen alles! Wenn Sie es nur naß machen würden, wäre es gut!",FDP,Dirk Niebel,SPD,Olaf Scholz,3/25/1999,42560,"uch, oder?) Sie sehen also, daß wir hier nur helfen wollen, den Gesetzen Geltung zu verschaffen. Ich möchte noch eine Ergänzung dazu machen: Wenn es sich so verhält, wie ich es schildere, dann kann die Gesetzeslösung nicht nach dem Motto funktionieren: Wasch mir den Pelz, aber mach mich nicht naß. (",0
134785,Zu viel der Ehre!,GRÜNE,Birgitt Bender,CDU/CSU,Horst Seehofer,1/30/2004,64839,"rsicherung und der Arbeitslosenversicherung nun auch die Pflegeversicherung in einer ernsten Krise steckt. Ich bin schon lange in diesem Parlament, aber noch keine Bundesregierung hat es geschafft, alle Versicherungszweige gleichzeitig in die Krise zu führen.  (Beifall bei der CDU/CSU und der FDP – ",0
380168,Da sprach der Verfassungsfeind!,DIE LINKE,Niema Movassat,AfD,Stephan Brandner,12/10/2020,172365,"es Ihnen nicht! – Katja Keul [GRÜNE]: Da müssen Sie selber lachen! – Niema Movassat [DIE LINKE]: Sie verachten die Verfassung und alles, was damit zu tun hat!) Wer das genauso sieht, schließt sich uns an. Wer das nicht so sieht, (Patrick Schnieder [CDU/CSU]: Das tun wir!) kann uns gerne bekämpfen. (",0
284694,Irgendetwas müssen die Länder auch noch machen!,CDU/CSU,Dr. Stefan Kaufmann,GRÜNE,Kai Gehring,9/11/2014,127296,t bildungsgerecht.  (Beifall beim GRÜNE sowie bei Abgeordneten der LINKEN)  Das erfolgreiche Ganztagsschulprogramm endet ersatzlos. Bei der Generationenaufgabe Inklusion tauchen Sie schlichtweg ab. Und die konkrete Zukunft der Wissenschaftspakte bleibt ungelöste Hausaufgabe und Verhandlungsmasse.  (,0
189629,"Ich denke, wir wollen über die Maßnahmen sprechen!",FDP,Dr. Karl Addicks,SPD,Manfred Zöllmer,4/23/2008,87074," Alltags“ für die Menschen, die Grundnahrungsmittel, werden vernachlässigt. Die Folgen dieser weltweit falschen Prioritätensetzung holen uns jetzt ein. Viele Länder, besonders in der Dritten Welt, sind in den letzten Jahrzehnten von Selbstversorgern zu Importeuren von Grundnahrungsmitteln geworden.(",0
395540,Das nennt man: Racial Profiling!,DIE LINKE,Clara Bünger,CDU/CSU,Alexander Throm,4/7/2022,181846,"Polizei kontrolliert sehr intensiv in Bussen und Zügen. Besonders die Drittstaatler ohne ukrainischen Pass werden kontrolliert und registriert. – Dazu zwei Anmerkungen: Erstens. Sie erkennt mit diesen Aussagen an, dass eine Kontrolle notwendig ist; sonst würde sie das nicht immer wieder behaupten. (",0
267073,"Das  tut doch kein Mensch, Frau Höll!",FDP,Dr. Birgit Reinemund,DIE LINKE,Dr. Barbara Höll,2/1/2013,118991,"mtliches Engagement als Lückenbüßer bei der Erfüllung gesellschaftlich notwendiger Aufgaben, also staatlicher Aufgaben,  zu verstehen, ist grundfalsch. Das ist nichts anderes als  das Ausnutzen der Bereitwilligkeit von Menschen. (Beifall bei der LINKEN sowie bei Abgeordneten der SPD und des GRÜNE – ",0
54562,"Wenn Sie privatisieren wollen, müs sen Sie privatisieren!",FDP,Dr. Wolfgang Gerhardt,CDU/CSU,Dr. Wolfgang Schäuble,9/10/1997,35924,"en.  (Joseph Fischer [Frankfurt] [GRÜNE]: Richtig!)  Deswegen ist Privatisierung der richtige Weg,  (Joseph Fischer [Frankfurt] [GRÜNE]: Aber nicht so!)  und deswegen ist die Privatisierung der Telekom der  richtige Weg. Das bekämpfen Sie.  (Beifall bei der CDU/CSU sowie bei Abge ordneten der FDP - ",0
191521,Die sind auch  nicht vom Himmel gefallen!,DIE LINKE,Elke Reinke,SPD,Wolfgang Spanier,6/5/2008,88075,"nachteiligten.  Gleich, im Anschluss an diese Debatte, werden wir in diesem Haus ein solches Förderprogramm beschließen. Dabei geht es um die Ausbildung der jungen Leute, die sich schon seit zwei, drei Jahren in Warteschleifen befinden, die keinen Hauptschulabschluss haben usw. Das ist vernünftig. (",0
161222,Richtig!,DIE LINKE,Cornelia Hirsch,CDU/CSU,Uwe Schummer,2/10/2006,73785,"n.  (Cornelia Hirsch [DIE LINKE]: Aber keine  zusätzlichen!) 83 000 Betriebe bilden nun erstmals aus. Die Vereinbarung, die im Rahmen des Ausbildungspaktes getroffen wurde, ist also eingehalten worden. Wer damit nicht Uwe Schummerzufrieden ist, muss sagen, dass wir andere Vereinbarungen brauchen.  (",0
453227,Sie legen in Ihrer Gesetzesbegründung die falschen Zahlen zugrunde! Das ist das Problem!,CDU/CSU,Alexander Hoffmann,FDP,Stephan Thomae,2/1/2024,200345,"chnitten werden müssen, – (Alexander Hoffmann [CDU/CSU]: Sie müssen die Zahlen vom letzten Zensus nehmen!) nicht weil die Koalition es politisch will, sondern weil es sich zwingend aus dem Gesetz ergibt. Wie kann man dann darauf kommen, zu sagen: „Das ist politisch manipuliert“? Das ist unlogisch. (",0
378140,Das ist richtig!,FDP,Bettina Stark-Watzinger,FDP,Christian Lindner,11/18/2020,171248,"r FDP) Unverändert fehlt eine dauerhaft durchhaltbare Risikostrategie. In den Beschlüssen von Bund und Ländern am Montag gibt es aber bereits eine Richtungsweisung. Wir haben bereits vor Monaten vorgeschlagen, besonders von gesundheitlichen Risiken Betroffenen FFP2-Masken zur Verfügung zu stellen. (",0
289072,Und wenn die Stromkosten höher sind?,GRÜNE,Dr. Wolfgang Strengmann-Kuhn,CDU/CSU,Jens Koeppen,12/5/2014,129446," selbst bestreiten können, haben ein Recht darauf – Sie sprechen ja insbesondere die Hartz-IV-Empfänger an –, im Rahmen der Grundsicherung über das SGB II folgende Leistungen zu erhalten: einen Regelsatz von circa 400 Euro; darin sind übrigens die 30 Euro Stromkosten eingerechnet und eingepreist.  (",0
124785,Von dieser Regierung erwarten die Menschen nichts mehr!,CDU/CSU,Volker Kauder,SPD,Nicolette Kressl,6/5/2003,61837,"mokratische Fraktion hat sich, wie gesagt, erfolgreich für den Erhalt dieser Maßnahmen eingesetzt.  Gerade bei diesem Thema erwarten die Menschen von der Politik zu Recht, dass gemeinsame Lösungswege gesucht werden, statt zu versuchen, aus der kritischen Situation politisches Kapital zu schlagen.  (",1
349080,Das ist aber nur ein Gefühl!,CDU/CSU,Henning Otte,GRÜNE,Agnieszka Brugger,4/11/2019,157781,"n sind, eine breite Mehrheit im Parlament herzustellen. Wir haben viele kritische Punkte in Bezug auf die Mandate in Mali angesprochen, aber auch konkret zum Atalanta-Mandat. Ich habe das Gefühl, das interessiert Sie überhaupt nicht, und es ist Ihnen egal, ob die Opposition diese Mandate mitträgt. (",0
262681,So spricht  er jedenfalls!,CDU/CSU,Klaus-Peter Willsch,SPD,Bärbel Bas,11/20/2012,117202,") – Es tut mir leid. Schauen Sie einmal in Ihren eigenen  Haushalt: Sie sparen dort, wo Sie eigentlich gestalten  sollten, und Sie bedienen sich dort, wo Sie eigentlich  haushalten sollten. Frau Aschenberg-Dugnus, Sie haben Herrn Lauterbach vorgeworfen, er würde in einem „Paralleluniversum“ leben. (",0
186219,Solche Reden erhöhen den Krankenstand!,FDP,Dr. Werner Hoyer,SPD,Ulla Schmidt,1/18/2008,85290,den alles bereithält und das für die Armen nur eine Versorgung auf niedrigem Niveau sicherstellt.  (Beifall der Abg. Elke Ferner [SPD]) All das will die Bundesregierung nicht. Wir wollen eine gute Versorgung für alle. Deshalb wird der Fonds in diesem Jahr kommen. Danke schön. (Beifall bei der SPD – ,0
152989,"Ich bin gespannt, ob die Grünen sich dem anschließen!",FDP,Ernst Burgbacher,CDU/CSU,Claudia Nolte,3/10/2005,70988,"h schwierig. Da steht im Beschluss der Grünen – wir sind ja dankbar, dass die FDP ihn in die parlamentarische Debatte eingebracht hat – mehr drin.  (Gernot Erler [SPD]: Wo ist Ihrer denn?) – Das reicht uns. Wir können uns dem anschließen; das ist ganz einfach. (Beifall bei der CDU/CSU und der FDP – ",0
252921,Wir waren mit  dem Petitionsausschuss da!,CDU/CSU,Gero Storjohann,SPD,Hans-Joachim Hacker,3/29/2012,112988,"ch den Fall, dass Bürgerinnen und Bürger in den Gemeinden und auch Kommunalpolitiker ein bestimmtes Projekt nicht wollen, das vor 15 Jahren einmal geplant wurde. Praktisches Beispiel: die Ortsumgehung Bad Doberan in Mecklenburg-Vorpommern. Dort gibt es eine Bürgerinitiative gegen die Ortsumgehung. (",0
409330,Ein halbes Jahr!,CDU/CSU,Dr. Ottilie Klein,DIE LINKE,Susanne Ferschl,10/20/2022,186870,"hale für die Rentnerinnen und Rentner zustimmt. (Beifall bei der LINKEN und der SPD) Wir haben von Anfang an darauf hingewiesen, aber es bleibt das Geheimnis der Bundesregierung, warum sie ein Vierteljahr gebraucht hat, um zu kapieren, dass auch Rentnerinnen und Rentner ihre Wohnung heizen müssen. (",0
412807,Olaf Scholz!,CDU/CSU,Hermann Gröhe,GRÜNE,Dr. Jan-Niclas Gesenhues,11/23/2022,187752,"itioniert. (Beifall beim GRÜNE sowie bei Abgeordneten der SPD und der Abg. Judith Skudelny [FDP]) Abschließend noch ein Gedanke zur Union. Sie haben hier ja wahnsinnig die Backen aufgepustet, was die Finanzplanung angeht. Wenn ich in die Finanzplanung der unionsgeführten Bundesregierung reingucke: (",0
354269,Eine Bürgerbahn! Ein Kombinat! Das gab es doch schon mal!,AfD,Dr. Dirk Spaniel,DIE LINKE,Victor Perli,9/12/2019,160057,"der instandgesetzt wird, und das alles nur, weil eine ganz große Koalition in diesem Haus gegen den Widerstand der Linken versucht hat, die Bahn an die Börse zu bringen. Für uns ist völlig klar: Die Deutsche-Bahn-Aktiengesellschaft muss vollständig in die öffentliche Hand. (Beifall bei der LINKEN – ",0
29024,Kommt auch alle  vier Jahre!,SPD,de With,FDP,Detlef Kleinert,3/3/1994,18019," Hufen nach außen, und schlagen gegen jedermann aus, der sich dem eigentlich angegriffenen Tier  nähert. So funktioniert § 839 BGB.  (Heiterkeit und Beifall bei der FDP und der  CDU/CSU)  Das mußte ja wieder einmal gesagt werden. Nicht  jeder liest nach, was man vor 15 Jahren gesagt hat.  (Dr. Hans ",0
19894,Richtig!,CDU/CSU,Brigitte Baumeister,CDU/CSU,Klaus Riegert,3/25/1993,11926,"tern und ihren minderjährigen  Kindern und als gesellschaftliche Institution in Art. 6  unter den besonderen Schutz der staatlichen Ordnung  stellt. Pflege und Erziehung der Kinder sind das  natürliche Recht der Eltern und die zuvörderst ihnen  obliegende Pflicht, siehe Art. 6 Abs. 2 Grundgesetz.  (",0
452319,Was war das in Potsdam?,SPD,<unknown>,AfD,Dr. Alice Weidel,1/31/2024,200153,"g durch dieses Land. (Saskia Esken [SPD]: Sie sollten Kinderbuchautorin werden!) – Der Kinderbuchautor sitzt da, Frau Esken. – Aber statt zu korrigieren, setzen Sie sich an die Spitze einer beispiellosen Verleumdungskampagne, wie gerade hier eindrucksvoll geschildert, gegen die Mittelstandsproteste ",0
244628,"Wir wollen höhere Löhne, Herr Ernst!",CDU/CSU,Max Straubinger,DIE LINKE,Klaus Ernst,11/10/2011,109650,"en, verdienen Friseure im Osten oft weniger als 4 Euro; dort liegen die Tariflöhne unter 4 Euro. Wollen Sie dort, wo es Tariflöhne gibt, diese 4 Euro beibehalten? Oder wollen Sie dort auch die Untergrenze einführen? Was wollen Sie eigentlich? Das ist aus Ihrer Position in keiner Weise ersichtlich. (",0
441932,"Ja, aufgrund Ihrer Politik!",AfD,<unknown>,SPD,Derya Türk-Nachbaur,10/19/2023,197241,ommen. Diese Länder haben die sogenannte Seenotrettung nicht. Und was ist passiert? Ist die Migration dadurch zurückgegangen? Nein. Es gab einfach nur mehr Tote. Die erschreckenden Zahlen haben wir auch schon gehört: Weit mehr als 2 000 Menschen sind dieses Jahr elendiglich im Mittelmeer ertrunken. ,0
171240,Rechts sind die  Brandstifter!,DIE LINKE,Ulla Jelpke,CDU/CSU,Kristina Köhler,11/9/2006,78071,"cht!) die Mehrheitsbevölkerung in Deutschland sei voll von Ressentiments, Rechtsextremismus sei in der Mitte der Gesellschaft zu finden.  (Vorsitz: Vizepräsidentin Petra Pau) Das beginnt bereits bei der Terminologie. Frau Kollegin Jelpke, Sie haben eben wieder vom „Kampf gegen rechts“ gesprochen.  (",0
435776,Ja!,SPD,Saskia Esken,CDU/CSU,Alexander Dobrindt,9/6/2023,195087," Bevölkerung anstaut. Sie sind diejenigen, die die Leute frustrieren mit Ihrer Politik und dafür sorgen, dass der Fleißige der Dumme ist. (Beifall bei der CDU/CSU – Saskia Esken [SPD]: Fake News aus der „Bild“-Zeitung, Herr Dobrindt! – Katja Mast [SPD]: Sie sollten sich schämen! – Gegenruf der Abg. ",2
420636,Sexistische Argumente!,CDU/CSU,<unknown>,SPD,von Malottki,3/1/2023,190326,"n männlichen Unionsmitgliedern gefahren wird. (Lachen bei der CDU/CSU und der AfD – Dr. Malte Kaufmann [AfD]: Das ist ja lächerlich!) Ihre Männerclique (Zuruf von der CDU/CSU: Lächerlich!) will sich aus der Verantwortung stehlen, schmeißt deshalb mit Schmutz und diskreditiert nicht nur zwei Frauen, ",0
7296,So ist es!,FDP,<unknown>,FDP,Dr. Helmut Haussmann,12/5/1991,4343,"jetzt  unwiderruflich zu klären, unter welchen Bedingungen es 1997, also in sechs Jahren, zu einer stabilen  europäischen Währung kommen kann. Es ist ganz  einfach: Entweder gibt es zu diesen Bedingungen  eine stabile europäische Währung, oder es gibt  keine.  (Beifall bei der FDP und der CDU/CSU — ",2
219914,Kommt ja öfter vor!,SPD,Garrelt Duin,GRÜNE,Thilo Hoppe,7/2/2010,100103,"chhaltiges Wirtschaften gefordert und eine starke Rolle der Vereinten Nationen. (Zuruf von der SPD) Da haben viele Zeitungen getitelt: Merkel fordert eine „Wirtschafts-UN“. Doch leider sind diesen großen Worten keine Taten gefolgt. Wir haben viele Anfragen gestellt. – Nichts, aber auch gar nichts. (",0
221215,Meine Rede kommt gleich noch! Wir haben noch etwas in Reserve!,CDU/CSU,Georg Schirmbeck,DIE LINKE,Caren Lay,9/14/2010,100630,"ion hat, können wir sehr schön an dieser Debatte ablesen. (Georg Schirmbeck [CDU/CSU]: Das dürfen  Sie so nicht sagen!) Der Kollege Bleser von der CDU/CSU-Fraktion spricht neun Minuten zur Landwirtschaft und sagt dann, nachdem die Redezeit abgelaufen ist, zur Verbraucherpolitik noch wenige Sätze.  (",0
306404,Hinter verschlossenen Türen!,DIE LINKE,Ulla Jelpke,CDU/CSU,von Marschall,4/27/2016,137727,". (Dr. Dietmar Bartsch [DIE LINKE]: Sensationell!) Das ist doch im besten Sinne das, was die Kanzlerin tut. Deshalb liegen Sie da völlig falsch. Die Intensität der Gespräche, die die Kanzlerin in den letzten Monaten im Zusammenhang mit der Flüchtlingskrise mit der türkischen Regierung geführt hat, (",0
33791,Sehr wahr!,FDP,Dr. Burkhard Hirsch,FDP,Ina Albowitz,12/14/1994,21314,"nke, wir können  das so nicht hinnehmen. Je lauter wir von hier aus  reden, desto besser ist das.  (Beifall im ganzen Hause)  Herr Innenminister, es geht uns dabei nicht um die  Aufweichung des Asylkompromisses, sondern um die  Wahrung der Menschenrechte im Fall der Bedrohung  von Leib und Leben.  (",2
377459,Also doch keine Mohammed,AfD,Karsten Hilse,SPD,De Ridder,10/30/2020,170733,"nn, zu sagen: Sie duldet das nicht!) Es ist wertvoll für den Zusammenhalt, für unsere Wertegemeinschaft – ganz gleich, ob in Frankreich oder in Deutschland –, dass wir die Verächtlichmachung jedweder Religion nicht zulassen; denn auch dies sind die Lehren, die wir aus den Attentaten ziehen müssen. (",0
160892,Das müssen ausgerechnet Sie sagen! Eure Vorgänger waren die Spezialisten!,CDU/CSU,Dr. Peter Ramsauer,DIE LINKE,Katja Kipping,2/9/2006,73665, in Schlafzimmern herumzuspionieren? Angesichts der Überbelastung bei der Beratung von Erwerbslosen sollten wir jetzt alle personellen Kräfte auf die Vermittlung konzentrieren und das Detektivspielen einfach sein lassen. Das ist auch besser für den Schutz der Privatsphäre. (Beifall bei der LINKEN – ,1
140720,Reden Sie  doch über das Luftsicherheitsgesetz!,CDU/CSU,Clemens Binninger,GRÜNE,von Neuforn,6/18/2004,67227,"chrichtendienste, Bundeswehr und – als vierte Säule – Bevölkerungsschutz nehmen unterschiedliche Aufgaben wahr. Eine Vermischung der Aufgaben führt nicht zu mehr Sicherheit, höchstens zu mehr Wirrwarr. Optimieren wollen wir die Zusammenarbeit durch eine verbesserte Koordination und Kommunikation.  (",0
78773,Und zu bezahlen!,CDU/CSU,<unknown>,CDU/CSU,Hartmut Koschyk,3/23/2000,47330,"ge Lebens- (D)  Wir haben uns die Prüfung und Bewertung des Ge- wirklichkeit in der Russischen Föderation denke – selber  setzentwurfes nicht leicht gemacht. Für uns war ganz zu organisieren.  entscheidend, dass die Koalitionsfraktionen bei der Beratung im federführenden Innenausschuss einem Antrag ",0
444258,Fragen Sie doch die Finnen! Die haben ein Endlager! Fragen Sie einfach mal! Die können das beziffern!,AfD,Karsten Hilse,SPD,Dr. Nina Scheer,11/10/2023,197945,"en wider sowie bei den Endlagerkosten, (Bernhard Herrmann [GRÜNE]: Ja!) die wir auch haben und die bis heute nicht bezifferbar sind. Wir haben zwar ein Entsorgungsfondsgesetz geschaffen, wir haben einen Entsorgungsfonds von 24 Milliarden Euro geschaffen; aber wir wissen nicht, ob das reichen wird. (",0
108436,Haltet den Dieb! Haltet den Dieb!,SPD,Ludwig Stiegler,CDU/CSU,Dr. Martin Mayer,4/17/2002,57113,"äsidenten Edmund Stoiber zu diffamieren, und zum anderen seiner Partei einen möglichst großen Einfluss auf den künftigen Fernsehmarkt zu sichern. Anders lassen sich seine ersten öffentlichen Äußerungen nicht interpretieren. Die Kollegen der SPD und der Grünen haben heute diesen Eindruck bestätigt. (",0
142081,Das ist überhaupt kein Streitpunkt!,FDP,Dr. Wolfgang Gerhardt,SPD,Gert Weisskirchen,9/8/2004,67637," Wahl zu gehen. (Beifall bei der SPD) Das ist eine gewaltige Leistung, zu der die Bundeswehr beigetragen hat. Lieber Kollege Gerhardt, es mag Punkte geben, über die man diskutieren kann, aber an diesem fundamentalen Ergebnis – es geht darum, dass die internationale Staatengemeinschaft dafür sorgt, (",0
453404,Das ist doch Quatsch!,SPD,Dr. Johannes Fechner,AfD,Martin Sichert,2/1/2024,200388,"ber mir gleich schon im Gespräch klarmacht, dass er grundsätzlich keine Kassenpatienten als Neupatienten nimmt und mich nur einmalig untersucht, weil ich eine Hausarztüberweisung habe. Und ich bin nur einer von 74 Millionen Kassenpatienten, die alle solche Erfahrungen machen. (Beifall bei der AfD – ",1
305680,Das wissen Sie doch selber nicht! Leider!,GRÜNE,Markus Kurth,SPD,Daniela Kolbe,3/17/2016,137319,"esondere für mehr Ressourcen. Ich sage es noch einmal: Deutschland braucht endlich ein Integrationspaket. Ich will mich auf die Kritik stürzen, die von Linken und Grünen kommt: Mal ganz ruhig, Sie wissen doch noch gar nicht, wie dieses 100 000-Arbeitsgelegenheiten-Programm genau ausgestaltet wird. (",1
450390,Sie fordern doch immer mehr Tierwohl! Wo kommt das denn her?,FDP,Clemens Hocker,fraktionslos,Mohamed Ali,1/18/2024,199763,"Abgeordneten) Ich meine ganz im Ernst: Wo leben Sie eigentlich, und wo kaufen Sie eigentlich ein? Haben Sie eigentlich noch ein Gespür dafür, was es für weite Teile der Bevölkerung bedeutet, wenn die Lebensmittelpreise weiter steigen, zum Beispiel für viele Rentnerinnen und Rentner? Nein! (Dr. Gero ",0
307456,"Aber das ist mit Sicherheit die wissenschaftlich fundierteste, Herr Kollege!",GRÜNE,Harald Ebner,CDU/CSU,Hermann Färber,5/12/2016,138224,"r den Gesundheitsschutz nichts bringen. Alle europäischen Bewertungsbehörden haben nämlich festgestellt, dass Glyphosat in der zugelassenen Anwendung kein Krebsrisiko darstellt. Das IARC vertritt mit seiner Einstufung in die Kategorie „wahrscheinlich krebserregend“ eine reine Minderheitenposition. (",0
54475,"Und in der Elbe kann  man endlich wieder baden, das ist das  Schönste!",FDP,Lisa Peters,FDP,Birgit Homburger,9/9/1997,35898,"nhaltung ist erreicht worden, daß die Staubemissionen um zwei Drittel gesenkt worden sind,  darüber hinaus, daß die SO 2-Emissionen um drei  Viertel. reduziert worden sind. Bei der Nordsee beispielsweise ist der Phosphoreintrag um die Hälfte,  der Stickstoffeintrag um 25 Prozent reduziert worden.  (",2
287840,Daran könnten sich die Grünen ein Beispiel nehmen!,CDU/CSU,Max Straubinger,CDU/CSU,Gerda Hasselfeldt,11/26/2014,128973,"ffensichtlich nicht, auch nicht die Unterstützung des Freistaats Bayern für die Kommunen in dieser Frage. Bayern bezahlt den Kommunen wie kaum ein anderes Land 100 Prozent der Kosten. In Nordrhein-Westfalen sind es gerade einmal 20 bis 30 Prozent. Das ist die reale Lage.  (Beifall bei der CDU/CSU – ",0
44564,Aber  der Genosse Hennemann war doch da!,CDU/CSU,Dietmar Kansy,SPD,Dr. Christine Lucyga,3/14/1996,28702,"htspiele haben derzeit die Durchsetzung  des DMS-Konzeptes verhindert. Die Entscheidung  für die Vulkan-Verbundlösung fiel in einer Nachtund-Nebel-Aktion, ohne daß der erfahrene und  hochangesehene DMS-Vorstand mit Dr. Krackow an   der Spitze überhaupt gefragt oder angehört worden  wäre.  (Dr.-Ing. ",0
41376,Was ist denn nun mit  der CSU?,SPD,Rudolf Dreßler,FDP,Jürgen W. Möllemann,11/23/1995,26552,"eratives Mitwirken der Bundesländer geben.  (Beifall bei der FDP und der CDU/CSU)  Das gab es bisher eben nicht.  Die Tatsache, daß auch die SPD für die Monistik  ist, macht die Idee, für sich genommen, nicht  schlechter. Das stört mich überhaupt nicht; ich finde  es im Gegenteil sehr erfreulich.  (",0
234409,Ja!,SPD,René Röspel,SPD,Dr. Carola Reimann,4/7/2011,105414,- und Ernährungsforschung. Das ist ohne Frage zu begrüßen; denn gerade im Zusammenhang mit der demografischen Entwicklung und der Zunahme chronischer Erkrankungen wird die Bedeutung der Prävention weiter zunehmen. Doch auch hier geht das Rahmenprogramm nicht über Altbekanntes und Bewährtes hinaus. (,2
230257,"Ja, und jetzt?",DIE LINKE,Dr. Axel Troost,CDU/CSU,Karl Holmeier,1/27/2011,103761,"its im vergangenen Winter wird das Bundesverkehrsministerium die Länder auch in diesem Jahr anweisen, mit den Erhaltungsmitteln vorrangig die Frostschäden zu beseitigen. Dennoch ist mir bewusst, dass die genannten Maßnahmen angesichts der angespannten Finanzsituation der Kommunen nicht ausreichen. (",0
302758,Mehrere!,DIE LINKE,Matthias W. Birkwald,CDU/CSU,Wolfgang Bosbach,1/13/2016,136032,"dieser Stelle nur einmal mitteilen. (Beifall bei der CDU/CSU) Bei aller Kritik, die es in den letzten Tagen gegeben hat: Es besteht überhaupt keine Veranlassung, die Polizei, die in Köln im Einsatz war, so pauschal zu kritisieren. Es stimmt: Es hat eine Fehleinschätzung der Polizeiführung gegeben. (",0
367722,Mauern bauen!,DIE LINKE,Jan Korte,FDP,Linda Teuteberg,3/12/2020,165593,"chtsstaatlichen wirksamen Außengrenzschutz arbeiten, gerade wenn wir nicht wollen, dass sich die Frage nach Zurückweisung an der deutschen Grenze stellt. (Beifall bei Abgeordneten der FDP und der AfD) Wir wollen Freizügigkeit in Europa. Deshalb brauchen wir einen wirksamen Schutz der Außengrenzen. (",0
330925,Das war aber jetzt nicht logisch!,GRÜNE,Tabea Rößner,fraktionslos,Dr. Frauke Petry,6/7/2018,149651,"tos von neugeborenen Kindern veröffentlichen und wie ein Stück gutes, positives gesellschaftliches Leben mit dieser Datenschutz-Grundverordnung den Bach runtergeht. Geben Sie doch einfach zu, dass Sie etwas Gutes gewollt, aber es nicht erreicht haben. Das wäre immerhin ein Anfang. Herzlichen Dank. (",0
1788,Sie wur den so behandelt!,CDU/CSU,Dietrich Austermann,CDU/CSU,Hans-Ulrich Köhler,6/6/1991,1277,"n Ärmsten der Armen degradiert hat?  (Beifall bei der CDU/CSU und der FDP —  Gerhard O. Pfeffermann [CDU/CSU]:  300 Mark [Ost]!)  Dr. Gregor Gysi (DIE LINKE) : Dem ersten Teil  kann ich auf gar keinen Fall zustimmen. Das würde ja  bedeuten, daß die Rentner in der DDR früher keine  Menschen waren.  (",0
221548,200 Millionen  sind wohl nichts!,CDU/CSU,Dagmar Wöhrl,GRÜNE,Thilo Hoppe,9/15/2010,100711,"on Malaria, Tuberkulose und Aids nehmen Sie zwar ernst – das wollen wir nicht in Abrede stellen – und Sie tun auch etwas, aber sie haben in der Bundesregierung nicht die Priorität, die sie eigentlich haben müssten. Sie tun nicht das, was Sie tun könnten. Sie geben nicht das, was sie geben müssten. (",0
46074,Das ist doch ein  Erpressungselement!,SPD,Konrad Gilges,FDP,Dr. Gisela Babel,6/20/1996,30015,"tei kann das mit gutem Gewissen. Wir  müssen vielmehr sagen, daß wir von jedem, der  heute Arbeit hat, und von jedem, der Arbeit vielleicht verliert, die Flexibilität verlangen, in andere  Bereiche, andere Berufe und andere Lohnhöhen umzusteigen. Die Bereitschaft dazu müssen wir einfach  fordern.  (",1
165322,Und Möhren!,CDU/CSU,Leo Dautzenberg,DIE LINKE,Dr. Barbara Höll,5/11/2006,75431,"würde. Wir möchten, dass der Katalog der Waren des lebensnotwendigen täglichen Bedarfs, die nur mit dem ermäßigten Mehrwertsteuersatz von 7 Prozent belegt werden, erweitert wird. Es ist recht und billig, dass neben Brot, Butter und anderen Dingen wie Hundefutter, Schnittblumen und Tiermedikamenten (",0
414104,Ah!,SPD,Tim Klüssendorf,CDU/CSU,Fritz Güntzler,12/1/2022,188232,"ch Merz [CDU/CSU]: Es gibt keinen Steinbrück mehr bei der SPD! Das ist das Problem!) Außerdem möchte ich sagen: Das ist kein Geschenk des Gesetzgebers, wenn wir Freibeträge erhöhen. Sie alle erwähnen hier Bundesverfassungsgerichtsurteile; leider haben Sie den Beschluss vom 22. Juni 1995 vergessen. (",0
246265,Die sind früher über das Programm zur Prävention von Rechtsextremismus gefördert worden! Das stimmt alles gar nicht!,GRÜNE,Monika Lazar,DIE LINKE,Dr. Ilja Seifert,11/24/2011,110159,"en. Meine Damen und Herren, wenn wir das machen würden, dann würde das Träger wie das Anne- Frank-Zentrum, die Kreuzberger Initiative gegen Antisemitismus, die Türkische Gemeinde in Deutschland, das Archiv der Jugendkulturen oder auch die von Ihnen so viel zitierte Amadeu-Antonio-Stiftung treffen. (",0
449063,Finanzminister war Olaf Scholz!,CDU/CSU,Sebastian Brehm,GRÜNE,Bruno Hönel,12/14/2023,199259,"ge Weg; so sehen es auch die nationalen und internationalen Expertinnen und Experten. Deswegen schlagen wir diesen Weg richterweise auch ein, liebe Kolleginnen und Kollegen. (Beifall beim GRÜNE, bei der SPD und der FDP) Jahrelang wurde die Finanzkriminalität eher als ein Kavaliersdelikt behandelt. (",0
322129,In Deutschland!,DIE LINKE,Dr. André Hahn,CDU/CSU,Dr. Reinhard Brandl,6/21/2017,145054,"en Thema abzulenken. (Beifall bei der CDU/CSU – Claudia Roth [Augsburg] [GRÜNE]: Nein! Erpressbar waren Sie!) Diese Taktik lassen wir Ihnen nicht durchgehen. Es ist völlig klar, dass Sie kein Interesse daran haben, dass die Bundeswehr irgendwo stationiert ist. (Beifall bei Abgeordneten der LINKEN – ",0
94659,Ich habe geklatscht!,SPD,Rüdiger Veit,CDU/CSU,Dr. Hans-Peter Uhl,5/18/2001,53069,"agt haben, dass Sie hinsichtlich dieser Richtlinie einen ganz erheblichen Diskussionsbedarf sehen. Sie haben dafür unseren Applaus bekommen. Uns ist natürlich nicht verborgen geblieben, dass sich in  den Kreisen der SPD und der Grünen keine Hand gerührt hat.  (Beifall bei Abgeordneten der CDU/CSU – ",0
29849,Macht der Huber dann  noch mit? ,SPD,<unknown>,SPD,Uta Zapf,4/15/1994,18690,"rau Kollegin Zapf, daß wir  alles tun werden, was dort sinnvoll ist, was zur  Einsparung führt, damit es umgesetzt werden kann.  (Günther F riedrich Nolting [FDP]: Hoffentlich macht die SPD dann auch mit, wenn es  um die Fragen der Privatisierung geht! —  Walter Kolbow [SPD]: Hurra! Hurra! Hurra!  —",0
15556,So sehen wir aber  nicht aus!,SPD,S truck,CDU/CSU,Hans-Gerd Strube,11/24/1992,9229,"eifall bei der CDU/CSU — Lachen bei der  SPD und beim BÜNDNIS 90/DIE GRÜ NEN)  in denen Hunderttausende aus fremden Völkern jährlich zu uns kommen, um die Massenarmut mit uns zu  teilen. Zehn Jahre Norbert Blüm bedeutet für mich  aber auch zehn Jahre eine verkniffene und gestreßte  SPD,  (Dr. Peter ",0
442367,So ein Quatsch!,GRÜNE,Karl Bär,AfD,Frank Rinck,10/19/2023,197366,"Richtung Untergang taumelt. (Widerspruch bei der FDP) Die Grünen wiederum wollen mit diesem Gesetz weitere Ideologen Ihrer Partei in gutbezahlte Jobs und Posten bringen, die dann, wie damals zu DDR-Zeiten, die arbeitende Bevölkerung und in diesem Fall unsere deutschen Landwirte denunzieren sollen. (",1
126723,Macht sie aber!,SPD,Joachim Poß,SPD,Jörg-Otto Spiller,9/9/2003,62552,"erden. Man fragt sich, was die seriöse Finanzierung ist. Sie sagt, es dürfe aber in keinem Punkt irgendwo einen Abbau von Subventionen geben. Das passt überhaupt nicht zusammen. Die CDU/CSU ist eine zu bedeutende Partei, als dass sie solche Sprüche machen und ihrer Verantwortung ausweichen könnte. (",0
283020,Das ist doch grober Unfug!,SPD,Johannes Kahrs,DIE LINKE,Dr. Gregor Gysi,6/25/2014,126598,": Die Rentenerhöhung für die Spitzenverdiener wird abgeflacht. Das erlaubt das Bundesverfassungsgericht.  (Michael Grosse-Brömer [CDU/CSU]: So einfach ist die Welt nicht!)  Dann brauchen wir über Altersarmut überhaupt nicht mehr zu reden, weil alles bezahlt werden könnte.  (Beifall bei der LINKEN – ",1
67306,Das haben wir 16 Jahre nicht gemacht!,CDU/CSU,Werner Lensing,GRÜNE,Margareta Wolf,3/25/1999,42543," verfolgen. Verfolgen Sie eine Strategie der Konsolidierung, wie sie die SPD verfolgt – Herr Faltlhauser spricht sich übrigens sehr für diese Strategie aus –, oder verfolgen Sie eine Politik des leichten Geldes, die erst einmal Mittel einstellt und sich dann mit irgendwelchen Reformen beschäftigt? (",0
261133,"Ja, dann zitieren Sie mal  richtig!",SPD,Caren Marks,CDU/CSU,Daniela Ludwig,10/25/2012,116424,"das ist Frau von der Leyen!) wenn Eltern ihre Kinder im Alter von ein oder zwei Jahren selbst betreuen wollen. (Dr. Frank-Walter Steinmeier [SPD]: Das ist  doch Quatsch! Jetzt hören Sie doch mit diesem  Unsinn auf!) – Hätten Sie diesen Unsinn nicht gesagt, dann bräuchte  ich ihn nicht zu zitieren. (",1
47436,Vor der Wahl!,SPD,Josef Vosen,CDU/CSU,Christian Schmidt,9/25/1996,31056,"htlinge in den nächsten Monaten und Jahren zu erleichtern und sicherzustellen. Es bleibt nur zu hoffen,  daß die inneren Kräfte in Bosnien-Herzegowina, die  das Dayton-Abkommen wirklich akzeptieren, mehr  und mehr zunehmen.  Wie alle haben mit Freude gehört, was Präsident  Izetbegovič gesagt hat.  (",0
381961,Oder so!,CDU/CSU,Michael Grosse-Brömer,CDU/CSU,Alexander Hoffmann,1/28/2021,173447,"als wesentliches Staatsprinzip. Die Gewaltenteilung besteht aus drei Gewalten: die gesetzgebende Gewalt, die ausführende Gewalt und die rechtsprechende Gewalt. Das, was jetzt kommt, ist wirklich kein staatsrechtliches Hochreck, (Michael Grosse-Brömer [CDU/CSU]: Erstes Semester!) sondern Wikipedia. (",0
194740,Dann kommen Sie doch einmal nach Bayern!,FDP,Miriam Gruß,DIE LINKE,Diana Golze,9/26/2008,89565,"sbauvolumen anbelangt, durchaus in der Lage, dieses Angebot zu realisieren. Gegenwärtig realisieren diese immerhinein Platzangebot von rund 2,6 Mio. Plätzen für Kinder in Tageseinrichtungen bis zur Schulpflicht. Gemessen daran ist der zusätzliche Ausbaubedarf überschaubar. (Beifall bei der LINKEN – ",0
135187,Die Banken wurden schon angesprochen!,SPD,Jörg Tauss,FDP,Gudrun Kopp,2/12/2004,65005,"s ist gerade vor dem Hintergrund der derzeitigen Debatte über eine Ausbildungsplatzabgabe  (Jörg Tauss [SPD]: Umlage!) besonders bedrohlich und bedauerlich –, dann erkennt man, dass falsche Rahmenbedingungen den Firmen das Leben insgesamt enorm schwer machen.  (Beifall bei der FDP und der CDU/CSU – ",0
303292,Doch!,CDU/CSU,Volker Kauder,DIE LINKE,Klaus Ernst,1/28/2016,136374,"ise eingehen; du hast sie angesprochen, Sigmar. In der Regierung gibt es eine Bandbreite der Diskussion, die von der Forderung aus Bayern, die Grenzen zu schließen, bis hin zur Willkommenskultur reicht. Die Kanzlerin wird von der eigenen Fraktion angesägt; leider ist sie jetzt nicht mehr anwesend. (",0
428092,Die Ampel hat sie beantragt!,GRÜNE,Max Lucks,CDU/CSU,Armin Laschet,5/11/2023,192762,"Frau Präsidentin! Liebe Kolleginnen und Kollegen! In der Tat ist der Gipfel in Reykjavík, der vor uns liegt, ein wichtiger Gipfel. Die grüne Fraktion hat diese Aktuelle Stunde beantragt, wodurch wir überhaupt erst die Chance haben, über den Europarat und diesen Gipfel zu sprechen. (",0
27787,Natürlich hält er das für  richtig; sonst hätten Sie doch die Frage nicht  gestellt!,SPD,Horst Sielaff,CDU/CSU,von Hammerstein,1/20/1994,17038," Bundesrepublik einige  Verbände, Unternehmungen und auch schon Bauernverbände haben — ich nenne hier einmal den Bayerischen Bauernverband —, die bereit sind, ausschließlich Papier einzusetzen, das aus heimischem Holz  produziert worden ist? Halten Sie es für richtig, daß  das so gehandhabt wird?  (",0
175269,Eben nicht!  Das ist eine eigene Art von Politik!,CDU/CSU,Johannes Singhammer,DIE LINKE,Diana Golze,3/7/2007,79968," Sie denn dieses Geld aus den Taschen gezogen? (Beifall bei der LINKEN) Das sind doch zum großen Teil die Erwerbstätigen, die Kinder haben und deshalb nicht flexibel dem Arbeitsplatz hinterherziehen können.  Ich habe es hier schon einmal gesagt und wiederhole es: Familienpolitik ist Sozialpolitik. (",0
428566,Reden Sie mit der FDP?,CDU/CSU,Jens Spahn,GRÜNE,Karoline Otte,5/12/2023,192904,"schen haben, deren Heizungen sehr bald ausgetauscht werden müssen, dann können wir uns ein ewiges Gewarte auf irgendeine Heilsbringerlösung schlicht nicht leisten. (Beifall beim GRÜNE) Was Sie hier immer von Wasserstoff fabulieren, das klingt mir alles viel mehr nach Luftschloss als nach „sicher“. (",0
73887,Wo ist Clement?,FDP,Dirk Niebel,CDU/CSU,Gerda Hasselfeldt,11/12/1999,45429,"n mir vorstellen, daß es Ihnen schwerfällt,  Herrn Rüttgers zu glauben. Aber wenn Sie meinen, daß er nicht recht hat, empfehle ich Ihnen, doch wenigstens Ihren eigenen Parteifreund, den Ministerpräsidenten des Landes Nordrhein-Westfalen, Herrn Clement, anzuhören. (Beifall bei Abgeordneten der FDP – ",0
253503,"Sie können heute sagen, dass das Betreuungsgeld nicht kommt!",GRÜNE,Kai Gehring,FDP,Sibylle Laurischk,4/25/2012,113306,"s weiß die Linke offensichtlich nicht. (Beifall bei der FDP sowie bei Abgeordneten  der CDU/CSU) Das zeigt, worüber wir reden, nämlich über ungelegte Eier, nichts anderes. (Beifall bei Abgeordneten der FDP) Es gibt keinen Gesetzentwurf, sondern lediglich eine versuchte Inszenierung der Opposition. (",0
370573,Ja!,CDU/CSU,Kai Whittaker,CDU/CSU,Dr. Matthias Zimmer,5/28/2020,167288,"rig erweise. Schaut man allerdings in die Statistik für den April hinein, ergibt sich ein anderes Bild: Die Teuerung bewegt sich in einem durchaus überschaubaren Rahmen. Einige Lebensmittel sind teurer geworden, andere billiger. Besonders bemerkenswert ist der deutliche Rückgang der Energiekosten. (",2
380611,Jeder hat seine Vorbilder!,DIE LINKE,Pascal Meiser,CDU/CSU,Dr. Saskia Ludwig,12/16/2020,172658,"gleichbehandlung. Ich will nur ein kleines Beispiel bringen: Eigentumsquote. Wenn wir nach Rumänien blicken, dann sehen wir eine Eigentumsquote von 95 Prozent. Anders formuliert: Fast alle Menschen in Rumänien wohnen auf eigenem Grund und Boden. Im Vergleich dazu sind es in Deutschland 42 Prozent. (",0
288490,Es geht uns um alte Kraftwerke!,GRÜNE,Oliver Krischer,SPD,Sigmar Gabriel,12/3/2014,129219,"Ich halte diese Debatte, in der immer der Anschein erweckt wird, als müssten wir jetzt eine Kohleausstiegsdebatte führen – das kann ich den Kollegen vom GRÜNE nicht ersparen –, für eine große Illusion.  (",0
457714,Zumindest soll es nicht  regnen!,AfD,<unknown>,SPD,Dr. Nils Schmid,4/10/2024,201891," eines der vordringlichen Projekte in der deutschfranzösischen Zusammenarbeit, nämlich des Ausbaus  der Strecke zwischen Colmar und Freiburg. (Zuruf des Abg. Stephan Brandner [AfD]) Können Sie den Menschen für den Sonntag eine gute  Nachricht mitgeben? Sollen sie die Menschenkette überhaupt machen? ",0
209752,Stimmt ja auch!,FDP,Dr. Volker Wissing,SPD,Petra Merkel,1/22/2010,96636,"ältigung finanzieren. Die Regierung wird sich damit aber sehr  schwer tun, da große Teile der Koalition seit Jahren  ganz auf Steuersenkungen gesetzt haben. Die Politik hat damit ein Weltbild geschaffen, in dem Be-steuerung als etwas Unanständiges gesehen wird,  als eine Art Raub durch den Staat.  (",0
294553,In Bayern haben wir die höchste Frauenerwerbsquote!,CDU/CSU,Max Straubinger,DIE LINKE,Klaus Ernst,5/20/2015,132239,"idungen berufstätiger Eltern erleichtern.   Und ihr macht eine Herdprämie! Das ist doch das klassische Gegenteil von dem, was der IWF euch vorschlägt.  (Beifall bei der LINKEN und dem GRÜNE)  Und jetzt sitzt ihr hier in der ersten Reihe und macht euch über das, was wir sagen, lustig. Interessant!  (",0
426357,Das ist ja das Problem!,CDU/CSU,<unknown>,CDU/CSU,Moritz Oppelt,4/26/2023,192195,"gen, die Lage ist aber viel zu prekär, als dass man sich hier jetzt ewig mit dem AfD-Antrag auseinandersetzen könnte. Deswegen will ich in meinem kurzen Beitrag auch noch einen Appell an die Ampelkoalition richten. Die Kommunen in diesem Land sind am absoluten Limit, teilweise schon über dem Limit. ",0
411593,Blödsinn! Völlig faktenfrei!,GRÜNE,Bernhard Herrmann,CDU/CSU,Julia Klöckner,11/11/2022,187488,"idarisieren sich mit anderen Ländern in Europa. Bei Uniper steigt der Bund ein, Uniper baut Kernkraftwerke in Schweden. (Beifall bei Abgeordneten der CDU/CSU und der AfD) Andere Länder in Europa müssen höhere Preise zahlen, auch ärmere Länder, nur Deutschland nutzt die eigenen Möglichkeiten nicht. (",1
168428,"Nein! Der ist prozentual! Das ist doch verkehrt, was Sie da sagen!",CDU/CSU,Wolfgang Zöller,GRÜNE,Birgitt Bender,9/7/2006,76682,"n ich Ihnen nur zustimmen. (Beifall beim GRÜNE  sowie bei Abgeordneten der LINKEN) Vor allem ist sie kein Beitrag zu mehr Wettbewerb. Denn wozu würde sie führen? Menschen mit geringem Einkommen müssten zunächst einmal den staatlich verordneten Einheitsbeitrag zahlen, der für alle gleich hoch ist.  (",1
41299,"Na, na! Man muß als  Politiker mit dem Vergleich ein bißchen vor",SPD,Freimut Duve,CDU/CSU,Dr. Andreas Schockenhoff,11/22/1995,26524," arabischen Welt. Wir brauchen vor  allem aber auch den Dialog mit den politisch Verantwortlichen.  Darum wäre es ein Fehler, auf die Beteiligung des  Iran an der Islam-Konferenz zu verzichten. Das  wäre, wie wenn man versuchen wollte, die künftige  Strategie der NATO ohne die USA zu beschließen.  (",1
193824,"Ich verstehe nur, dass Sie die Kraftwerke länger laufen lassen wollen!",SPD,Ulrich Kelber,CDU/CSU,Dr. Georg Nüßlein,9/18/2008,89174,"tengünstige Energie handelt.  (Jörg Tauss [SPD]: Was?) Es kann doch nicht sein, dass es keine Preiswirkungen nach sich zieht, wenn man einen Zweig herausschneidet und durch teurere Kernkraftwerke ersetzt. Das glauben Sie doch selbst nicht. Das wissen Sie doch ganz genau.  (Beifall bei der CDU/CSU – ",0
217631,Da werden sich Ihre kleinen Leute bedanken!,CDU/CSU,Andreas Mattfeldt,DIE LINKE,Dr. Barbara Höll,5/20/2010,99008,"ilt, sollte auch europaweit gelten. Deshalb lautet unser Vorschlag, europaweite Konjunkturprogramme einzuführen, wobei jedes Land 2 Prozent des Bruttoinlandsproduktes aufbringen sollte. Das haben wir gestern ausgeführt.  (Norbert Barthle [CDU/CSU]: Finanziert vom deutschen Steuerzahler! Na bravo! – ",0
90910,Für Flugzeuge wird überhaupt keine Ökosteuer gezahlt!,CDU/CSU,<unknown>,CDU/CSU,Edeltraut Töpfer,2/15/2001,51732," EU-Staaten gewähren Steuerbefreiungen bzw. Steuererleichterungen, um den Bustourismus attraktiver zu gestalten. In Deutschland dagegen wird ausgerechnet der ökologisch besonders vorbildliche Reisebus genauso besteuert wie der PKW und unterliegt nicht etwa wie die Bahn einem ermäßigten Steuersatz.  ",0
351962,Und warum erheben Sie dann Bußgelder? Das ist doch widersprüchlich!,GRÜNE,Beate Müller-Gemmeke,SPD,Michael Schrodi,6/6/2019,159125,"n großer Teil als Miete wieder abgepresst wird. Wir wollen diese Menschen schützen, wir wollen den Städten helfen, und wir wollen in enger Abstimmung mit den Kommunen den Schleppern das Wasser abgraben. Daher machen wir uns hier auf den Weg. (Beifall bei der SPD sowie bei Abgeordneten der CDU/CSU – ",1
399335,Die sind ja Teil der Regierung mittlerweile!,AfD,Dr. Rainer Kraft,AfD,Karsten Hilse,5/31/2022,183519,"Vielen Dank, Herr Präsident, dass Sie die Kurzintervention zulassen, auch wenn es ein bisschen knapp war. – Sie möchten den Ausbau der Windenergie entfesseln. Ihnen ist der Thinktank Agora ein Begriff, denke ich. (",0
388903,Das ist aber auch eine Kanzlerin! Also wirklich!,AfD,<unknown>,SPD,Gabriele Hiller-Ohm,6/10/2021,178182," nicht zur Abstimmung an ihre Ministerinnen und Minister weiter. Deshalb wird er das Parlament wohl nicht mehr erreichen. Das, liebe Kolleginnen und Kollegen der CDU/CSU, ist ein klarer Vertragsbruch. Das ist enttäuschend und respektlos gegenüber den betroffenen Beschäftigten. (Beifall bei der SPD –",1
27306,Eine gute  Antwort!,FDP,Rudolf Baum,GRÜNE,Konrad Weiß,12/10/1993,16657,"Weiß, Sie wissen  vielleicht — jedenfalls haben Sie das in der Zeitung  lesen können —, daß die Bundesregierung für den  Fall, daß diese Summe entgegen dem Zweck, dem  dieses Vermögen zugeführt werden soll, nicht freigegeben würde, das damit zusammenhängende Risiko  zu übernehmen gedenkt.  (Gerhart ",2
437541,Das ist kein Streit!,FDP,Gyde Jensen,CDU/CSU,Dorothee Bär,9/21/2023,195652," Nina Stahr [GRÜNE]) Das sind Potemkinsche Dörfer; das ist „Des Kaisers neue Kleider“. Wo ist denn diese ominöse Kindergrundsicherung? (Beifall bei Abgeordneten der CDU/CSU) Eckpunkte, Kabinett verschoben, Kabinett fällt aus, keine Einigung, FDP streitet mit den Grünen, Grüne streiten mit der FDP: (",0
181252,"Na, na!",FDP,Ulrike Flach,CDU/CSU,Otto Bernhardt,9/14/2007,82900," die Mehrwertsteuererhöhung wäre dies aber nicht möglich gewesen. Deshalb entgegne ich allen – vor allem aufseiten der FDP –, die das Thema auch in dieser Debatte wieder erwähnt haben: Entweder können Sie nicht rechnen, oder Sie sind in dieser Frage bösartig. (Beifall bei der CDU/CSU und der SPD –  ",1
51380,Sie haben sie marode  gemacht!,SPD,Peter Dreßen,FDP,Dr. Gisela Babel,2/27/1997,33996,"sprechung hat immer wieder betont, daß es  auf den konkreten Einzelfall ankommt.  Im Schrifttum wird dies schon ein wenig weiter gefaßt. Die Spitzenverbände der Sozialversicherungsträger ziehen aus sehr verständlichen Interessen -  denn auch sie wollen möglichst viel Geld in ihre maroden Kassen -  (",0
120726,Wir sind doch im Parlament!,SPD,<unknown>,CDU/CSU,Dr. Georg Nüßlein,3/13/2003,60587,"el für Bürokratie. Wenn wir bei diesen Institutionen über den Doppelhut diskutieren, dann geht ihnen schon lange der Hut hoch. Nur Transparenz sichert Akzeptanz. Vergessen Sie bitte auch nicht die Zuständigkeiten des Deutschen Bundestages, also unsere Informations-, Kontroll- und Mitwirkungsrechte! ",0
343383,"Da sieht man, worum es Ihnen geht!",DIE LINKE,Evrim Sommer,AfD,Dr. Marc Jongen,1/31/2019,155149,"n und damit ohne Stalin gewissermaßen nicht existieren, (Helin Evrim Sommer [DIE LINKE]: So ein Quatsch!) jedenfalls nicht so üppig leben. Da kann man dann schon einmal ein Auge zudrücken (Beifall bei der AfD) und auf dem linken Auge gänzlich blind werden für linksradikale Exzesse aller Art. (Helin ",0
445235,"Sie entscheiden nicht darüber, was Menschenrechte sind!",GRÜNE,Britta Haßelmann,AfD,Stefan Keuter,11/16/2023,198257,"z 1 kann sich nicht berufen, wer aus einem Mitgliedstaat der Europäischen Gemeinschaften oder aus einem anderen Drittstaat einreist, in dem die Anwendung des Abkommens über die Rechtsstellung der Flüchtlinge und der Konvention zum Schutze der Menschenrechte und Grundfreiheiten sichergestellt ist.“ (",0
293457,Sehr gut!,SPD,Sören Bartol,CDU/CSU,Alexander Dobrindt,3/27/2015,131567," 2018 einführen werden, noch nicht mit eingerechnet. Das wird weitere Beträge von 1,5 bis 2 Milliarden Euro pro Jahr bringen.  (Beifall bei Abgeordneten der SPD)  Das heißt, wir erreichen mit einem Mittelaufwuchs von 40 Prozent in einer Wahlperiode einen Rekord bei den Infrastrukturinvestitionen.  (",2
394277,Na ja!,DIE LINKE,Matthias W. Birkwald,FDP,Christoph Meyer,3/22/2022,181271,"r den ersten Nachtragshaushalt als Reaktion auf die Coronapandemie beschlossen. Es wurden vier Nachträge mit einer Neuverschuldung des Bundes in Höhe von 345 Milliarden Euro, und ich bin froh, dass Christian Lindner mit dem jetzt vorliegenden Regierungsentwurf den letzten Pandemiehaushalt vorlegt. (",0
400690,Das habe ich auch nicht gesagt! Was ist mit den Rentnern?,CDU/CSU,Julia Klöckner,GRÜNE,Andreas Audretsch,6/23/2022,184086,"Perspektive gehen wir auch in die Debatte, wenn wir über Einkommensteuer sprechen und wenn wir über die Frage reden, wie man an der Stelle Entlastungen organisieren könnte. Da ist doch völlig klar, dass Sie, Frau Klöckner – Sie haben die kalte Progression angesprochen –, keine Entlastung brauchen. (",0
206768,Ach!,SPD,Sönke Rix,FDP,Sibylle Laurischk,11/11/2009,95614,"in!) zum Beispiel, indem der Ausbau von Maßnahmen wie Freiwilliges Soziales Jahr und von anderen Freiwilligendiensten, nicht zuletzt auch unter Einbeziehung von jungen Menschen mit Migrationshintergrund, vorangetrieben wird. Eine freiwillige Verlängerung des Zivildienstes lehnen wir allerdings ab. (",0
326050,"Ach, Quatsch!",GRÜNE,Stefan Schmidt,AfD,Karsten Hilse,2/22/2018,147212,"al Meth gefunden. Crystal Meth ist Ihnen sicherlich bekannt. Es führt sehr schnell zu einem drastischen geistigen und körperlichen Abbau. (Kordula Schulz-Asche [GRÜNE]: Das ist die Folge der Prohibition!) Unter Polizisten ist inzwischen klar, dass Cannabis eine Einstiegsdroge für Crystal Meth ist. (",1
324995,"Nein, das ist Unsinn!",CDU/CSU,Volker Kauder,AfD,Jürgen Braun,2/1/2018,146698,"die Hand aus der Tasche!) Frau Göring-Eckardt, ich finde es armselig, wenn Sie wie ein Bundestagsküken jegliche Zwischenfrage einer Fraktion ablehnen. (Zuruf vom GRÜNE: Unverschämt!) Ich finde es armselig. Es ist ein Zeichen von mangelnder Kollegialität in diesem Hohen Hause. (Beifall bei der AfD – ",1
19468,So ist es!,CDU/CSU,Dr. Rolf Olderog,FDP,Dr. Burkhard Hirsch,3/11/1993,11691,"richtig. Man  kann den Antragstellern nicht bestreiten, daß die  Leistungen der Dienste nicht immer unseren Erwartungen entsprochen haben. Aber ihre Arbeit ist nicht  leicht, und ihre Fehler werden bekannter als ihre  Erfolge, die nicht immer an die große Glocke gehängt  werden können und dürfen.  (",2
200583,"Zum Thema, Herr Kollege! Welche Frage ist heute beantwortet worden?",FDP,Carl-Ludwig Thiele,SPD,Carsten Schneider,3/6/2009,92425,"Gysi, vielleicht sehen Sie das deshalb anders, weil in der Debatte heute Morgen nicht Sie geredet haben, sondern Ihr Kollege Lafontaine. Es scheint, als hätten Sie vereinbart, dass jeder von Ihnen 15 Minuten Redezeit hat. Das nehme ich gerne hin. Schließlich haben wir jetzt noch ein bisschen Zeit. (",1
314452,Unglaublich!,DIE LINKE,Dr. Sahra Wagenknecht,SPD,Kerstin Tack,12/1/2016,141516,"au Präsidentin! Meine sehr geehrten Damen und Herren! Liebe Kolleginnen und Kollegen! Ich möchte auf einige der hier gemachten Aussagen gerne eingehen. Der Kollege Bartsch, der nicht mehr hier ist, weil er schon andere Aufgaben wahrnimmt – das hätte man auch anders machen können; aber so ist es –, (",1
884,"Sie interpretieren,  wie es Ihnen gerade in den Kram paßt!",SPD,Arne Fuhrmann,CDU/CSU,Dr. Kurt Faltlhauser,4/25/1991,777,hts ist eine schallende Ohrfeige für Ihre ständig  wiederholten Vergleiche und Rechnungen bei der  vertikalen Gerechtigkeit.  (Lachen bei der SPD — Dr. Uwe Küster  [SPD]: Das ist aber eine Umkehr des Urteils!)  Genau diese Passage Ihres Antrages meinte das Verfassungsgericht mit dieser Bemerkung!  (,1
412385,Da freut sich ganz Europa!,AfD,Tino Chrupalla,SPD,Olaf Scholz,11/23/2022,187681,"ame in der Reinigung. Es ist richtig, dass wir das jetzt machen. (Beifall bei der SPD sowie bei Abgeordneten des GRÜNE und der FDP) Allein die Anhebung des Kindergeldes einheitlich auf 250 Euro pro Kind sorgt bei einer Familie mit zwei Kindern kommendes Jahr für rund 750 Euro mehr im Portemonnaie. (",0
288573,"Herr Hauer, Herr Schäuble hat das doch vorgeschlagen!",SPD,Johannes Kahrs,CDU/CSU,Matthias Hauer,12/3/2014,129258," finanziell massiv entlastet. Der Vorschlag der rot-grünen Landesregierungen würde bedeuten,  (Johannes Kahrs [SPD]: Aber Herr Schäuble hat das doch vorgeschlagen! Herr Schäuble!)  dass mit 9 Milliarden Euro jährlich ein wesentlicher Teil der Soli-Einnahmen vom Bund auf die Länder verlagert wird.  (",0
109492,SPD!,CDU/CSU,Albrecht Feibel,SPD,Dr. Rainer Wend,4/26/2002,57532,"as war beabsichtigt!) Sie haben gesagt, dieses Vergabegesetz sei unmöglich, das sei Überregulierung. Ich frage Sie: Wer hat eigentlich als Erster in Deutschland ein solches Vergaberecht gefordert? Es waren zwei Ministerpräsidenten: der von Nordrhein-Westfalen, Wolfgang Clement – ein kluger Mann –, (",0
186917,Aber ohne Ergebnis!,GRÜNE,von Neuforn,SPD,Michael Hartmann,1/25/2008,85532,"ätestens seit der Ära Otto Schily in besonderem Maße verpflichtet und bleibt das auch. Wir werden immer darauf achten, dass die Belange der Beschäftigten der Bundespolizei angemessen berücksichtigt werden. Wenn es sein muss, legen wir uns da und dort auch mit dem Koalitionspartner an. (Silke Stokar ",0
143718,Für wen? Wie viel Prozent?,SPD,Jörg Tauss,CDU/CSU,Klaus Minkel,9/30/2004,68047,"de das, wenn wir etwas an der Eigenheimzulage ändern würden, in eine allgemeine, große, spürbare Steuerreform mit einer Steuersenkung eingebettet sein, die deutlich über das hinausgeht, was Sie in den letzten Jahren zustande gebracht haben.  (Beifall bei der CDU/CSU sowie bei Abgeordneten der FDP – ",0
371148,Lächerlich!,AfD,Dr. Alice Weidel,FDP,Christian Lindner,6/18/2020,167661," der Blick nach China und in die Vereinigten Staaten, dass wir in einem guten Land leben und dass wir das vereinte Europa schätzen lernen sollten. (Beifall bei der FDP, der CDU/CSU und der SPD sowie bei Abgeordneten des GRÜNE) Bei allem, was man an Kritik äußern darf, sollte sie doch maßvoll sein. (",1
113261,Das war jetzt aber hart!,SPD,Alfred Hartenbach,SPD,Joachim Poß,7/5/2002,58706,"nd Bürger werden in den nächsten Wochen zu dem Ergebnis kommen, dass die rückwärts gewandte Politik der Union – von der FDP rede ich gar nicht, das ist wirklich eine Gagapartei; ihr Vorsitzender Westerwelle hat heute Morgen bewiesen, dass er zu Recht deren Vorsitzender ist –  (Beifall bei der SPD – ",0
434762,Sie haben auch nichts zugelassen!,SPD,Marianne Schieder,CDU/CSU,Alexander Dobrindt,7/7/2023,194902,". (Beifall bei der CDU/CSU) Sie reden hier ja auch ständig darüber, dass es Protest in der Bevölkerung gibt. Ja, explizit zu diesem Heizungsgesetz. Es gibt Misstrauen, es gibt Unverständnis, ja. Dafür tragen Sie an dieser Stelle auch die Verantwortung, weil Sie keine ordentliche Beratung zulassen. (",0
148337,Das sagt keiner!,SPD,René Röspel,CDU/CSU,Dr. Martin Mayer,12/2/2004,69460,", verantwortliches Handeln absprechen, (René Röspel [SPD]: Das ist doch Quatsch!) nur weil diese Länder bei der Stammzellforschung eine forschungsfreundlichere Regelung haben als wir in Deutschland? (Beifall bei Abgeordneten der CDU/CSU sowie bei der FDP) Vor solchem Hochmut sollten wir uns hüten. (",0
139844,Ein sehr guter Ansatz!,GRÜNE,Winfried Nachtwei,CDU/CSU,zu Guttenberg,5/27/2004,66844,"r bisher nicht der stärkste war, und eine Beschleunigung der Entscheidungsprozesse im Kosovo. Auch ist dem von Christian Schwarz-Schilling entwickelten Ansatz einer integrativen Streitbeilegung in Südosteuropa, der auf lokaler, das heißt gemeindlicher Ebene ansetzt, durchaus Beachtung zu schenken. (",2
397037,Nach Ihren Zahlen!,AfD,Dr. Bernd Baumann,SPD,Carlos Kasper,5/11/2022,182601,"er 6 Prozent, bei Raubdelikten von 11 Prozent und bei Mord und Totschlag sogar von 12 Prozent. Um das für Sie noch einmal ganz klarzumachen: Die Gewaltkriminalität in Deutschland sinkt seit Jahren. Wir leben in einem sicheren Land. (Beifall bei der SPD sowie bei Abgeordneten des GRÜNE und der FDP – ",0
190945,Es geht nicht um die Spargelstecher!,GRÜNE,von Neuforn,CDU/CSU,Reinhard Grindel,5/29/2008,87755,"r 63 000 ausländische Arbeitskräfte mit Arbeitserlaubnissen ausgestattet worden. Sie haben bei uns gearbeitet. Das ist doch ein Beleg dafür, dass wir längst einen funktionierenden Rechtsrahmen in unserem Land besitzen.  (Josef Philip Winkler [GRÜNE]: Sind da die Saisonarbeiter dabei? – Silke Stokar ",0
383437,Sie sind niederträchtig!,FDP,Graf Lambsdorff,AfD,Norbert Kleinwächter,2/25/2021,174359,"d oder einen geliebten Verwandten, und das ist eine Chance: Ihr Leid ist der Boden, auf dem Ursula von der Leyen ihre Politik macht. (Christian Petry [SPD]: Ekelhaft!) – Genau, das ist ekelhaft. Dieses Arbeitsprogramm ist ein Manifest: ein Manifest der Niedertracht. (Beifall bei der AfD – Alexander ",1
269626,Sie haben keinen Kompass!,GRÜNE,Dr. Thomas Gambke,CDU/CSU,Hans Michelbach,3/15/2013,120061,"ind  die wesentlichen Schritte, die das Finanzsystem insgesamt sichern. Wir wollen Sicherheit für die Sparer und Stabilität für  die Wirtschaft. Das ist unsere Ausgangslage. Deswegen  müssen wir deutlich machen: Wir sind für eine Regulierung des Finanzsystems mit Vernunft, meine Damen und  Herren. (",0
421505,Ah!,AfD,<unknown>,CDU/CSU,Michael Breilmann,3/3/2023,190567," könnte. Viel schlimmer aber war, dass ein weiterer Sachverständiger auf Nachfrage des Kollegen Thomas Heilmann mitteilte, dass er die Gesetzesunterlagen zu dieser Anhörung, die Entwürfe am Vortag und damit vor den Abgeordneten der Oppositionsfraktionen und vor der Abschlussabstimmung erhalten hat. ",0
403874,"Nein, nur in Brüssel, nicht in Berlin!",CDU/CSU,Steffen Bilger,CDU/CSU,Artur Auernhammer,9/8/2022,185203,"ammenzukommen und dieses Thema zu diskutieren. Unsere Oppositionsrechte wurden hier missachtet. Die Präsidentin hat diese Sondersitzung des Agrarausschusses nicht genehmigt, obwohl hier andere Ausschüsse getagt haben. (Renate Künast [GRÜNE]: Das war doch dann längst entschieden! – Gegenruf des Abg. ",0
413768,… und so wahr!,SPD,Maja Wallstein,CDU/CSU,Stephan Albani,11/30/2022,188009,Herzlichen Dank. – Der Hinweis auf die letzten 16 Jahre ist so einfallslos (,0
15566,Sehr gut!,CDU/CSU,<unknown>,CDU/CSU,Hans-Gerd Strube,11/24/1992,9229,"gbare Eckrente in den neuen Bundesländern  auf 62,3 % der verfügbaren Eckrente in den alten  Bundesländern gestiegen. Die verfügbare durchschnittliche Versichertenrente hat sich damit gegenüber Juni 1990 faktisch verdoppelt. Zum 1. Januar  1993 wird eine weitere Rentenanpassung um 6,1 %  erfolgen,  ",2
79172,Seien Sie da mal Meine Führung ist ausdrücklich für die Leistungsvorsichtig!,CDU/CSU,Paul Breuer,SPD,Rudolf Scharping,4/6/2000,47534,"sitionen erreichen können, während das beispielsweise sowie von den Führungsstäben, und einer sehr sorgfältigen in der Polizei 50 Prozent sind. Sie haben sich doch nie ge- Bestandsaufnahme in über 15 Tagungen mit Angehörigen traut, die Personal- und Besoldungsstruktur zu verändern. der Bundeswehr. (",0
96899,Nein!,FDP,Dr. Günter Rexrodt,SPD,Hans Eichel,7/5/2001,54021," [FDP]: Deshalb sind wir dagegen!) Der Bundestag und der Bundesrat sind die Gesetzgebungsorgane des Bundes und der Bund besteht aus den Ländern. So muss das verstanden werden. (Beifall bei der SPD und dem GRÜNE) Ich lege großen Wert darauf festzustellen, dass wir große Schritte vorangekommen sind. (",1
303949,Reden kann man mit allen!,DIE LINKE,Wolfgang Gehrcke,CDU/CSU,Alexander Radwan,2/17/2016,136643," wenig wurde in der heutigen Aktuellen Stunde über den Terrorismus und den IS gesprochen. Wir haben den Iran. Wir haben die Türkei. Wir haben Saudi-Arabien. Wenn es um Gespräche mit diesen drei Staaten geht, komme ich nicht zu dem Schluss: Mit dem einen darf man nicht reden, mit dem anderen schon. (",0
147677,Die sollten Sie lesen!,FDP,Ulrich Heinrich,SPD,Jella Teuchner,11/25/2004,69266,"CDU/CSU]: Was ist denn mit dem Bundesrechnungshof?) Wenn Sie uns damals gesagt hätten, wie Sie es besser machen würden, dann hätten wir schon damals darüber diskutieren können. Stattdessen nur große Worte und heiße Luft!  (Hans-Michael Goldmann [FDP]: Ich habe Ihnen unsere Vorschläge mitgebracht! – ",0
413634,Werfen Sie mal einen Blick in den Einzelplan 30!,SPD,Maja Wallstein,CDU/CSU,Hansjörg Durz,11/25/2022,187945," (Julia Klöckner [CDU/CSU]: Ja!) und die digitalen Technologien anspricht. In beiden Bereichen (Julia Klöckner [CDU/CSU]: … kürzt er!) wurde der Haushaltsentwurf gegenüber dem Vorjahr deutlich gekürzt, (Julia Klöckner [CDU/CSU]: So ist es! Genau!) bei den Cloud-Infrastrukturen sogar um 50 Prozent. (",0
384929,Es gab doch eine Verbalnote der griechischen Regierung!,DIE LINKE,Heike Hänsel,CDU/CSU,Thomas Erndl,3/25/2021,175338,"e wissen, dass die Reparationsforderungen juristisch abgeschlossen sind. (Heike Hänsel [DIE LINKE]: Nein! Eben nicht! – Claudia Roth [Augsburg] [GRÜNE]: Nein!) Selbst die griechische Regierung hat deutlich gemacht, dass sie mit diesem Thema die deutsch-griechische Freundschaft nicht belasten will. (",0
347711,Was hat das damit zu tun? ,CDU/CSU,<unknown>,FDP,Konstantin Kuhle,4/3/2019,157172," nicht falsch verstanden werden. Die Herkunft ist niemals eine Entschuldigung dafür, eine Straftat zu begehen. Aber wer es bis zur Europawahl nicht hinkriegt, ein Einwanderungsgesetz mit Beschäftigungsduldung auf den Weg zu bringen, der züchtet sich die nächste Generation von Clankriminellen heran. ",0
432080,Ich bin total entspannt!,AfD,Martin Reichardt,SPD,Helge Lindh,6/21/2023,194136,"tspannt!) – Herr Baumann, einfach mal locker lassen, entspannt sein! Versuchen Sie es einfach! (Beifall bei Abgeordneten der SPD, des GRÜNE und der FDP) In der letzten Debatte hat Ihr maximal unentspannter Kollege Martin Reichardt bei meiner Rede zu Gendern und Ihrem Sprachkampf Folgendes gesagt – (",0
170520,Keine Beschäftigungssicherung bei der Erbschaftsteuerreform!,GRÜNE,Dr. Thea Dückert,SPD,Klaus Brandner,10/26/2006,77711,"ner ellenlangen Breite vortragen. (Dirk Niebel [FDP]: Machen Sie doch mal! Mehrwertsteuererhöhung! Pendlerpauschale, Arbeitszentren!) Im Bereich des Arbeitsmarktes geht es von der Saisonkurzarbeit über die Unternehmensteuerreform und die Erbschaftsteuerreform, die jetzt auf der Tagesordnung steht, (",0
64220,Nein! An die kommen Sie nicht ran!,FDP,Dirk Niebel,GRÜNE,Antje Hermenau,12/9/1998,41132,"n. Ich verstehe auch, Herr Austermann, daß Sie neugierig sind, wie wir jetzt das auf die Reihe bekommen werden, was Sie in den letzten Jahren nicht geschafft haben. Meine Herren, Sie haben die Perspektive verloren. Sie denken, wir würden so arbeiten wie Sie. Sie unterstellen uns Ihre Arbeitsweise. (",1
261719,"Als Sie in der Regierung waren, haben Sie gar nichts gemacht!  Jetzt die große Lippe! Und in Baden",CDU/CSU,Volker Kauder,GRÜNE,Lisa Paus,11/8/2012,116776," ich diskutieren. Das ist  keine Kleinkrämerei, und deswegen möchte ich gerne  entsprechend gewürdigt werden. Es ist nun einmal so,  dass man das ehrenamtliche Engagement auf unterschiedliche Art und Weise stärken kann. Wir wollen eine  Gleichbehandlung, Sie wollen das nicht. (Beifall beim GRÜNE –  ",0
189373,"Das ist doch Blödsinn, was Sie sagen!",DIE LINKE,Dr. Barbara Höll,FDP,Dr. Volker Wissing,4/10/2008,86877,"in –, bringen Sie keine gescheiten Reformen zustande. Sie könnten aber zumindest in der Opposition im Bundestag etwas mutiger sein, statt nur vorzuschlagen, den Status quo eines ungerechten und schlechten Einkommensteuersystems zu erhalten. Das kann ich nicht nachvollziehen.  (Beifall bei der FDP – ",1
75255,Das wird auch durch dauerndes Wiederholen nicht richtig!,FDP,<unknown>,SPD,Gerhard Rübenkönig,11/25/1999,45704,"ellt. Somit besteht auch für die Länder und die betroffenen Regionen wieder Planungssicherheit. Es bildet außerdem die Grundlage für die dringend erforderliche Überarbeitung des Bundesverkehrswegeplans, der – wie Sie ja wissen – in Ihrer Regierungszeit mit fast 90 Milliarden DM unterfinanziert war. ",0
291790,Solange es keine Verblichenen sind!,CDU/CSU,<unknown>,GRÜNE,Dr. Thomas Gambke,2/27/2015,130744,Frau Präsidentin! Verehrte verbliebene Kolleginnen und Kollegen am späten Freitagnachmittag!  (Heiterkeit –,0
456831,Genau!,CDU/CSU,Stephan Stracke,CDU/CSU,Dr. Ottilie Klein,3/21/2024,201625,"Sehr geehrte Frau Präsidentin! Liebe Kolleginnen und Kollegen! Die heutige Debatte um die Bezahlkarte hat vor allem eines gezeigt: Die Ampel ist handlungsunfähig, der Kanzler machtlos. (Beifall bei der CDU/CSU – ",2
428775,An einen Königsclan!,AfD,Dr. Bernd Baumann,GRÜNE,Awet Tesfaiesus,5/12/2023,192960,") – Ja, an wen? (Dr. Bernd Baumann [AfD]: An den Königsclan, der sich bereichert und das Land ausbeutet!) Wir als Europäer haben das Königreich Benin zerstört. Es besteht nicht mehr. Wohin mit der Restitution? Folgerichtig können wir unser Raubgut nur dahin zurückgeben, wo es am ehesten hingehört: (",0
431741,Gucken Sie mal in den Fischereiausschuss!,GRÜNE,Dr. Jan-Niclas Gesenhues,CDU/CSU,Max Straubinger,6/16/2023,193958,"gesetz, nämlich der Ausweitung des Emissionshandels, die Grünen mit der extremen Rechten im Europäischen Parlament gemeinsam gestimmt haben, (Dr. Anja Weisgerber [CDU/CSU]: Genauso ist es! Da habt ihr nämlich mit den Rechten gegen die Ausweitung gestimmt!) um dies zu verhindern? Jawohl, so ist es. (",0
339705,Wann denn? Wann hat sich die Regierung um die Umwelt gekümmert?,GRÜNE,Sven-Christian Kindler,CDU/CSU,Rüdiger Kruse,11/20/2018,153349,"nn ich eine brummende Wirtschaft habe, aber es den Menschen schlecht geht? Das war die Initialzündung für die Union. Wir sagen: Wir wollen beides zusammen denken, wir wollen die soziale Marktwirtschaft – Vielleicht hätte man schon damals die Umwelt dazu nehmen können. Das ist dann später gekommen. (",0
166478,Richtig!,SPD,Caren Marks,FDP,Miriam Gruß,6/22/2006,75973,"den hier von der derzeitigen Situation in Deutschland. (Beifall bei der FDP sowie bei Abgeordneten  des GRÜNE)In dem Gesetzentwurf schreiben Sie, das bisherige Bundeserziehungsgeld habe – ich zitiere – „nicht die beabsichtigte größere Wahlfreiheit zur Vereinbarkeit von Beruf und Familie eröffnet“. (",0
418303,Mein Gott! Klischee,FDP,Graf Lambsdorff,DIE LINKE,Kathrin Vogler,1/26/2023,189603,"ystem brauchen Patientinnen und Patienten Orientierung. An wen wende ich mich denn, wenn die Krankenkasse die notwendige Reha verweigert? Oder wen frage ich als Krebspatientin, ob das neue Medikament wirklich großen Nutzen für mich hat oder doch nur die Kassen der Pharma-Aktionäre füllt? (Alexander ",1
112045,So ist es!,CDU/CSU,Dagmar Wöhrl,CDU/CSU,Dr. Hansjürgen Doss,6/26/2002,58320,"98 lag sie bei 12,5 Prozent.  Die Situation im Handel ist zum Verzweifeln. Die Menschen haben schlichtweg das Vertrauen in die Zukunft verloren. Sie machen sich Sorgen um ihren Arbeitsplatz und deswegen werden auch Kaufentscheidungen zurückgestellt. Wer Angst hat vor der Zukunft, investiert nicht. (",2
223704,Schwarz,SPD,<unknown>,FDP,Dr. Daniel Volk,10/7/2010,101317,"sinnvolle Politik ist. Leistung muss sich wieder lohnen. Leistung kann erbracht werden, wenn die Arbeitslosenzahlen sinken. Das ist der Kurs unserer christlich-liberalen Koalition. Vielen Dank. (Beifall bei der FDP und der CDU/CSU – Ingrid Arndt-Brauer [SPD]: Das war jetzt keine Leistung! – Weiterer",0
114622,Dank Künast! Dank Rot,SPD,Peter Dreßen,CDU/CSU,Peter H. Carstensen,10/31/2002,58961," Sie waren ja einmal Ministerin in Niedersachsen. Deswegen möchte ich Ihnen einmal zitieren, was Ihr Ministerkollege, Herr Bartels, vor einigen Wochen auf dem Bauerntag in Münster gesagt hat. Er hat gesagt: Wir haben noch nie eine solch gute Qualität in der landwirtschaftlichen Produktion gehabt.  (",0
7493,Genau! Und Herr Eppelmann liest immer noch Zeitung! ,SPD,<unknown>,SPD,Renate Jäger,12/5/1991,4413,"s aus Steuergeldern zu finanzieren ist und nur in Verbindung mit  der Tätigkeit einer ABS gewährt wird. Sollte diese  Variante als ein zukünftiges arbeitsmarktpolitisches  Instrument favorisiert werden, wäre bis zu ihrer Realisierung die Fortführung der derzeitigen Regelungen  ebenfalls notwendig.  ",0
451068,Den Antrag hätten Sie sich sparen können!,GRÜNE,Beate Müller-Gemmeke,CDU/CSU,Jana Schimke,1/19/2024,199946,Herr Präsident! Meine Damen und Herren! Liebe Kolleginnen und Kollegen! Was für eine unterirdische Debatte wir hier heute wieder erleben! (Beifall bei der CDU/CSU – Dr. Wolfgang Strengmann-Kuhn [GRÜNE]: Das stimmt! – ,0
96250,Berechtigt!,SPD,Willi Brase,FDP,Dirk Niebel,6/28/2001,53802,"lehnung mit dem Argument begründet, man würde Lohndumping fördern. Die Schwarzen haben sie mit dem Argument begründet, man würde Zuwanderung fördern. Die Grünen haben sie – sinngemäß – mit dem Argument begründet: Der Antrag ist ja nicht schlecht, aber er kommt von der FDP und der trauen wir nicht. (",0
380040,Wir sind in dieser Situation schon seit Jahrzehnten!,AfD,<unknown>,CDU/CSU,Carsten Körber,12/9/2020,172324," neue Schulden aufnehmen, dazu verpflichtet, gleichzeitig einen Tilgungsplan zu beschließen. (Zuruf von der AfD: Nein, das tut es nicht!) Denn das erinnert uns daran, dass das, was in dieser besonderen Situation angemessen und nötig ist, in einer normalen Situation nicht der richtige Weg sein kann. ",0
437816,Das sehen wir Woche für Woche auf unseren Straßen und in unseren Freibädern!,AfD,Martin Hess,DIE LINKE,Clara Bünger,9/21/2023,195719,"en, die vor Krieg und Verfolgung nach Deutschland flüchten, die größte Gefahr sind diejenigen, die Woche um Woche mit ihren öffentlichen Aussagen unsere Grundwerte angreifen und die Demokratie destabilisieren wollen. (Beifall bei der LINKEN und dem GRÜNE sowie bei Abgeordneten der SPD und der FDP – ",0
61889,"Albert Deß, es gibt  überall schwarze Schafe, selbst bei uns!",SPD,Horst Sielaff,CDU/CSU,Albert Deß,6/18/1998,39945," und Kollegen! Frau Kollegin Fuchs, ich  gebe Ihnen ja recht, daß wir von der Beschimpfung  der Landwirtschaft wegkommen sollten.  (Horst Sielaff [SPD]: Sehr gut!)  Leider sind es Mitglieder Ihrer Fraktion, die immer  wieder unseren Berufsstand beschimpfen.  (Beifall bei Abgeordneten der CDU/CSU -  ",0
53950,"„Bringen wir  gar nicht ein""!",FDP,Carl-Ludwig Thiele,CDU/CSU,Dr. Wolfgang Schäuble,6/26/1997,35665,"rschoben. Aber man ist nie mehr darauf zurückgekommen.  Dann haben Sie irgendwann der Öffentlichkeit etwas vorgestellt. Sie haben gesagt, auch Sie hätten  eine Steuerreformkonzeption. Als wir daraufhin gesagt haben: „Dann laßt uns darüber reden, je schneller desto besser"", haben Sie gesagt: Nein.  (",0
250604,Ein Jahr! Das ist geltendes Recht!,GRÜNE,Memet Kilic,CDU/CSU,Dr. Hans-Peter Uhl,3/1/2012,112091,"m wir die zulässige Arbeitszeit verdoppeln. (Memet Kilic [GRÜNE]:  Das ist gut!) Wir wollen denen, die in Deutschland ein Studium abgeschlossen haben, auch die Möglichkeit geben, einen Arbeitsplatz zu suchen; während dieser Arbeitsplatzsuche sollen sie über einen längeren Zeitraum arbeiten können. (",0
424937,"Nein, der Freistaat will das nicht!",GRÜNE,<unknown>,FDP,Konrad Stockmeier,4/19/2023,191714,"ont, mit dem Markus Söder Energiepolitik betreibt. Mensch, da sind wir bei der Union ja gut versorgt. – Also, Leute, so geht’s wirklich nicht! Des Weiteren kündigt er jetzt im Überschwang seiner atomaren Gefühle an, dass der Freistaat unbedingt in die Forschung zur neuen Kernfusion einsteigen will. ",0
441326,Jawohl!,FDP,Daniel Föst,CDU/CSU,Petra Nicolaisen,10/13/2023,196943,"innen und Kollegen, wichtig ist doch, dass der Bund einfach nur einen Rahmen vorgibt, der den Kommunen möglichst viel Flexibilität und Gestaltungsspielraum bei der Erstellung und Durchführung der Wärmeplanung gibt. Dazu gehört selbstverständlich auch, lieber Kollege Föst, die Technologieoffenheit. (",2
250609,"Jetzt keine Polemik! Das ist unter Ihrem Niveau, Herr Schulz! Das brauchen Sie doch nicht!",CDU/CSU,Uwe Schummer,SPD,Swen Schulz,3/1/2012,112092,"s sieht man auch in diesem Gesetzentwurf. Minister Rösler hat gesagt, dieser Gesetzentwurf sei ein Quantensprung in der Zuwanderungspolitik. (Zuruf von der FDP: Recht hat er!) Bei so einer Wortwahl – Sprung – denke ich unwillkürlich an eine Raubkatze, die elegant und dynamisch nach vorne schnellt. (",0
194438,Sind Sie also doch dafür?,GRÜNE,Renate Künast,CDU/CSU,Peter Bleser,9/25/2008,89375,"ifall bei Abgeordneten der CDU/CSU) Bei der Kernenergie gibt es in der Bevölkerung eine Veränderung der Meinung. Die Grüne Gentechnik ist das einzige Thema mit Verängstigungspotenzial, das man noch hat und woraus man politisches Kapital zu schlagen versucht.  (Beifall bei Abgeordneten der CDU/CSU – ",0
48624,"Die ist billig, ja!",SPD,Ludwig Stiegler,GRÜNE,Christian Sterzing,11/7/1996,32046," [CDU/CSU]: Wis sen Sie, was es kostet, einen Panzer zu  delaborieren? Davon haben Sie offenbar  keine Ahnung! Die Friedensdividende ist  sehr teuer!)  - Die Friedensdividende ist sehr teuer; das ist gewiß  richtig. Wenn man sich aber die Antwort der Bundesregierung auf die Große Anfrage ansieht,  (",1
368913,Taten!,GRÜNE,Lisa Badum,CDU/CSU,Dr. Anja Weisgerber,5/7/2020,166450," wir die Weichen richtig stellen. Das möchte ich ganz selbstbewusst so feststellen. (Oliver Krischer [GRÜNE]: Wo sind denn Ihre Leute, die das Gleiche fordern?) Auch die Bundesregierung stellt die richtigen Weichen. Das haben wir an der Rede von Angela Merkel beim Petersberger Klimadialog gemerkt. (",0
362127,Es geht Ihnen nicht weit genug!,AfD,<unknown>,DIE LINKE,Martina Renner,12/13/2019,163141,"ffenproduzenten und Waffenfreunden naturgemäß nicht beliebt, aber ich sage auch: Das halten wir aus. Der Schärfung des Waffenrechts stehen wir daher grundsätzlich aufgeschlossen gegenüber. (Zuruf von der AfD: Wen wundert das?) Es gibt an dem konkreten Gesetzgebungsvorhaben jedoch berechtigte Kritik.",0
344804,Eine reine AfD,GRÜNE,Steffi Lemke,FDP,Roman Müller-Böhm,2/15/2019,155687,"e Arbeit leisten, zu sabotieren, kann auch nicht das Ziel sein. Das wäre ein Kollateralschaden, den wir nicht in Kauf nehmen können. Die Lösung muss so sein, dass der Rechtsstaat hier eine angemessene und ausgewogene Antwort findet. Vielen Dank. (Beifall bei der FDP sowie bei Abgeordneten der AfD – ",0
152608,Unglaublich!,SPD,Willi Brase,CDU/CSU,Helge Braun,3/9/2005,70907,"schland. Bekennen Sie sich zu Ihrer Verantwortung! Korrigieren Sie den Fehler, den Sie hier gemacht haben, und versuchen Sie nicht, Ihre Probleme auf dem Rücken der gut arbeitenden Mitarbeiterinnen und Mitarbeiter der Ressortforschung in Deutschland zu lösen! (Beifall bei der CDU/CSU und der FDP –  ",1
126857,Kommen Sie doch  mal in mein Büro!,SPD,Christel Humme,CDU/CSU,Thomas Dörflinger,9/9/2003,62579,"rau Humme, dass 1998 die Familienpolitik begonnen hätte. Wenn es so wäre, wie Sie es dargestellt haben,  (Christel Humme [SPD]: So war es in der Tat!) dann müsste die Fanpost zur Familienpolitik dieser Bundesregierung täglich waschkörbeweise entweder im Ministerium oder aber im Kanzleramt eingehen (",0
443567,Schäbig!,AfD,Stephan Brandner,AfD,Fabian Jacobi,11/9/2023,197784,"(Zuruf von der AfD: Pfui!) Es machen nun diejenigen, die damals das verfassungswidrige Gesetz beschlossen haben – CDU und SPD –, mit denen, die damals dagegen geklagt haben – FDP und Grüne –, alle zusammen, einfach ein neues Gesetz, nach dem sie die seit 2018 bezogenen Mehrbeträge behalten dürfen. (",0
117330,So ist es!,CDU/CSU,Wolfgang Zöller,CDU/CSU,Horst Seehofer,12/5/2002,59526,"aufgrund der Sozialversicherungspflicht für Minijobs – das sind die 325-Euro-Jobs, die es vorher nicht gab –, 1,5 Milliarden Euro durch die Anhebung der Beitragsbemessungsgrenze. Diese drei Maßnahmen zusammen bewirken eine zusätzliche Belastung für die Bevölkerung in Höhe von 21,5 Milliarden Euro. (",2
43174,Herr Seehofer ist  wieder dagegen!,SPD,Klaus Kirschner,CDU/CSU,Wolfgang Zöller,2/8/1996,27818,"setzbuch  setzt die Koalition ihre Se rie von SGB-V-Novellen  fort. Deren Vorteil besteht da rin, sich auf einen Sachverhalt konzentrieren zu können und dabei jedermann unmißverständlich deutlich zu machen, wer in  Deutschland dafür und wer dagegen ist.  (Dr. Dieter Thomae [FDP]: Nur so geht es!  - ",0
127750,Das machen wir!,SPD,Joachim Stünker,CDU/CSU,Ingo Wellenreuther,9/11/2003,62742," sollte für uns alle eine Mahnung sein, gegen den internationalen Terrorismus entschieden vorzugehen, um die Menschen vor ähnlichen Attentaten besser zu schützen und auch zukünftig unsere demokratischen und freiheitlichen Gesellschaftsstrukturen zu sichern. Herr Stünker, ich hoffe, Sie machen das. (",0
81817,Schäuble fehlt auch die Substanz!,GRÜNE,Christian Simmert,CDU/CSU,Thomas Dörflinger,7/5/2000,48637,"n Kraft gesetzt wurden und noch bevor sich durch die Reform der Bundeswehr möglicherweise erneut Handlungsbedarf ergibt, wurde nun eine Arbeitsgruppe eingesetzt mit dem Auftrag, sich mit der Zukunft des Zivildienstes zu befassen. Wolfgang Schäuble pflegt zu sagen: Der Regierung fehlt die Substanz. (",0
151061,"Jetzt ist es aber aus! Ich dachte, das war die Provision für die Agentur!",CDU/CSU,Bartholomäus Kalb,CDU/CSU,Bernhard Kaster,1/28/2005,70315,U/CSU]: Jetzt wird es spannend!) Im gewählten Bildmotiv „Spitzensteuersatz von 42 Prozent“ engagiert sich ein ausländischer Investor in Deutschland. (Ilse Aigner [CDU/CSU]: Ach was!)Dies wird symbolisch durch Einwerfen einer Münze in die Parkuhr abgebildet. (Heiterkeit und Beifall bei der CDU/CSU – ,0
237017,Das geht immer  so oder so! Das geht immer zweigleisig!,CDU/CSU,Ernst Hinsken,GRÜNE,Britta Haßelmann,5/27/2011,106491,"n. Das ist auch in Bayern, Baden-Württemberg und anderswo der Fall. Darüber gibt es mittlerweile Erhebungen. Unterhalten Sie sich einmal mit den Leuten vor Ort. Es gehört zum Spektrum kommunalpolitischen Handelns, dass Aufgaben in die Entscheidungskompetenz der Kommunen wieder zurückgeholt werden. (",0
11803,Na! Na!  Na!,FDP,Dr. Helmut Haussmann,DIE LINKE,Dr. Dagmar Enkelmann,6/17/1992,6870,"ibt eine Entwicklungspolitik, die verhindert, daß die tiefgreifenden  sozialen Probleme in den Entwicklungsländern gelöst  und damit zugleich die Ursachen für den Raubbau an  der Natur beseitigt werden. Für Wirtschaftsminister  Möllemann ist die ökologische Effizienz nur ein  Thema auf Rang zehn.  (",1
292151,Das sind Sonntagsreden!,GRÜNE,Markus Kurth,SPD,Dr. Martin Rosemann,3/5/2015,130979,hsten Zeit in Rente gehen!)  damit mehr Frauen in sozialversicherungspflichtigen Vollzeit- oder vollzeitnahen Teilzeitbeschäftigungsverhältnissen arbeiten können. Zweitens: gleiche Bezahlung für gleiche Arbeit. Drittens: die Aufwertung sozialer Berufe. Viertens: mehr Frauen in Führungspositionen.  (,0
398984,Oh!,CDU/CSU,<unknown>,SPD,Bernhard Daldrup,5/20/2022,183391,"FDP]: War ja auch eine schöne Zeit!) ich will aber an ein paar Stellen beispielhaft deutlich machen, wo es Unterschiede gibt. Fangen wir vielleicht mal mit der Ministerin an. Uli Lange hat vorgestern getwittert: „Hat jemand Bauministerin Geywitz gesehen?“ Also, heute ist sie auf der Regierungsbank. ",0
64789,Sie wollen das doch selber!,CDU/CSU,Norbert Geis,SPD,Alfred Hartenbach,1/21/1999,41397,"nen Persönlichkeitsrechts und des Fernmeldegeheimnisses aufs Spiel setzen. Ich möchte nicht, daß wir Verhältnisse bekommen, wie ich sie kürzlich in einem Film mit Gene Hackman und Will Smith gesehen habe. Den sollten Sie sich, Herr Geis, einmal anschauen, dann würden Sie nicht mehr ruhig schlafen. (",0
189258,Auf welcher Seite  schlägt denn Ihr Herz?,CDU/CSU,<unknown>,DIE LINKE,Michael Leutert,4/10/2008,86834,"Lama im Kanzleramt auf der Ebene eines Staatsbesuches, Herr von Klaeden, hat dazu nicht gerade beigetragen. (Beifall bei der LINKEN – Eckart von Klaeden [CDU/CSU]: Das ist doch kein Staatsbesuch gewesen! So ein Unsinn!) Dieser Empfang war kontraproduktiv und ein Affront gegenüber der chinesischen Se",0
421455,Und historisch falsch!,DIE LINKE,Matthias W. Birkwald,DIE LINKE,Susanne Ferschl,3/2/2023,190554,"Millionen illegale Einwanderer ins Land gelassen hat. (Nicole Höchst [AfD]: Ja, ist richtig!) Das ist rassistisch, widerlich, (Nicole Höchst [AfD]: Realitätsnah!) soll die Beschäftigten spalten und ist auch einfach nur Blödsinn. (Beifall bei der LINKEN und der SPD sowie bei Abgeordneten des GRÜNE – ",0
362997,Die zahlen auch keine Maut!,SPD,Timon Gremmels,FDP,Christian Dürr,12/19/2019,163464,"r der Bahn kommt, aber nicht für die Fernbusse in Deutschland. Das wäre übrigens auch sozial gerecht gewesen; denn gerade Menschen mit kleinen Einkommen nutzen die Fernbusse. Diese lassen Sie komplett außen vor. Das ist das Gegenteil von Gerechtigkeit, Herr Kollege Schneider. (Beifall bei der FDP – ",0
132180,Die Besserverdienenden müssen das bei Ihnen mitbezahlen!,CDU/CSU,Wolfgang Zöller,GRÜNE,Birgitt Bender,11/27/2003,64053,"das ein Besserverdienender?) Wir konnten in den letzten Jahrzehnten beobachten, dass der Anteil der Lohneinkünfte am Volkseinkommen abnimmt,  (Wolfgang Zöller [CDU/CSU]: Das hat mit der  Frage nichts zu tun!) hingegen Mieterträge und Erträge aus Kapitaleinkünften immer mehr an Bedeutung gewinnen.  (",0
449458,Die Leistungsfähigen kommen gar nicht mehr zu uns!,AfD,Dr. Götz Frömming,GRÜNE,Misbah Khan,12/14/2023,199341,"eginnt in Rente zu gehen. (Dr. Götz Frömming [AfD]: Das ist ein so naives Märchen, was Sie da erzählen!) Zu sagen, dass Deutschland Migration braucht, ist damit keine Ideologie, es ist Demografie. Dem demografischen Wandel müssen wir jetzt begegnen, auch mit leistungsfähigen Einwanderungsbehörden. (",0
141101,Kein guter  Strafverteidiger!,CDU/CSU,Dr. Günter Krings,CDU/CSU,Roland Gewalt,7/1/2004,67420,"erkeit bei der CDU/CSU) wenn der Verteidiger die Substanzverletzung bestreitet, Roland Gewalt(Hans-Christian Ströbele [GRÜNE]: Was für ein Unsinn! Das ist Quatsch, was Sie da erzählen!) weil nämlich die Staatsanwaltschaft und die Gerichte die hohen Gutachterkosten scheuen – ab 5 000 Euro aufwärts. (",0
348779,"Ja, richtig!",DIE LINKE,Dr. Dietmar Bartsch,CDU/CSU,Kai Wegner,4/10/2019,157629," weil Sie es erwähnt haben –: Bei einer Enteignung entsteht keine neue Wohnung. Genau so ist es; es entsteht keine neue Wohnung. (Dr. Dietmar Bartsch [DIE LINKE]: Das hat auch keiner behauptet!) Eines ist doch klar: Wenn wir weiter in der Mangelwirtschaft leben, werden wir das Problem nicht lösen. (",2
182657,Führt dieser Weg eigentlich zu weniger Ausgaben? „Wollmilchlegende Eiersau“?,CDU/CSU,Steffen Kampeter,FDP,Ulrike Flach,10/25/2007,83723,"inbrück. Sie nehmen erheblich mehr ein, aber Sie geben nicht einmal die Hälfte davon in den Abbau der Neuverschuldung. Sie schaffen einen Nebenhaushalt für eine Aufgabe, die klar bei Ländern und Kommungen liegt.Die FDP schlägt Ihnen einen treffsichereren und haushalterisch transparenteren Weg vor. (",0
25732,Eben  nicht!,CDU/CSU,Reiner Krziskewitz,DIE LINKE,Dr. Barbara Höll,11/11/1993,15796,"elung in der entsprechenden Arbeitsgruppe der CDU/  CSU und der FDP Zustimmung findet. Die Macht des  Lobbyismus ist kaum noch zu brechen. Dafür werden  dann auch 25 Milliarden DM bereitgestellt, was ja  offensichtlich nur möglich war, nachdem im Sozialbereich 16 Mi lliarden DM gestrichen wurden.  (",0
6106,"Sie wollen doch aus  allem aussteigen, haben Sie gerade er klärt!",FDP,Jürgen Timm,SPD,Lothar Fischer,11/14/1991,3862,"ß. Da sagen wir: Vorhandenes Potential  sollten wir nutzen, zumindest die Gesprächsbereitschaft zeigen, um mit denen dann auch zu verhandeln. Die Amerikaner haben ja den Shuttle, und die  Sowjets haben die Plattform Mir. Da sollten wir in die  Gespräche eintreten. Das ist mit Sicherheit billiger.  (",0
405404,Nein! Nein! Nein!,AfD,Stephan Brandner,GRÜNE,Emilia Fester,9/22/2022,185638,"n, abwägen und für ihre eigene Wahl schlussfolgern können. (Fabian Jacobi [AfD]: Jau, rundum durchindoktriniert!) Die jungen Menschen schauen auf uns. Im Europäischen Jahr der Jugend erwarten sie mehr als Lippenbekenntnisse. Führen wir das Wahlalter 16 für die Europawahlen ein! Es ist an der Zeit. (",1
142147,Den  Gesamtetat!,CDU/CSU,Dietrich Austermann,SPD,Verena Wohlleben,9/8/2004,67647,"in Höhe von 1,2 Milliarden Euro. Damit wären die Weiterentwicklung der Bundeswehr und wichtige Beschaffungsprojekte mehr als gefährdet. Vorschläge, wo gekürzt werden soll, bleiben aus. Des Weiteren fordert Herr Austermann als zuständiger Haushaltsexperte der Union, den Etat um 3 Prozent zu kürzen. (",0
34472,Zu Recht!,FDP,<unknown>,GRÜNE,Annelie Buntenbach,1/26/1995,21899,"ankierende politische Maßnahmen, keine Erweiterung der Tarifautonomie, wie Sie  es hier versuchen darzustellen, sondern eine einseitige Parteinahme.  (Beifall beim GRÜNE  sowie bei Abgeordneten der SPD und der  PDS)  Die Arbeitgeber fordern u. a. eine drastische Flexibilisierung der Arbeitszeiten.  ",0
106870,Das hat er doch gar nicht gesagt! Sie haben nicht aufgepasst!,CDU/CSU,Ernst Hinsken,GRÜNE,Oswald Metzger,3/1/2002,56615,"e Zusammenhänge gesagt haben, ist eines Unternehmers unwürdig.  Was passiert denn, wenn der Export anzieht? Wer arbeitet denn in Deutschland im Export? Wir sind die zweitgrößte Exportnation auf dem Globus.  (Peter Rauen [CDU/CSU]: Das ist doch gerade unser Problem! Sie verstehen überhaupt nichts! – ",0
5585,Der macht es aber  heute spannend!,FDP,Dr. Olaf Feldmann,FDP,Friedrich Nolting,11/7/1991,3532,"stärkegesetzes und des Bundeswehrbeamtenanpassungsgesetzes nicht nur teilnehmen werden, sondern daß Sie diesen beiden Gesetzen  auch zustimmen werden?  Günter Verheugen (SPD) : Sie werden die Stellungnahme der SPD-Bundestagsfraktion zu diesen beiden  Gesetzen hören, wenn sie hier aufgerufen sind.  (",0
124187,Nicht wirklich!,FDP,Dirk Niebel,SPD,Edelgard Bulmahn,5/21/2003,61568,"itsebene. Wir werden uns Ende Juli oder im August noch einmal in der gleichen Konstellation zusammensetzen, wie wir sie beim Start der Ausbildungsoffensive hatten, um festzustellen, ob das, was wir miteinander vereinbart haben, umgesetzt wurde. (Jörg Tauss [SPD]: Haben wir doch gut gemacht, oder? – ",0
29068,Alle Chaoten  in eine Koalition!,CDU/CSU,Arnulf Kriedner,fraktionslos,Karl Krause,3/4/1994,18050," Zahl der  Wähler in Mitteldeutschland gewählt werden.  (Rudolf Bindig [SPD]: Machen Sie Reklame  für die PDS?)  Ich fordere für meine Partei genauso wie hinsichtlich  jeder anderen Partei eine saubere Auseinandersetzung in der Sache. Ich mahne an, daß man über  sachliche Fragen sachlich spricht!  (",0
152266,Unglaublich!,SPD,<unknown>,SPD,Christian Lange,2/24/2005,70785,"jährige Wartezeit bis zum Einsetzen des Kündigungsschutzes und den Ausschluss der Betriebe mit bis zu 50 Arbeitnehmern vom gesamten Kündigungsschutz. (Gudrun Kopp [FDP]: Genau!) Das bedeutet, dass 96 Prozent der Betriebe in Deutschland in Zukunft nicht mehr unter den Kündigungsschutz fallen würden. ",1
