name,party,BT-Period
Gregor Gysi,DIE LINKE,20
Hubert Hüppe,CDU,20
Wolfgang Kubicki,FDP,20
Peter Ramsauer,CSU,20
Wolfgang Schäuble,CDU,20
Hermann Gröhe,CDU,20
Manfred Grund,CDU,20
Armin Laschet,CDU,20
Steffi Lemke,GRÜNE,20
Michael Meister,CDU,20
Friedrich Merz,CDU,20
Cem Özdemir,GRÜNE,20
Thomas Rachel,CDU,20
Norbert Röttgen,CDU,20
Max Straubinger,CSU,20
Dietmar Bartsch,DIE LINKE,20
Ekin Deligöz,GRÜNE,20
Hans-Peter Friedrich,CSU,20
Katrin Dagmar Göring-Eckardt,GRÜNE,20
Katrin Göring-Eckardt,GRÜNE,20
Hubertus Heil,SPD,20
Anette Kramme,SPD,20
Dietmar Nietan,SPD,20
Petra Pau,DIE LINKE,20
Claudia Roth,GRÜNE,20
Michael Roth,SPD,20
Carsten Schneider,SPD,20
Olaf Scholz,SPD,20
Jürgen Trittin,GRÜNE,20
Annette Widmann-Mauz,CDU,20
Klaus-Peter Willsch,CDU,20
Kerstin Griese,SPD,20
Sören Bartol,SPD,20
Helge Braun,CDU,20
Gitta Connemann,CDU,20
Alexander Dobrindt,CSU,20
Enak Ferlemann,CDU,20
Otto Fricke,FDP,20
Michael Grosse-Brömer,CDU,20
Olav Gutting,CDU,20
Bettina Hagedorn,SPD,20
Michael Hennrich,CDU,20
Julia Klöckner,CDU,20
Günter Krings,CDU,20
Renate Künast,GRÜNE,20
Markus Kurth,GRÜNE,20
Patricia Lips,CDU,20
Gesine Lötzsch,DIE LINKE,20
Anna Lührmann,GRÜNE,20
Dorothee Mantel,CSU,20
Dorothee Bär,CSU,20
Stephan Mayer,CSU,20
Stefan Müller,CSU,20
Rolf Mützenich,SPD,20
Daniela Raab,CSU,20
Daniela Ludwig,CSU,20
Albert Rupprecht,CSU,20
Axel Schäfer,SPD,20
Andreas Scheuer,CSU,20
Thomas Silberhorn,CSU,20
Jens Spahn,CDU,20
Christian Stetten,CDU,20
Gero Storjohann,CDU,20
Antje Tillmann,CDU,20
Marco Wanderwitz,CDU,20
Volker Wissing,FDP,20
Artur Auernhammer,CSU,20
Bärbel Kofler,SPD,20
Lars Klingbeil,SPD,20
Niels Annen,SPD,20
Thomas Bareiß,CDU,20
Michael Brand,CDU,20
Sevim Dağdelen,BSW,20
Klaus Ernst,Plos,20
Kai Gehring,GRÜNE,20
Martin Gerster,SPD,20
Monika Grütters,CDU,20
Britta Haßelmann,GRÜNE,20
Anton Hofreiter,GRÜNE,20
Andreas Jung,CDU,20
Josip Juratovic,SPD,20
Katja Kipping,DIE LINKE,20
Jan Korte,DIE LINKE,20
Karl Lauterbach,SPD,20
Paul Lehrieder,CSU,20
Michael Link,FDP,20
Michael Georg Link,FDP,20
Katja Mast,SPD,20
Matthias Miersch,SPD,20
Carsten Müller,CDU,20
Detlef Müller,SPD,20
Henning Otte,CDU,20
Sönke Rix,SPD,20
Frank Schäffler,FDP,20
Marianne Schieder,SPD,20
Frank Schwabe,SPD,20
Rita Schwarzelühr-Sutter,SPD,20
Petra Sitte,DIE LINKE,20
Florian Toncar,FDP,20
Alexander Ulrich,BSW,20
Elisabeth Winkelmeier-Becker,CDU,20
Omid Nouripour,GRÜNE,20
Wolfgang Strengmann-Kuhn,GRÜNE,20
Christian Hirte,CDU,20
Christine Aschenberg-Dugnus,FDP,20
Peter Aumer,CSU,20
Bärbel Bas,SPD,20
Peter Beyer,CDU,20
Steffen Bilger,CDU,20
Matthias W. Birkwald,DIE LINKE,20
Reinhard Brandl,CSU,20
Heike Brehmer,CDU,20
Ralph Brinkhaus,CDU,20
Marco Buschmann,FDP,20
Bijan Djir-Sarai,FDP,20
Edgar Franke,SPD,20
Michael Frieser,CSU,20
Ingo Gädechens,CDU,20
Thomas Gebhart,CDU,20
Michael Gerdes,SPD,20
Nicole Gohlke,DIE LINKE,20
Florian Hahn,CSU,20
Jürgen Hardt,CDU,20
Mechthild Heil,CDU,20
Ansgar Heveling,CDU,20
Manuel Höferlin,FDP,20
Andrej Hunko,BSW,20
Thomas Jarzombek,CDU,20
Oliver Kaczmarek,SPD,20
Stefan Kaufmann,CDU,20
Katja Keul,GRÜNE,20
Roderich Kiesewetter,CDU,20
Sven-Christian Kindler,GRÜNE,20
Volkmar Klein,CDU,20
Maria Klein-Schmeink,GRÜNE,20
Axel Knoerig,CDU,20
Pascal Kober,FDP,20
Oliver Krischer,GRÜNE,20
Ulrich Lange,CSU,20
Ralph Lenkert,DIE LINKE,20
Lars Lindemann,FDP,20
Christian Lindner,FDP,20
Carsten Linnemann,CDU,20
Jan-Marco Luczak,CDU,20
Oliver Luksic,FDP,20
Thomas Lutze,SPD,20
Agnes Malczak,GRÜNE,20
Agnieszka Brugger,GRÜNE,20
Andreas Mattfeldt,CDU,20
Mathias Middelberg,CDU,20
Cornelia Möhring,DIE LINKE,20
Dietrich Monstadt,CDU,20
Nadine Müller,CDU,20
Nadine Schön,CDU,20
Beate Müller-Gemmeke,GRÜNE,20
Ingrid Nestle,GRÜNE,20
Konstantin Notz,GRÜNE,20
Aydan Özoğuz,SPD,20
Lisa Paus,GRÜNE,20
Josef Rief,CDU,20
Tabea Rößner,GRÜNE,20
Erwin Rüddel,CDU,20
Patrick Schnieder,CDU,20
Stefan Schwartze,SPD,20
Detlef Seif,CDU,20
Judith Skudelny,FDP,20
Dieter Stier,CDU,20
Stephan Thomae,FDP,20
Johannes Vogel,FDP,20
Kathrin Vogler,DIE LINKE,20
Johann Wadephul,CDU,20
Johann David Wadephul,CDU,20
Sahra Wagenknecht,BSW,20
Sabine Weiss,CDU,20
Harald Ebner,GRÜNE,20
Tobias Lindner,GRÜNE,20
Beate Walter-Rosenheimer,GRÜNE,20
Manfred Todtenhausen,FDP,20
Wolfgang Hellmich,SPD,20
Hagen Reinhold,FDP,20
Stephan Albani,CDU,20
Luise Amtsberg,GRÜNE,20
Heike Baehrens,SPD,20
Annalena Baerbock,GRÜNE,20
Ulrike Bahr,SPD,20
André Berghegger,CDU,20
Franziska Brantner,GRÜNE,20
Lars Castellucci,SPD,20
Bernhard Daldrup,SPD,20
Karamba Diaby,SPD,20
Sabine Dittmar,SPD,20
Michael Donth,CDU,20
Katharina Dröge,GRÜNE,20
Hansjörg Durz,CSU,20
Saskia Esken,SPD,20
Hermann Färber,CDU,20
Uwe Feiler,CDU,20
Thorsten Frei,CDU,20
Matthias Gastel,GRÜNE,20
Uli Grötsch,SPD,20
Oliver Grundmann,CDU,20
Fritz Güntzler,CDU,20
Christian Haase,CDU,20
Rita Hagl-Kehl,SPD,20
André Hahn,DIE LINKE,20
Metin Hakverdi,SPD,20
Sebastian Hartmann,SPD,20
Matthias Hauer,CDU,20
Stefan Heck,CDU,20
Dirk Heidenblut,SPD,20
Gabriela Heinrich,SPD,20
Mark Helfrich,CDU,20
Thomas Hitschler,SPD,20
Alexander Hoffmann,CSU,20
Hendrik Hoppenstedt,CDU,20
Erich Irlstorfer,CSU,20
Frank Junge,SPD,20
Anja Karliczek,CDU,20
Gabriele Katzmarek,SPD,20
Georg Kippels,CDU,20
Cansel Kiziltepe,SPD,20
Markus Koob,CDU,20
Carsten Körber,CDU,20
Christian Kühn,GRÜNE,20
Silke Launert,CSU,20
Katja Leikert,CDU,20
Andreas Lenz,CSU,20
Andrea Lindholz,CSU,20
Yvonne Magwas,CDU,20
Jan Metzler,CDU,20
Irene Mihalic,GRÜNE,20
Susanne Mittag,SPD,20
Bettina Müller,SPD,20
Michelle Müntefering,SPD,20
Wilfried Oellers,CDU,20
Florian Oßner,CSU,20
Mahmut Özdemir,SPD,20
Ingrid Pahlmann,CDU,20
Sabine Poschmann,SPD,20
Achim Post,SPD,20
Martin Rabanus,SPD,20
Kerstin Radomski,CDU,20
Alexander Radwan,CSU,20
Alois Rainer,CSU,20
Martina Renner,DIE LINKE,20
Daniela De Ridder,SPD,20
Andreas Rimkus,SPD,20
Dennis Rohde,SPD,20
Martin Rosemann,SPD,20
Corinna Rüffer,GRÜNE,20
Bernd Rützel,SPD,20
Johann Saathoff,SPD,20
Ulle Schauws,GRÜNE,20
Nina Scheer,SPD,20
Udo Schiefner,SPD,20
Jana Schimke,CDU,20
Dagmar Schmidt,SPD,20
Kordula Schulz-Asche,GRÜNE,20
Andreas Schwarz,SPD,20
Tino Sorge,CDU,20
Svenja Stadler,SPD,20
Martina Stamm-Fibich,SPD,20
Wolfgang Stefinger,CSU,20
Albert Stegemann,CDU,20
Johannes Steiniger,CDU,20
Claudia Tausend,SPD,20
Michael Thews,SPD,20
Astrid Timmermann-Fechter,CDU,20
Carsten Träger,SPD,20
Volker Ullrich,CSU,20
Julia Verlinden,GRÜNE,20
Dirk Vöpel,SPD,20
Nina Warken,CDU,20
Anja Weisgerber,CSU,20
Bernd Westphal,SPD,20
Kai Whittaker,CDU,20
Dirk Wiese,SPD,20
Gülistan Yüksel,SPD,20
Emmi Zeulner,CSU,20
Stefan Zierke,SPD,20
Jens Zimmermann,SPD,20
Christian Petry,SPD,20
Angelika Glöckner,SPD,20
Ronja Schmitt,CDU,20
Ronja Kemmer,CDU,20
Sarah Ryglewski,SPD,20
Jürgen Coße,SPD,20
Markus Uhl,CDU,20
Gökay Akbulut,DIE LINKE,20
Renata Alt,FDP,20
Norbert Maria Altenkamp,CDU,20
Philipp Amthor,CDU,20
Lisa Badum,GRÜNE,20
Nicole Bauer,FDP,20
Bernd Baumann,AfD,20
Canan Bayram,GRÜNE,20
Jens Beeck,FDP,20
Olaf In der Beek,FDP,20
Marc Bernhard,AfD,20
Melanie Bernstein,CDU,20
Marc Biadacz,CDU,20
Andreas Bleck,AfD,20
Peter Boehringer,AfD,20
Jens Brandenburg,FDP,20
Mario Brandenburg,FDP,20
Stephan Brandner,AfD,20
Jürgen Braun,AfD,20
Silvia Breher,CDU,20
Sebastian Brehm,CSU,20
Leni Breymaier,SPD,20
Katrin Budde,SPD,20
Marcus Bühl,AfD,20
Karlheinz Busen,FDP,20
Petr Bystron,AfD,20
Anna Christmann,GRÜNE,20
Tino Chrupalla,AfD,20
Joana Cotar,Plos,20
Carl-Julius Cronenberg,FDP,20
Gottfried Curio,AfD,20
Astrid Damerow,CDU,20
Esther Dilcher,SPD,20
Anke Domscheit-Berg,DIE LINKE,20
Christian Dürr,FDP,20
Thomas Ehrhorn,AfD,20
Thomas Erndl,CSU,20
Wiebke Esdar,SPD,20
Michael Espendiller,AfD,20
Marcus Faber,FDP,20
Yasmin Fahimi,SPD,20
Peter Felser,AfD,20
Susanne Ferschl,DIE LINKE,20
Daniel Föst,FDP,20
Dietmar Friedhoff,AfD,20
Markus Frohnmaier,AfD,20
Götz Frömming,AfD,20
Alexander Gauland,AfD,20
Stefan Gelbhaar,GRÜNE,20
Albrecht Glaser,AfD,20
Kay Gottschalk,AfD,20
Timon Gremmels,SPD,20
Erhard Grundl,GRÜNE,20
Thomas Hacker,FDP,20
Mariana Iris Harder-Kühnel,AfD,20
Jochen Haug,AfD,20
Thomas Heilmann,CDU,20
Katrin Helling-Plahr,FDP,20
Marc Henrichmann,CDU,20
Markus Herbrand,FDP,20
Torsten Herbst,FDP,20
Martin Hess,AfD,20
Katja Hessel,FDP,20
Karsten Hilse,AfD,20
Nicole Höchst,AfD,20
Gero Clemens Hocker,FDP,20
Bettina Hoffmann,GRÜNE,20
Christoph Hoffmann,FDP,20
Leif-Erik Holm,AfD,20
Ottmar Holtz,GRÜNE,20
Reinhard Houben,FDP,20
Johannes Huber,Plos,20
Fabian Jacobi,AfD,20
Marc Jongen,AfD,20
Ingmar Jung,CDU,20
Elisabeth Kaiser,SPD,20
Stefan Keuter,AfD,20
Michael Kießling,CSU,20
Karsten Klein,FDP,20
Norbert Kleinwächter,AfD,20
Katharina Kloke,FDP,20
Katharina Willkomm,FDP,20
Daniela Kluckert,FDP,20
Lukas Köhler,FDP,20
Enrico Komning,AfD,20
Jörn König,AfD,20
Carina Konrad,FDP,20
Steffen Kotré,AfD,20
Rainer Kraft,AfD,20
Konstantin Kuhle,FDP,20
Alexander Lambsdorff,FDP,20
Ulrich Lechte,FDP,20
Jens Lehmann,CDU,20
Sven Lehmann,GRÜNE,20
Helge Lindh,SPD,20
Bernhard Loos,CSU,20
Rüdiger Lucassen,AfD,20
Heiko Maas,SPD,20
Astrid Mannes,CDU,20
Till Mansmann,FDP,20
Pascal Meiser,DIE LINKE,20
Christoph Meyer,FDP,20
Corinna Miazga,AfD,20
Amira Mohamed Ali,BSW,20
Falko Mohrs,SPD,20
Claudia Moll,SPD,20
Siemtje Möller,SPD,20
Alexander Müller,FDP,20
Axel Müller,CDU,20
Claudia Müller,GRÜNE,20
Sepp Müller,CDU,20
Frank Müller-Rosentritt,FDP,20
Sebastian Münzenmaier,AfD,20
Zaklin Nastic,BSW,20
Petra Nicolaisen,CDU,20
Jan Ralf Nolte,AfD,20
Josephine Ortleb,SPD,20
Josef Oster,CDU,20
Gerold Otten,AfD,20
Sören Pellmann,DIE LINKE,20
Victor Perli,DIE LINKE,20
Tobias Matthias Peterka,AfD,20
Stephan Pilsinger,CSU,20
Christoph Ploß,CDU,20
Jürgen Pohl,AfD,20
Filiz Polat,GRÜNE,20
Stephan Protschka,AfD,20
Martin Reichardt,AfD,20
Martin Erwin Renner,AfD,20
Bernd Reuther,FDP,20
Bernd Riexinger,DIE LINKE,20
Manuela Rottmann,GRÜNE,20
Stefan Rouenhoff,CDU,20
Thomas Sattelberger,FDP,20
Christian Sauter,FDP,20
Ulrike Schielke-Ziesing,AfD,20
Nils Schmid,SPD,20
Stefan Schmidt,GRÜNE,20
Uwe Schmidt,SPD,20
Jörg Schneider,AfD,20
Johannes Schraps,SPD,20
Felix Schreiner,CDU,20
Michael Schrodi,SPD,20
Uwe Schulz,AfD,20
Matthias Seestern-Pauly,FDP,20
Thomas Seitz,AfD,20
Martin Sichert,AfD,20
Björn Simon,CDU,20
Dirk Spaniel,AfD,20
René Springer,AfD,20
Katrin Staffler,CSU,20
Bettina Stark-Watzinger,FDP,20
Mathias Stein,SPD,20
Beatrix Storch,AfD,20
Marie-Agnes Strack-Zimmermann,FDP,20
Benjamin Strasser,FDP,20
Jessica Tatti,BSW,20
Hermann-Josef Tebroke,CDU,20
Linda Teuteberg,FDP,20
Michael Theurer,FDP,20
Hans-Jürgen Thies,CDU,20
Alexander Throm,CDU,20
Markus Töns,SPD,20
Andrew Ullmann,FDP,20
Gerald Ullrich,FDP,20
Kerstin Vieregge,CDU,20
Christoph Vries,CDU,20
Sandra Weeser,FDP,20
Alice Weidel,AfD,20
Nicole Westig,FDP,20
Harald Weyel,AfD,20
Wolfgang Wiehle,AfD,20
Christian Wirth,AfD,20
Uwe Witt,Plos,20
Paul Ziemiak,CDU,20
Gyde Jensen,FDP,20
Marja-Liisa Völlers,SPD,20
Nezahat Baradari,SPD,20
Peter Heidt,FDP,20
Isabel Mackensen,SPD,20
Isabel Mackensen-Geis,SPD,20
Joe Weingarten,SPD,20
Reginald Hanke,FDP,20
Sylvia Lehmann,SPD,20
Sandra Bubendorfer-Licht,FDP,20
Dorothee Martin,SPD,20
Janosch Dahmen,GRÜNE,20
Marcel Emmerich,GRÜNE,20
Sanae Abdi,SPD,20
Valentin Abel,FDP,20
Knut Abraham,CDU,20
Katja Adler,FDP,20
Stephanie Aeffner,GRÜNE,20
Adis Ahmetovic,SPD,20
Reem Alabali-Radovan,SPD,20
Ali Al-Dailami,Plos,20
Muhanad Al-Halak,FDP,20
Dagmar Andres,SPD,20
Johannes Arlt,SPD,20
Andreas Audretsch,GRÜNE,20
Maik Außendorf,GRÜNE,20
Tobias Bacherle,GRÜNE,20
Tobias B. Bacherle,GRÜNE,20
Carolin Bachmann,AfD,20
Daniel Baldy,SPD,20
Felix Banaszak,GRÜNE,20
Karl Bär,GRÜNE,20
Christina Baum,AfD,20
Katharina Beck,GRÜNE,20
Roger Beckamp,AfD,20
Holger Becker,SPD,20
Lukas Benner,GRÜNE,20
Jürgen Berghahn,SPD,20
Bengt Bergt,SPD,20
Jakob Blankenburg,SPD,20
René Bochmann,AfD,20
Ingo Bodtke,FDP,20
Friedhelm Boginski,FDP,20
Gereon Bollmann,AfD,20
Simone Borchardt,CDU,20
Dirk Brandes,AfD,20
Michael Breilmann,CDU,20
Marlon Bröhr,CDU,20
Frank Bsirske,GRÜNE,20
Yannick Bury,CDU,20
Isabel Cademartori Dujisin,SPD,20
Mario Czaja,CDU,20
Hakan Demir,SPD,20
Sandra Detzer,GRÜNE,20
Martin Diedenhofen,SPD,20
Jan Dieren,SPD,20
Thomas Dietz,AfD,20
Felix Döring,SPD,20
Falko Droßmann,SPD,20
Deborah Düring,GRÜNE,20
Axel Echeverria,SPD,20
Leon Eckert,GRÜNE,20
Ralph Edelhäußer,CSU,20
Sonja Eichwede,SPD,20
Alexander Engelhard,CSU,20
Heike Engelhardt,SPD,20
Martina Englhardt-Kopf,CSU,20
Robert Farle,AfD,20
Ariane Fäscher,SPD,20
Emilia Fester,GRÜNE,20
Sebastian Fiedler,SPD,20
Fabian Funke,SPD,20
Maximilian Funke-Kaiser,FDP,20
Schahina Gambir,GRÜNE,20
Tessa Ganserer,GRÜNE,20
Martin Gassner-Herz,FDP,20
Manuel Gava,SPD,20
Jonas Geissler,CSU,20
Knut Gerschau,FDP,20
Jan-Niclas Gesenhues,GRÜNE,20
Hannes Gnauck,AfD,20
Christian Görke,DIE LINKE,20
Fabian Gramling,CDU,20
Ingeborg Gräßle,CDU,20
Armin Grau,GRÜNE,20
Sabine Grützmacher,GRÜNE,20
Serap Güler,CDU,20
Ates Gürpinar,DIE LINKE,20
Robert Habeck,GRÜNE,20
Philipp Hartewig,FDP,20
Ulrike Harzer,FDP,20
Frauke Heiligenstadt,SPD,20
Linda Heitmann,GRÜNE,20
Matthias Helferich,AfD,20
Kathrin Henneberger,GRÜNE,20
Anke Hennig,SPD,20
Susanne Hennig-Wellsow,DIE LINKE,20
Bernhard Herrmann,GRÜNE,20
Nadine Heselhaus,SPD,20
Susanne Hierl,CSU,20
Bruno Hönel,GRÜNE,20
Franziska Hoppermann,CDU,20
Jasmina Hostert,SPD,20
Verena Hubertz,SPD,20
Markus Hümpfer,SPD,20
Gerrit Huy,AfD,20
Steffen Janich,AfD,20
Anne Janssen,CDU,20
Ann-Veruschka Jurisch,FDP,20
Lamya Kaddor,GRÜNE,20
Macit Karaahmetoğlu,SPD,20
Carlos Kasper,SPD,20
Anna Kassautzki,SPD,20
Malte Kaufmann,AfD,20
Michael Kaufmann,AfD,20
Rainer Johannes Keller,SPD,20
Michael Kellner,GRÜNE,20
Franziska Kersten,SPD,20
Misbah Khan,GRÜNE,20
Helmut Kleebank,SPD,20
Ottilie Klein,CDU,20
Kristian Klinck,SPD,20
Annika Klose,SPD,20
Tim Klüssendorf,SPD,20
Anne König,CDU,20
Chantal Kopf,GRÜNE,20
Simona Koß,SPD,20
Laura Kraft,GRÜNE,20
Philip Krämer,GRÜNE,20
Dunja Kreiser,SPD,20
Martin Kröber,SPD,20
Michael Kruse,FDP,20
Tilman Kuban,CDU,20
Kevin Kühnert,SPD,20
Sarah Lahrkamp,SPD,20
Ricarda Lang,GRÜNE,20
Andreas Larem,SPD,20
Ina Latendorf,DIE LINKE,20
Kevin Leiser,SPD,20
Jürgen Lenders,FDP,20
Barbara Lenk,AfD,20
Barbara Benkstein,AfD,20
Christian Leye,Plos,20
Luiza Licina-Bode,SPD,20
Thorsten Lieb,FDP,20
Anja Liebert,GRÜNE,20
Esra Limbacher,SPD,20
Helge Limburg,GRÜNE,20
Denise Loop,GRÜNE,20
Max Lucks,GRÜNE,20
Bettina Lugk,SPD,20
Kristine Lütke,FDP,20
Tanja Machalet,SPD,20
Klaus Mack,CDU,20
Erik Malottki,SPD,20
Holger Mann,SPD,20
Kaweh Mansoori,SPD,20
Zanda Martens,SPD,20
Parsa Marvi,SPD,20
Franziska Mascheck,SPD,20
Zoe Mayer,GRÜNE,20
Volker Mayer-Lay,CDU,20
Andreas Mehltretter,SPD,20
Takis Mehmet Ali,SPD,20
Susanne Menge,GRÜNE,20
Anikó Merten,FDP,20
Anikó Glogowski-Merten,FDP,20
Robin Mesarosch,SPD,20
Swantje Henrike Michaelsen,GRÜNE,20
Kathrin Michel,SPD,20
Matthias David Mieves,SPD,20
Boris Mijatović,GRÜNE,20
Mike Moncsek,AfD,20
Matthias Moosdorf,AfD,20
Maximilian Mordhorst,FDP,20
Maximilian Mörseburg,CDU,20
Florian Müller,CDU,20
Michael Müller,SPD,20
Sascha Müller,GRÜNE,20
Stefan Nacke,CDU,20
Sara Nanni,GRÜNE,20
Rasha Nasr,SPD,20
Edgar Naujok,AfD,20
Ophelia Nick,GRÜNE,20
Brian Nickholz,SPD,20
Jörg Nürnberger,SPD,20
Lennard Oehl,SPD,20
Moritz Oppelt,CDU,20
Karoline Otte,GRÜNE,20
Julian Pahlke,GRÜNE,20
Christos Pantazis,SPD,20
Wiebke Papenbrock,SPD,20
Mathias Papendieck,SPD,20
Natalie Pawlik,SPD,20
Jens Peick,SPD,20
Andreas Philippi,SPD,20
Paula Piechotta,GRÜNE,20
Jan Plobner,SPD,20
Martin Plum,CDU,20
Volker Redder,FDP,20
Henning Rehbaum,CDU,20
Markus Reichel,CDU,20
Heidi Reichinnek,DIE LINKE,20
Anja Reinalter,GRÜNE,20
Ye-One Rhie,SPD,20
Frank Rinck,AfD,20
Lars Rohwer,CDU,20
Sebastian Roloff,SPD,20
Jessica Rosenthal,SPD,20
Thomas Röwekamp,CDU,20
Thorsten Rudolph,SPD,20
Tina Rudolph,SPD,20
Kassem Taher Saleh,GRÜNE,20
Catarina Santos Firnhaber,CDU,20
Catarina Santos-Wintz,CDU,20
Ingo Schäfer,SPD,20
Jamila Schäfer,GRÜNE,20
Sebastian Schäfer,GRÜNE,20
Rebecca Schamber,SPD,20
Bernd Schattner,AfD,20
Johannes Schätzl,SPD,20
Christiane Schenderlein,CDU,20
Peggy Schierenbeck,SPD,20
Timo Schisanowski,SPD,20
Christoph Schmid,SPD,20
Eugen Schmidt,AfD,20
Jan Wenzel Schmidt,AfD,20
Daniel Schneider,SPD,20
Marlene Schönberger,GRÜNE,20
Christian Schreider,SPD,20
Christina-Johanne Schröder,GRÜNE,20
Ria Schröder,FDP,20
Anja Schulz,FDP,20
Svenja Schulze,SPD,20
Armin Schwarz,CDU,20
Stefan Seidler,SSW,20
Stephan Seiter,FDP,20
Lina Seitzl,SPD,20
Melis Sekmen,GRÜNE,20
Rainer Semet,FDP,20
Nyke Slawik,GRÜNE,20
Anne Monika Spallek,GRÜNE,20
Merle Spellerberg,GRÜNE,20
Nina Stahr,GRÜNE,20
Till Steffen,GRÜNE,20
Ralf Stegner,SPD,20
Hanna Steinmüller,GRÜNE,20
Nadja Sthamer,SPD,20
Klaus Stöber,AfD,20
Diana Stöcker,CDU,20
Konrad Stockmeier,FDP,20
Christina Stumpp,CDU,20
Ruppert Stüwe,SPD,20
Awet Tesfaiesus,GRÜNE,20
Jens Teutrine,FDP,20
Nico Tippelt,FDP,20
Anja Troff-Schaffarzyk,SPD,20
Derya Türk-Nachbaur,SPD,20
Katrin Uhlig,GRÜNE,20
Frank Ullrich,SPD,20
Oliver Vogt,CDU,20
Niklas Wagener,GRÜNE,20
Robin Wagener,GRÜNE,20
Carolin Wagner,SPD,20
Johannes Wagner,GRÜNE,20
Maja Wallstein,SPD,20
Hannes Walter,SPD,20
Carmen Wegge,SPD,20
Melanie Wegling,SPD,20
Saskia Weishaupt,GRÜNE,20
Maria-Lena Weiss,CDU,20
Stefan Wenzel,GRÜNE,20
Lena Werner,SPD,20
Klaus Wiener,CDU,20
Tobias Winkler,CSU,20
Tina Winklmann,GRÜNE,20
Janine Wissler,DIE LINKE,20
Mechthilde Wittmann,CSU,20
Herbert Wollmann,SPD,20
Mareike Lotte Wulf,CDU,20
Joachim Wundrak,AfD,20
Kay-Uwe Ziegler,AfD,20
Nicolas Zippelius,CDU,20
Armand Zorn,SPD,20
Katrin Zschau,SPD,20
Claudia Raffelhüschen,FDP,20
Clara Bünger,DIE LINKE,20
Michael Sacher,GRÜNE,20
Nils Gründer,FDP,20
Daniel Rinkert,SPD,20
Alexander Bartz,SPD,20
Emily Vontz,SPD,20
Dirk-Ulrich Mende,SPD,20
Alexander Föhr,CDU,20
Rainer Rothfuß,AfD,20
Ana-Maria Trăsnea,SPD,20
Christian Bartelt,FDP,20
Tim Wagner,FDP,20
Nadine Ruf,SPD,20
Jürgen Kretz,GRÜNE,20
Boris Pistorius,SPD,20
Nancy Faeser,SPD,20
Peter Bleser,CDU,19
Eberhard Brecht,SPD,19
Jörg-Diether Dehm-Desoi,DIE LINKE,19
Diether Dehm,DIE LINKE,19
Hans-Joachim Fuchtel,CDU,19
Ulla Jelpke,DIE LINKE,19
Volker Kauder,CDU,19
Katharina Landgraf,CDU,19
Christoph Matschie,SPD,19
Angela Merkel,CDU,19
Christian Schmidt,CSU,19
Ulla Schmidt,SPD,19
Michael Stübgen,CDU,19
Peter Altmaier,CDU,19
Doris Barnett,SPD,19
Dagmar Freitag,SPD,19
Barbara Hendricks,SPD,19
Karl A. Lamers,CDU,19
Hans Michelbach,CSU,19
Gerd Müller,CSU,19
Johannes Selle,CDU,19
Bernd Siebert,CDU,19
Ute Vogt,SPD,19
Norbert Barthle,CDU,19
Lothar Binding,SPD,19
Ralf Brauksiepe,CDU,19
Marie-Luise Dött,CDU,19
Axel E. Fischer,CDU,19
Gustav Herzog,SPD,19
Martin Hohmann,AfD,19
Johannes Kahrs,SPD,19
Christine Lambrecht,SPD,19
Christian Lange,SPD,19
Andrea Nahles,SPD,19
Kersten Naumann,DIE LINKE,19
Kersten Steinke,DIE LINKE,19
René Röspel,SPD,19
Ernst Dieter Rossmann,SPD,19
Anita Schäfer,CDU,19
Ewald Schurer,SPD,19
Arnold Vaatz,CDU,19
Peter Weiß,CDU,19
Ingrid Arndt-Brauer,SPD,19
Carola Reimann,SPD,19
Ulrich Kelber,SPD,19
Kerstin Andreae,GRÜNE,19
Veronika Bellmann,CDU,19
Marco Bülow,Die PARTEI,19
Maria Flachsbarth,CDU,19
Eberhard Gienger,CDU,19
Anja Hajduk,GRÜNE,19
Gabriele Hiller-Ohm,SPD,19
Caren Marks,SPD,19
Hilde Mattheis,SPD,19
Marlene Mortler,CSU,19
Georg Nüßlein,Plos,19
Friedrich Ostendorff,GRÜNE,19
Joachim Pfeiffer,CDU,19
Florian Pronold,SPD,19
Sascha Raabe,SPD,19
Swen Schulz,SPD,19
Uwe Schummer,CDU,19
Michaela Tadjadod,CDU,19
Michaela Noll,CDU,19
Volkmar Uwe Vogel,CDU,19
Volkmar Vogel,CDU,19
Ingo Wellenreuther,CDU,19
Monika Lazar,GRÜNE,19
Heidrun Bluhm,DIE LINKE,19
Heidrun Bluhm-Förster,DIE LINKE,19
Martin Burkert,SPD,19
Sigmar Gabriel,SPD,19
Heike Hänsel,DIE LINKE,19
Alois Karl,CSU,19
Sylvia Kotting-Uhl,GRÜNE,19
Andreas G. Lämmel,CDU,19
Michael Leutert,DIE LINKE,19
Thomas Oppermann,SPD,19
Eckhardt Rehberg,CDU,19
Johannes Röring,CDU,19
Gerhard Schick,GRÜNE,19
Kirsten Tackmann,DIE LINKE,19
Axel Troost,DIE LINKE,19
Kai Wegner,CDU,19
Sabine Zimmermann,DIE LINKE,19
Manuel Sarrazin,GRÜNE,19
Manfred Behrens,CDU,19
Norbert Brackmann,CDU,19
Christine Buchholz,DIE LINKE,19
Katja Dörner,GRÜNE,19
Alois Gerig,CDU,19
Michael Groß,SPD,19
Astrid Grotelüschen,CDU,19
Stephan Harbarth,CDU,19
Matthias Heider,CDU,19
Frank Heinrich,CDU,19
Rudolf Henke,CDU,19
Karl Holmeier,CSU,19
Uwe Kekeritz,GRÜNE,19
Daniela Kolbe,SPD,19
Jutta Krellmann,DIE LINKE,19
Rüdiger Kruse,CDU,19
Stephan Kühn,GRÜNE,19
Sabine Leidig,DIE LINKE,19
Ursula Leyen,CDU,19
Stefan Liebich,DIE LINKE,19
Burkhard Lischka,SPD,19
Kirsten Lühmann,SPD,19
Karin Maag,CDU,19
Thomas Maizière,CDU,19
Hans-Georg Marwitz,CDU,19
Niema Movassat,DIE LINKE,19
Martin Neumann,FDP,19
Thomas Nord,DIE LINKE,19
Eckhard Pols,CDU,19
Ingrid Remmers,DIE LINKE,19
Lothar Riebsamen,CDU,19
Stefan Ruppert,FDP,19
Tankred Schipanski,CDU,19
Frithjof Schmidt,GRÜNE,19
Jimmy Schulz,FDP,19
Armin Schuster,CDU,19
Reinhold Sendker,CDU,19
Patrick Sensburg,CDU,19
Frank Steffel,CDU,19
Sonja Steffen,SPD,19
Sonja Amalie Steffen,SPD,19
Karin Strenz,CDU,19
Kerstin Tack,SPD,19
Peter Tauber,CDU,19
Markus Tressel,GRÜNE,19
Daniela Wagner,GRÜNE,19
Harald Weinberg,DIE LINKE,19
Katrin Werner,DIE LINKE,19
Dagmar Ziegler,SPD,19
Matthias Zimmer,CDU,19
Katarina Barley,SPD,19
Matthias Bartke,SPD,19
Maik Beermann,CDU,19
Sybille Benning,CDU,19
Karl-Heinz Brunner,SPD,19
Bernd Fabritius,CSU,19
Fritz Felgentreu,SPD,19
Ulrich Freese,SPD,19
Astrid Freudenstein,CSU,19
Ursula Groden-Kranich,CDU,19
Klaus-Dieter Gröhler,CDU,19
Mark Hauptmann,CDU,19
Marcus Held,SPD,19
Heribert Hirte,CDU,19
Dieter Janecek,GRÜNE,19
Thomas Jurk,SPD,19
Ralf Kapschack,SPD,19
Kerstin Kassner,DIE LINKE,19
Roy Kühne,CDU,19
Antje Lezius,CDU,19
Hiltrud Lotze,SPD,19
Gisela Manderla,CDU,19
Matern Marschall von Bieberstein,CDU,19
Matern Marschall,CDU,19
Klaus Mindrup,SPD,19
Karsten Möring,CDU,19
Elisabeth Motschmann,CDU,19
Alexander S. Neu,DIE LINKE,19
Andreas Nick,CDU,19
Ulli Nissen,SPD,19
Tim Ostermann,CDU,19
Sylvia Pantel,CDU,19
Markus Paschke,SPD,19
Detlev Pilger,SPD,19
Florian Post,SPD,19
Susann Rüthrich,SPD,19
Ursula Schulte,SPD,19
Klaus-Peter Schulze,CDU,19
Rainer Spiering,SPD,19
Peter Stein,CDU,19
Sebastian Steineke,CDU,19
Oswin Veith,CDU,19
Thomas Viesehon,CDU,19
Kees Vries,CDU,19
Gabi Weber,SPD,19
Albert Weiler,CDU,19
Albert H. Weiler,CDU,19
Marian Wendt,CDU,19
Oliver Wittke,CDU,19
Hubertus Zdebel,DIE LINKE,19
Tobias Zech,CSU,19
Pia Zimmermann,DIE LINKE,19
Kordula Kovac,CDU,19
Norbert Müller,DIE LINKE,19
Michael Abercron,CDU,19
Doris Achelwilm,DIE LINKE,19
Grigorios Aggelidis,FDP,19
Simone Barrientos,DIE LINKE,19
Margarete Bause,GRÜNE,19
Danyal Bayaz,GRÜNE,19
Nicola Beer,FDP,19
Christoph Bernstiel,CDU,19
Lorenz Gösta Beutin,DIE LINKE,19
Michel Brandt,DIE LINKE,19
Carsten Brodesser,CDU,19
Birke Bull-Bischoff,DIE LINKE,19
Matthias Büttner,AfD,19
Jörg Cezanne,DIE LINKE,19
Britta Katharina Dassler,FDP,19
Siegbert Droese,AfD,19
Hartmut Ebbing,FDP,19
Berengar Elsner von Gronow,AfD,19
Brigitte Freihold,DIE LINKE,19
Anton Friesen,AfD,19
Sylvia Gabelmann,DIE LINKE,19
Axel Gehrke,AfD,19
Franziska Gminder,AfD,19
Eckhard Gnodtke,CDU,19
Wilhelm Gottberg,AfD,19
Armin-Paulus Hampel,AfD,19
Verena Hartmann,Plos,19
Roland Hartwig,AfD,19
Martin Hebner,AfD,19
Udo Theodor Hemmelgarn,AfD,19
Waldemar Herdt,AfD,19
Lars Herrmann,Plos,19
Heiko Heßenkemper,Plos,19
Matthias Höhn,DIE LINKE,19
Bruno Hollnagel,Plos,19
Ulla Ihnen,FDP,19
Hans-Jürgen Irmer,CDU,19
Christian Jung,FDP,19
Uwe Kamann,Plos,19
Kirsten Kappert-Gonther,GRÜNE,19
Torbjörn Kartes,CDU,19
Thomas L. Kemmerich,FDP,19
Achim Kessler,DIE LINKE,19
Jens Kestner,AfD,19
Marcel Klinge,FDP,19
Elvan Korkmaz,SPD,19
Elvan Korkmaz-Emre,SPD,19
Alexander Krauß,CDU,19
Michael Kuffer,CSU,19
Alexander Kulitz,FDP,19
Nikolas Löbel,Plos,19
Frank Magnitz,AfD,19
Jens Maier,AfD,19
Lothar Maier,AfD,19
Birgit Malsack-Winkemann,AfD,19
Jürgen Martens,FDP,19
Fabio De Masi,DIE LINKE,19
Mario Mieruch,LKR,19
Andreas Mrosek,AfD,19
Hansjörg Müller,AfD,19
Roman Müller-Böhm,FDP,19
Volker Münz,AfD,19
Christoph Neumann,AfD,19
Ulrich Oehme,AfD,19
Frank Pasemann,Plos,19
Frauke Petry,Plos,19
Tobias Pflüger,DIE LINKE,19
Paul Viktor Podolay,AfD,19
Roman Johannes Reusch,AfD,19
Stefan Sauer,CDU,19
Wieland Schinnenburg,FDP,19
Robby Schlund,AfD,19
Claudia Schmidtke,CDU,19
Eva-Maria Schreiber,DIE LINKE,19
Manja Schüle,SPD,19
Martin Schulz,SPD,19
Torsten Schweiger,CDU,19
Frank Sitta,FDP,19
Helin Evrim Sommer,DIE LINKE,19
Detlev Spangenberg,AfD,19
Andreas Steier,CDU,19
Friedrich Straetmanns,DIE LINKE,19
Margit Stumpp,GRÜNE,19
Katja Suding,FDP,19
Dietlind Tiemann,CDU,19
Andreas Wagner,DIE LINKE,19
Bettina Margarethe Wiesmann,CDU,19
Heiko Wildberg,AfD,19
Gerhard Zickenheiner,GRÜNE,19
Charlotte Schneidewind-Hartnagel,GRÜNE,19
Saskia Ludwig,CDU,19
Bela Bach,SPD,19
Matthias Nölke,FDP,19
Wolfgang Wetzel,GRÜNE,19
Christian Natterer,CDU,19
Kristina Nordt,CDU,19
Maika Friemann-Jennert,CDU,19
Christopher Gohl,FDP,19
Susanne Wetterich,CDU,19
Florian Jäger,AfD,19
Zeki Gökhan,DIE LINKE,19
Klaus-Dieter Fritsche,CDU/CSU,19
Aydan Özoguz,SPD,19
Klaus Brähmig,CDU,18
Edelgard Bulmahn,SPD,18
Gernot Erler,SPD,18
Elke Ferner,SPD,18
Dirk Fischer,CDU,18
Iris Gleicke,SPD,18
Gerda Hasselfeldt,CSU,18
Peter Hintze,CDU,18
Egon Jüttner,CDU,18
Bartholomäus Kalb,CSU,18
Steffen Kampeter,CDU,18
Hartmut Koschyk,CSU,18
Norbert Lammert,CDU,18
Maria Michalk,CDU,18
Ulrich Petzold,CDU,18
Ronald Pofalla,CDU,18
Joachim Poß,SPD,18
Heinz Riesenhuber,CDU,18
Andreas Schockenhoff,CDU,18
Hans-Christian Ströbele,GRÜNE,18
Klaus Barthel,SPD,18
Marieluise Beck-Oberdorf,GRÜNE,18
Marieluise Beck,GRÜNE,18
Volker Beck,GRÜNE,18
Maria Böhmer,CDU,18
Wolfgang Bosbach,CDU,18
Eva-Maria Bulling-Schröter,DIE LINKE,18
Eva Bulling-Schröter,DIE LINKE,18
Petra Ernstberger,SPD,18
Gabriele Fograscher,SPD,18
Norbert Schindler,CDU,18
Johannes Singhammer,CSU,18
Erika Steinbach-Hermann,Plos,18
Erika Steinbach,Plos,18
Franz Thönnes,SPD,18
Dagmar G. Wöhrl,CSU,18
Matthäus Strebl,CSU,18
Helmut Heiderich,CDU,18
Helga Kühn-Mengel,SPD,18
Hans-Peter Bartels,SPD,18
Günter Baumann,CDU,18
Willi Brase,SPD,18
Cajus Julius Caesar,CDU,18
Cajus Caesar,CDU,18
Thomas Dörflinger,CDU,18
Sebastian Edathy,SPD,18
Ingrid Fischbach,CDU,18
Wolfgang Gehrcke,DIE LINKE,18
Angelika Krüger-Leißner,SPD,18
Katherina Reiche,CDU,18
Thomas Strobl,CDU,18
Hans-Peter Uhl,CSU,18
Rüdiger Veit,SPD,18
Waltraud Wolff,SPD,18
Gabriele Lösekrug-Möller,SPD,18
Sabine Bätzing,SPD,18
Sabine Bätzing-Lichtenthäler,SPD,18
Uwe Beckmeyer,SPD,18
Barbara Lanzinger,CSU,18
Christoph Bergner,CDU,18
Clemens Binninger,CDU,18
Martin Dörmann,SPD,18
Siegmund Ehrmann,SPD,18
Karin Evers-Meyer,SPD,18
Klaus-Peter Flosbach,CDU,18
Michael Fuchs,CDU,18
Peter Gauweiler,CSU,18
Josef Göppel,CSU,18
Reinhard Grindel,CDU,18
Gabriele Groneberg,SPD,18
Michael Hartmann,SPD,18
Uda Heller,CDU,18
Robert Hochbaum,CDU,18
Bernhard Kaster,CDU,18
Jürgen Klimke,CDU,18
Kristina Köhler,CDU,18
Kristina Schröder,CDU,18
Michael Kretschmer,CDU,18
Gunther Krichbaum,CDU,18
Hans-Ulrich Krüger,SPD,18
Sibylle Pfeiffer,CDU,18
Wilhelm Priesmeier,SPD,18
Gerold Reichenbach,SPD,18
Ole Schröder,CDU,18
Bernhard Schulte-Drüggelte,CDU,18
Christoph Strässer,SPD,18
Andrea Wicklein,SPD,18
Manfred Zöllmer,SPD,18
Lena Strothmann,CDU,18
Elvira Drobinski-Weiß,SPD,18
Helmut Brandt,CDU,18
Dirk Becker,SPD,18
Karin Binder,DIE LINKE,18
Diana Golze,DIE LINKE,18
Wolfgang Gunkel,SPD,18
Petra Hinz,SPD,18
Priska Hinz,GRÜNE,18
Inge Höger-Neuling,DIE LINKE,18
Inge Höger,DIE LINKE,18
Bärbel Höhn,GRÜNE,18
Franz-Josef Holzenkamp,CDU,18
Anette Hübinger,CDU,18
Franz Josef Jung,CDU,18
Hans-Werner Kammer,CDU,18
Jens Koeppen,CDU,18
Katrin Kunert,DIE LINKE,18
Ingbert Liebing,CDU,18
Philipp Mißfelder,CDU,18
Brigitte Pothmer,GRÜNE,18
Mechthild Rawert,SPD,18
Elisabeth Scharfenberg,GRÜNE,18
Annette Schavan,CDU,18
Karl Schiewerling,CDU,18
Harald Terpe,GRÜNE,18
Marcus Weinberg,CDU,18
Karl-Georg Wellmann,CDU,18
Jörn Wunderlich,DIE LINKE,18
Brigitte Zypries,SPD,18
Nicole Maisch,GRÜNE,18
Thomas Mahlberg,CDU,18
Frank Tempel,DIE LINKE,18
Jan Aken,DIE LINKE,18
Agnes Alpers,DIE LINKE,18
Heinz-Joachim Barchmann,SPD,18
Herbert Behrens,DIE LINKE,18
Petra Crone,SPD,18
Thomas Feist,CDU,18
Alexander Funk,CDU,18
Thomas Gambke,GRÜNE,18
Ulrike Gottschalck,SPD,18
Annette Groth,DIE LINKE,18
Rosemarie Hein,DIE LINKE,18
Tom Koenigs,GRÜNE,18
Bettina Kudla,CDU,18
Günter Lach,CDU,18
Steffen-Claudio Lemme,SPD,18
Matthias Lietz,CDU,18
Philipp Murmann,CDU,18
Richard Pitterle,DIE LINKE,18
Michael Schlecht,DIE LINKE,18
Carsten Sieling,SPD,18
Carola Stauche,CDU,18
Peer Steinbrück,SPD,18
Frank-Walter Steinmeier,SPD,18
Wolfgang Tiefensee,SPD,18
Halina Wawzyniak,DIE LINKE,18
Peter Wichtel,CDU,18
Valerie Wilms,GRÜNE,18
Stefan Rebmann,SPD,18
Annette Sawade,SPD,18
Katrin Albsteiger,CSU,18
Julia Bartz,CSU,18
Julia Obermeier,CSU,18
Ute Bertram,CDU,18
Burkhard Blienert,SPD,18
Alexandra Dinges-Dierig,CDU,18
Jutta Eckenbach,CDU,18
Michaela Engelmeier,SPD,18
Johannes Fechner,SPD,18
Ute Finckh-Krämer,SPD,18
Christian Flisek,SPD,18
Cemile Giousouf,CDU,18
Herlind Gundelach,CDU,18
Ulrich Hampel,SPD,18
Jörg Hellmuth,CDU,18
Heidtrud Henn,SPD,18
Margaret Horb,CDU,18
Bettina Hornhues,CDU,18
Charles M. Huber,CDU,18
Sigrid Hupach,DIE LINKE,18
Matthias Ilgen,SPD,18
Christina Jantz,SPD,18
Christina Jantz-Herrmann,SPD,18
Sylvia Jörrißen,CDU,18
Reinhold Jost,SPD,18
Xaver Jung,CDU,18
Christina Kampmann,SPD,18
Steffen Kanitz,CDU,18
Susanna Karawanskij,DIE LINKE,18
Marina Kermer,SPD,18
Arno Klare,SPD,18
Birgit Kömpel,SPD,18
Uwe Lagosky,CDU,18
Philipp Lengsfeld,CDU,18
Philipp Lerchenfeld,CSU,18
Wilfried Lorenz,CDU,18
Claudia Lücking-Michel,CDU,18
Birgit Malecha-Nissen,SPD,18
Reiner Meier,CSU,18
Peter Meiwald,GRÜNE,18
Özcan Mutlu,GRÜNE,18
Helmut Nowak,CDU,18
Martin Patzelt,CDU,18
Martin Pätzold,CDU,18
Harald Petzold,DIE LINKE,18
Jeannine Pflugradt,SPD,18
Simone Raatz,SPD,18
Hans-Joachim Schabedoth,SPD,18
Dorothee Schlegel,SPD,18
Heiko Schmelzle,CDU,18
Gabriele Schmidt,CDU,18
Matthias Schmidt,SPD,18
Christina Schwarzer,CDU,18
Norbert Spinrath,SPD,18
Rita Stockhofe,CDU,18
Thomas Stritzl,CDU,18
Sabine Sütterlin-Waack,CDU,18
Azize Tank,DIE LINKE,18
Michael Vietz,CDU,18
Sven Volmering,CDU,18
Christel Voßbeck-Kayser,CDU,18
Doris Wagner,GRÜNE,18
Birgit Wöllert,DIE LINKE,18
Barbara Woltmann,CDU,18
Heinrich Zertik,CDU,18
Gudrun Zollner,CSU,18
Waldemar Westermayer,CDU,18
Thorsten Hoffmann,CDU,18
Birgit Menz,DIE LINKE,18
Iris Eberl,CSU,18
Karin Thissen,SPD,18
Volker Mosblech,CDU,18
Elfi Scho-Antwerpes,SPD,18
Petra Rode-Bosse,SPD,18
Iris Ripsam,CDU,18
Kathrin Rösel,CDU,18
Karl-Heinz Wange,CDU,18
Bettina Bähr-Losse,SPD,18
Rainer Hajek,CDU,18
Mathias Edwin Höschel,CDU,18
Marion Marga Herdan,CDU,18
Thomas Jepsen,CDU,18
Johanna Wanka,CDU/CSU,18
Wolfgang Börnsen,CDU,17
Ulla Burchardt,SPD,17
Dagmar Enkelmann,DIE LINKE,17
Jörg Essen,FDP,17
Herbert Frankenhauser,CSU,17
Paul K. Friedhoff,FDP,17
Paul Friedhoff,FDP,17
Erich G. Fritz,CDU,17
Erich Fritz,CDU,17
Norbert Geis,CSU,17
Michael Glos,CSU,17
Peter Götz,CDU,17
Wolfgang Götzer,CSU,17
Joachim Günther,FDP,17
Hans-Joachim Hacker,SPD,17
Ernst Hinsken,CSU,17
Barbara Höll,DIE LINKE,17
Joachim Hörster,CDU,17
Birgit Homburger,FDP,17
Werner Hoyer,FDP,17
Susanne Kastner,SPD,17
Hans-Ulrich Klose,SPD,17
Fritz Rudolf Körper,SPD,17
Heinrich L. Kolb,FDP,17
Heinrich Kolb,FDP,17
Manfred Kolbe,CDU,17
Jürgen Koppelin,FDP,17
Thomas Kossendey,CDU,17
Sabine Leutheusser-Schnarrenberger,FDP,17
Franz Müntefering,SPD,17
Bernd Neumann,CDU,17
Eduard Oswald,CSU,17
Hans-Joachim Otto,FDP,17
Klaus Riegert,CDU,17
Christian Ruck,CSU,17
Hermann Scheer,SPD,17
Ottmar Schreiner,SPD,17
Rolf Schwanitz,SPD,17
Ilja Seifert,DIE LINKE,17
Carl-Ludwig Thiele,FDP,17
Wolfgang Thierse,SPD,17
Heidemarie Wieczorek-Zeul,SPD,17
Uta Zapf,SPD,17
Wolfgang Zöller,CSU,17
Wolfgang Gerhardt,FDP,17
Günter Gloser,SPD,17
Angelika Graf,SPD,17
Klaus Hagemann,SPD,17
Rolf Hempelmann,SPD,17
Ulrike Höfken-Deipenbrock,GRÜNE,17
Ulrike Höfken,GRÜNE,17
Frank Hofmann,SPD,17
Eckart Klaeden,CDU,17
Nicolette Kressl,SPD,17
Hermann Kues,CDU,17
Oskar Lafontaine,DIE LINKE,17
Heinz Lanfermann,FDP,17
Beatrix Philipp,CDU,17
Ruprecht Polenz,CDU,17
Christine Scheel,GRÜNE,17
Bernd Scheelen,SPD,17
Angelica Schwall-Düren,SPD,17
Max Stadler,FDP,17
Guido Westerwelle,FDP,17
Marlene Rupprecht,SPD,17
Ilse Aigner,CSU,17
Rainer Arnold,SPD,17
Klaus Brandner,SPD,17
Bernhard Brinkmann,SPD,17
Rainer Brüderle,FDP,17
Ernst Burgbacher,FDP,17
Peter Danckert,SPD,17
Leo Dautzenberg,CDU,17
Hans-Josef Fell,GRÜNE,17
Ulrike Flach,FDP,17
Hans-Michael Goldmann,FDP,17
Ursula Heinen,CDU,17
Ursula Heinen-Esser,CDU,17
Winfried Hermann,GRÜNE,17
Christel Humme,SPD,17
Gudrun Kopp,FDP,17
Martina Krogmann,CDU,17
Ute Kumpf,SPD,17
Ursula Lötzer,DIE LINKE,17
Ulla Lötzer,DIE LINKE,17
Dirk Niebel,FDP,17
Franz Obermeier,CSU,17
Holger Ortel,SPD,17
Johannes Pflug,SPD,17
Cornelia Pieper,FDP,17
Silvia Schmidt,SPD,17
Andrea Astrid Voßhoff,CDU,17
Daniel Bahr,FDP,17
Ernst-Reinhard Beck,CDU,17
Cornelia Behm,GRÜNE,17
Birgitt Bender,GRÜNE,17
Gerd Bollmann,SPD,17
Alexander Bonde,GRÜNE,17
Helga Daub,FDP,17
Hartwig Fischer,CDU,17
Ute Granold,CDU,17
Markus Grübel,CDU,17
Karl-Theodor Guttenberg,CSU,17
Holger Haibach,CDU,17
Jürgen Herrmann,CDU,17
Thilo Hoppe,GRÜNE,17
Siegfried Kauder,CDU,17
Astrid Klug,SPD,17
Undine Kurth,GRÜNE,17
Sibylle Laurischk,FDP,17
Harald Leibrecht,FDP,17
Petra Merkel,SPD,17
Jerzy Montag,GRÜNE,17
Heinz Paula,SPD,17
Rita Pawelski,CDU,17
Karin Roth,SPD,17
Krista Sager,GRÜNE,17
Anton Schaaf,SPD,17
Georg Schirmbeck,CDU,17
Martin Schwanholz,SPD,17
Rainer Stinner,FDP,17
Marlies Volkmer,SPD,17
Josef Philip Winkler,GRÜNE,17
Claudia Winterstein,FDP,17
Willi Zylajew,CDU,17
Gisela Piltz,FDP,17
Christel Happach-Kasan,FDP,17
Angelika Brunkhorst,FDP,17
Michael Kauch,FDP,17
Hellmut Königshaus,FDP,17
Jens Ackermann,FDP,17
Christian Ahrendt,FDP,17
Martina Bunge,DIE LINKE,17
Patrick Döring,FDP,17
Werner Dreibus,DIE LINKE,17
Garrelt Duin,SPD,17
Mechthild Dyckmans,FDP,17
Peter Friedrich,SPD,17
Edmund Peter Geisen,FDP,17
Miriam Gruß,FDP,17
Heinz-Peter Haustein,FDP,17
Elke Hoff,FDP,17
Lukrezia Jochimsen,DIE LINKE,17
Ute Koczy,GRÜNE,17
Rolf Koschorrek,CDU,17
Max Lehmer,CSU,17
Ulrich Maurer,DIE LINKE,17
Horst Meierhofer,FDP,17
Patrick Meinhardt,FDP,17
Dorothee Menzner,DIE LINKE,17
Kornelia Möller,DIE LINKE,17
Jan Mücke,FDP,17
Burkhardt Müller-Sönksen,FDP,17
Wolfgang Neskovic,Plos,17
Paul Schäfer,DIE LINKE,17
Herbert Schui,DIE LINKE,17
Marina Schuster,FDP,17
Wolfgang Wieland,GRÜNE,17
Hartfrid Wolff,FDP,17
Bettina Herlitzius,GRÜNE,17
Daniel Volk,FDP,17
Erwin Lotter,FDP,17
Eva Högl,SPD,17
Patrick Kurth,FDP,17
Florian Bernschneider,FDP,17
Sebastian Blumenthal,FDP,17
Steffen Bockhahn,DIE LINKE,17
Claudia Bögel,FDP,17
Claudia Bögel-Hoyer,FDP,17
Nicole Bracht-Bendt,FDP,17
Klaus Breil,FDP,17
Sylvia Canel,FDP,17
Viola Cramon-Taubadel,GRÜNE,17
Reiner Deutschmann,FDP,17
Heidrun Dittrich,DIE LINKE,17
Rainer Erdel,FDP,17
Heinz Golombeck,FDP,17
Michael Groschek,SPD,17
Ingrid Hönlinger,GRÜNE,17
Dieter Jasper,CDU,17
Heiner Kamp,FDP,17
Memet Kilic,GRÜNE,17
Lutz Knopek,FDP,17
Harald Koch,DIE LINKE,17
Sebastian Körber,FDP,17
Agnes Krumwiede,GRÜNE,17
Caren Lay,DIE LINKE,17
Martin Lindner,FDP,17
Ullrich Meßmer,SPD,17
Gabriele Molitor,FDP,17
Petra Müller,FDP,17
Manfred Nink,SPD,17
Hermann E. Ott,BÜNDNIS 90/DIE GRÜNEN,17
Hermann Ott,GRÜNE,17
Michael Paul,CDU,17
Jens Petermann,Plos,17
Christoph Poland,CDU,17
Lucia Puttrich,CDU,17
Birgit Reinemund,FDP,17
Peter Röhlinger,FDP,17
Björn Sänger,FDP,17
Werner Schieder,SPD,17
Christoph Schnurr,FDP,17
Erik Schweickert,FDP,17
Kathrin Senger-Schäfer,DIE LINKE,17
Raju Sharma,DIE LINKE,17
Werner Simmling,FDP,17
Joachim Spatz,FDP,17
Torsten Staffeldt,FDP,17
Dorothea Steiner,GRÜNE,17
Stephan Stracke,CSU,17
Sabine Stüber,DIE LINKE,17
Alexander Süßmair,DIE LINKE,17
Serkan Tören,FDP,17
Stefanie Vogelsang,CDU,17
Yvonne Ploetz,DIE LINKE,17
Ewa Klamt,CDU,17
Christiane Ratjen-Damerau,FDP,17
Holger Krestel,FDP,17
Johanna Voß,DIE LINKE,17
Ingo Egloff,SPD,17
Till Seiler,GRÜNE,17
Ulrich Schneider,GRÜNE,17
Jörg Polheim,FDP,17
Arfst Wagner,GRÜNE,17
Hans-Werner Ehrenberg,FDP,17
Susanne Kieckbusch,GRÜNE,17
Gerhard Drexler,FDP,17
Philipp Rösler,FDP,17
Hans-Jürgen Beerfeltz,FDP,17
Ulrich Adam,CDU,16
Gerd Andres,SPD,16
Wolf Bauer,CDU,16
Renate Blank,CSU,16
Jochen Borchert,CDU,16
Gerhard Botz,SPD,16
Georg Brunnhuber,CDU,16
Marion Caspers-Merk,SPD,16
Herta Däubler-Gmelin,SPD,16
Karl Diller,SPD,16
Maria Eichhorn,CSU,16
Ursula Eid-Simon,GRÜNE,16
Uschi Eid,GRÜNE,16
Anke Eymer,CDU,16
Ilse Falk,CDU,16
Joseph Fischer,GRÜNE,16
Horst Friedrich,FDP,16
Reinhard Göhner,CDU,16
Achim Großmann,SPD,16
Christel Hanewinckel,SPD,16
Christel Riemann-Hanewinckel,SPD,16
Stephan Hilsberg,SPD,16
Lothar Ibrügger,SPD,16
Susanne Jaffke,CDU,16
Susanne Jaffke-Witt,CDU,16
Walter Kolbow,SPD,16
Uwe Küster,SPD,16
Helmut Lamp,CDU,16
Eduard Lintner,CSU,16
Klaus W. Lippold,CDU,16
Klaus Lippold,CDU,16
Wolfgang Meckelburg,CDU,16
Michael Müller,SPD,16
Detlef Parr,FDP,16
Peter Paziorek,CDU,16
Friedbert Pflüger,CDU,16
Hans Raidel,CSU,16
Franz Romer,CDU,16
Kurt J. Rossmanith,CSU,16
Kurt Rossmanith,CSU,16
Otto Schily,SPD,16
Bernd Schmidbauer,CDU,16
Andreas Schmidt,CDU,16
Renate Schmidt,SPD,16
Gerhard Schröder,SPD,16
Horst Seehofer,CSU,16
Ludwig Stiegler,SPD,16
Peter Struck,SPD,16
Gunter Weißgerber,SPD,16
Hildegard Wester,SPD,16
Lydia Westrich,SPD,16
Margrit Wetzel,SPD,16
Willy Wimmer,CDU,16
Matthias Wissmann,CDU,16
Ernst Bahr,SPD,16
Matthias Berninger,GRÜNE,16
Hubert Deittert,CDU,16
Annette Faße,SPD,16
Dieter Grasedieck,SPD,16
Alfred Hartenbach,SPD,16
Reinhold Hemker,SPD,16
Gerd Höfer,SPD,16
Eike Hovermann,SPD,16
Brunhilde Irber,SPD,16
Monika Knoche,DIE LINKE,16
Norbert Königshofen,CDU,16
Volker Kröning,SPD,16
Waltraud Lehn,SPD,16
Ursula Mogg,SPD,16
Winfried Nachtwei,GRÜNE,16
Hartmut Schauerte,CDU,16
Irmingard Schewe-Gerigk,GRÜNE,16
Dagmar Schmidt,SPD,16
Heinz Schmitt,SPD,16
Reinhard Schultz,SPD,16
Wilhelm Josef Sebastian,CDU,16
Wolfgang Spanier,SPD,16
Jörg-Otto Spiller,SPD,16
Rainder Steenblock,GRÜNE,16
Andreas Storm,CDU,16
Jörg Tauss,Plos,16
Jella Teuchner,SPD,16
Wolfgang Wodarg,SPD,16
Margareta Wolf-Mayer,GRÜNE,16
Margareta Wolf,GRÜNE,16
Heidemarie Wright,SPD,16
Heidi Wright,SPD,16
Marion Seib,CSU,16
Michael Bürsch,SPD,16
Axel Berg,SPD,16
Otto Bernhardt,CDU,16
Petra Bierwirth,SPD,16
Kurt Bodewig,SPD,16
Roland Claus,DIE LINKE,16
Thea Dückert,GRÜNE,16
Detlef Dzembritzki,SPD,16
Hans Georg Faust,CDU,16
Rainer Fornahl,SPD,16
Jochen-Konrad Fromme,CDU,16
Jürgen Gehb,CDU,16
Renate Gradistanac,SPD,16
Monika Griefahn,SPD,16
Wolfgang Grotthaus,SPD,16
Nina Hauer,SPD,16
Klaus Hofbauer,CSU,16
Iris Hoffmann,SPD,16
Ulrich Kasparick,SPD,16
Karin Kortmann,SPD,16
Ina Lenke,FDP,16
Reinhard Loske,GRÜNE,16
Lothar Mark,SPD,16
Ulrike Merten,SPD,16
Ulrike Merten-Hamann,SPD,16
Bernward Müller,CDU,16
Margrit Spielmann,SPD,16
Ditmar Staffelt,SPD,16
Rolf Stöckel,SPD,16
Joachim Stünker,SPD,16
Simone Violka,SPD,16
Hedi Wegener,SPD,16
Gerald Weiß,CDU,16
Rainer Wend,SPD,16
Engelbert Wistuba,SPD,16
Werner Wittlich,CDU,16
Grietje Bettin,GRÜNE,16
Grietje Staffelt,GRÜNE,16
Frank Schmidt (Weilburg),SPD,16
Frank Schmidt,SPD,16
Antje Blumenthal,CDU,16
Lale Akgün,SPD,16
Klaus Uwe Benneter,SPD,16
Ute Berg,SPD,16
Monika Brüning,CDU,16
Hans Eichel,SPD,16
Georg Fahrenschon,CSU,16
Gabriele Frechen,SPD,16
Ralf Göbel,CDU,16
Petra Heß,SPD,16
Peter Hettlich,GRÜNE,16
Bernd Heynemann,CDU,16
Klaas Hübner,SPD,16
Peter Jahr,CDU,16
Rolf Kramer,SPD,16
Ernst Kranz,SPD,16
Markus Löning,FDP,16
Hildegard Müller,CDU,16
Gesine Multhaupt,SPD,16
Henry Nitzsche,Plos,16
Erika Ober,SPD,16
Walter Riester,SPD,16
Ortwin Runde,SPD,16
Peter Rzepka,CDU,16
Kurt Segner,CDU,16
Silke Stokar von Neuforn,GRÜNE,16
Hans-Jürgen Uhl,SPD,16
Jörg Vogelsänger,SPD,16
Gerhard Wächter,CDU,16
Andreas Weigel,SPD,16
Petra Weis,SPD,16
Karl Addicks,FDP,16
Carl-Eduard Bismarck,CDU,16
Peter Albach,CDU,16
Gregor Amann,SPD,16
Hüseyin-Kenan Aydin,DIE LINKE,16
Uwe Barth,FDP,16
Günther Beckstein,CSU,16
Lothar Bisky,DIE LINKE,16
Volker Blumentritt,SPD,16
Christian Carstensen,SPD,16
Carl-Christian Dressel,SPD,16
Lutz Heilmann,DIE LINKE,16
Lutz Delazari Heilmann,DIE LINKE,16
Hans-Kurt Hill,DIE LINKE,16
Cornelia Hirsch,DIE LINKE,16
Hans-Heinrich Jordan,CDU,16
Johannes Jung,SPD,16
Hakki Keskin,DIE LINKE,16
Christian Kleiminger,SPD,16
Johann-Henrich Krummacher,CDU,16
Jürgen Kucharczyk,SPD,16
Helga Lopez,SPD,16
Eva Möllring,CDU,16
Marko Mühlstein,SPD,16
Peter Müller,CDU,16
Norman Paech,DIE LINKE,16
Bodo Ramelow,DIE LINKE,16
Steffen Reiche,SPD,16
Maik Reichel,SPD,16
Elke Reinke,DIE LINKE,16
Jörg Rohde,FDP,16
Konrad Schily,FDP,16
Ingo Schmitt,CDU,16
Volker Schneider,DIE LINKE,16
Frank Spieth,DIE LINKE,16
Andreas Steppuhn,SPD,16
Edmund Stoiber,CSU,16
Rainer Tabillion,SPD,16
Jörn Thießen,SPD,16
Christoph Waitz,FDP,16
Gert Winkelmeier,DIE LINKE,16
Martin Zeil,FDP,16
Christoph Pries,SPD,16
Clemens Bollen,SPD,16
Hermann-Josef Scharf,CDU,16
Hans Peter Thul,CDU,16
Dieter Steinecke,SPD,16
Stephan Eisel,CDU,16
Steffen Hultsch,DIE LINKE,16
Erich Stather,SPD,16
Dietrich Austermann,CDU,15
Hermann Bachmaier,SPD,15
Rudolf Bindig,SPD,15
Wolfgang Bötsch,CSU,15
Paul Breuer,CDU,15
Hans Büttner,SPD,15
Hartmut Büttner,CDU,15
Hans Martin Bury,SPD,15
Manfred Carstens,CDU,15
Peter H. Carstensen,CDU,15
Peter Carstensen,CDU,15
Albert Deß,CSU,15
Rainer Eppelmann,CDU,15
Rainer Funke,FDP,15
Karlheinz Guttmacher,FDP,15
Karl Hermann Haack,SPD,15
Klaus-Jürgen Hedrich,CDU,15
Ulrich Heinrich,FDP,15
Renate Jäger,SPD,15
Irmgard Karwatzki,CDU,15
Hans-Peter Kemper,SPD,15
Klaus Kirschner,SPD,15
Rudolf Kraus,CSU,15
Horst Kubatschka,SPD,15
Karl-Josef Laumann,CDU,15
Walter Link,CDU,15
Christine Lucyga,SPD,15
Michael Luther,CDU,15
Erwin Marschewski,CDU,15
Martin Mayer,CSU,15
Ulrike Mehl,SPD,15
Jürgen W. Möllemann,FDP,15
Jürgen Möllemann,FDP,15
Christian Müller,SPD,15
Volker Neumann,SPD,15
Christa Nickels,GRÜNE,15
Claudia Nolte,CDU,15
Claudia Crawford,CDU,15
Günther Friedrich Nolting,FDP,15
Peter Rauen,CDU,15
Hans-Peter Repnik,CDU,15
Klaus Rose,CSU,15
Volker Rühe,CDU,15
Gudrun Schaich-Walch,SPD,15
Siegfried Scheffler,SPD,15
Horst Schmidbauer,SPD,15
Wilhelm Schmidt,SPD,15
Walter Schöler,SPD,15
Gisela Schröter,SPD,15
Gisela Hilbrecht,SPD,15
Brigitte Traupe,SPD,15
Brigitte Schulte,SPD,15
Werner Schulz,GRÜNE,15
Marita Sehn,FDP,15
Erika Simm,SPD,15
Sigrid Skarpelis-Sperk,SPD,15
Cornelie Sonntag-Wolgast,SPD,15
Gerald Thalheim,SPD,15
Dieter Thomae,FDP,15
Jürgen Türk,FDP,15
Antje Vollmer,GRÜNE,15
Ludger Volmer,GRÜNE,15
Hans Georg Wagner,SPD,15
Reinhard Weis,SPD,15
Matthias Weisheit,SPD,15
Jochen Welt,SPD,15
Hans-Joachim Welt,SPD,15
Inge Wettig-Danielmeier,SPD,15
Verena Wohlleben,SPD,15
Verena Künstel-Wohlleben,SPD,15
Elke Wülfing,CDU,15
Wolfgang Zeitlmann,CSU,15
Christoph Zöpel,SPD,15
Hans-Werner Bertl,SPD,15
Peter Dreßen,SPD,15
Franziska Eichstädt-Bohlig,GRÜNE,15
Kurt-Dieter Grill,CDU,15
Antje Hermenau,GRÜNE,15
Monika Heubaum,SPD,15
Jelena Hoffmann,SPD,15
Michaele Hustedt,GRÜNE,15
Barbara Imhof,SPD,15
Jann-Peter Janssen,SPD,15
Werner Kuhn,CDU,15
Vera Wollenberger,CDU,15
Vera Lengsfeld,CDU,15
Werner Lensing,CDU,15
Elke Leonhard-Schmid,SPD,15
Elke Leonhard,SPD,15
Peter Letzgus,CDU,15
Erika Lotz,SPD,15
Angelika Mertens,SPD,15
Simone Probst,GRÜNE,15
Helmut Rauber,CDU,15
Karin Rehbock-Zureich,SPD,15
Christa Reichard,CDU,15
Günter Rexrodt,FDP,15
Reinhold Robbe,SPD,15
Heinrich-Wilhelm Ronsöhr,CDU,15
Gerhard Rübenkönig,SPD,15
Rudolf Scharping,SPD,15
Horst Schild,SPD,15
Rezzo Schlauch,GRÜNE,15
Albert Schmidt,GRÜNE,15
Heinz Seiffert,CDU,15
Uwe Göllner,SPD,15
Eckhardt Barthel,SPD,15
Hans-Günter Bruckmann,SPD,15
Marga Elser,SPD,15
Hans Forster,SPD,15
Lilo Friedrich,SPD,15
Georg Girisch,CSU,15
Anke Hartnagel,SPD,15
Klaus Haupt,FDP,15
Siegfried Helias,CDU,15
Walter Hoffmann,SPD,15
Ernst Küchler,SPD,15
Christine Lehder,SPD,15
Eckhart Lewering,SPD,15
Ursula Lietz,CDU,15
Götz-Peter Lohmann,SPD,15
Tobias Marhold,SPD,15
Günter Nooke,CDU,15
Thomas Sauer,SPD,15
Karsten Schönfeld,SPD,15
Fritz Schösser,SPD,15
Dorothea Störr-Ritter,CDU,15
Rita Streb-Hesse,SPD,15
Edeltraut Töpfer,CDU,15
Angelika Volquartz,CDU,15
Ernst Ulrich Weizsäcker,SPD,15
Jürgen Wieczorek,SPD,15
Brigitte Wimmer,SPD,15
Barbara Wittig,SPD,15
Albrecht Feibel,CDU,15
Rolf Bietmann,CDU,15
Verena Butalikakis,CDU,15
Vera Dominke,CDU,15
Jutta Dümpe-Krüger,GRÜNE,15
Christian Eberl,FDP,15
Roland Gewalt,CDU,15
Tanja Gönner,CDU,15
Christoph Hartmann,FDP,15
Klaus Werner Jonas,SPD,15
Gerlinde Kaupa,CSU,15
Heinz Köhler,SPD,15
Fritz Kuhn,GRÜNE,15
Conny Mayer,CDU,15
Conny Mayer-Bonde,CDU,15
Laurenz Meyer,CDU,15
Doris Meyer,CSU,15
Klaus Minkel,CDU,15
Eberhard Otto,FDP,15
Andreas Pinkwart,FDP,15
Hannelore Roedel,CSU,15
Wilfried Schreck,SPD,15
Matthias Sehling,CSU,15
Petra Selg,GRÜNE,15
Ursula Sowa,GRÜNE,15
Melanie Oßwald,CSU,15
Melanie Oßwald-Stößlein,CSU,15
Marianne Tritz,GRÜNE,15
Hubert Ulrich,GRÜNE,15
Antje Vogel-Sperl,GRÜNE,15
Ingo Wolf,FDP,15
Angela Schmid,CDU,15
Martina Eickhoff,SPD,15
Jutta Krüger-Jacob,GRÜNE,15
Jutta Krüger,GRÜNE,15
Roland Dieckmann,CDU,15
Michael Terwiesche,FDP,15
Brigitte Adler,SPD,14
Ina Albowitz,FDP,14
Ina Albowitz-Freytag,FDP,14
Brigitte Baumeister,CDU,14
Ingrid Becker-Inglau,SPD,14
Angelika Beer,GRÜNE,14
Meinrad Belle,CDU,14
Sabine Bergmann-Pohl,CDU,14
Friedhelm Julius Beucher,SPD,14
Hans-Dirk Bierling,CDU,14
Joseph-Theodor Blank,CDU,14
Heribert Blens,CDU,14
Norbert Blüm,CDU,14
Friedrich Bohl,CDU,14
Anni Brandt-Elsweier,SPD,14
Monika Brudlewsky,CDU,14
Klaus Bühler,CDU,14
Dankward Buwitt,CDU,14
Wolf-Michael Catenhusen,SPD,14
Wolfgang Dehnel,CDU,14
Renate Diemers,CDU,14
Hansjürgen Doss,CDU,14
Rudolf Dreßler,SPD,14
Peter Eckardt,SPD,14
Ludwig Eich,SPD,14
Lothar Fischer,SPD,14
Norbert Formanski,SPD,14
Klaus Francke,CDU,14
Anke Fuchs,SPD,14
Ruth Fuchs,PDS,14
Arne Fuhrmann,SPD,14
Monika Ganseforth,SPD,14
Michaela Geiger,CSU,14
Heiner Geißler,CDU,14
Konrad Gilges,SPD,14
Günter Graf,SPD,14
Horst Günther,CDU,14
Gerald Häfner,GRÜNE,14
Carl-Detlev Hammerstein,CDU,14
Manfred Hampel,SPD,14
Gottfried Haschke,CDU,14
Klaus Hasenfratz,SPD,14
Hansgeorg Hauser,CSU,14
Helmut Haussmann,FDP,14
Manfred Heise,CDU,14
Reinhold Hiller,SPD,14
Josef Hollerith,CSU,14
Karl-Heinz Hornhues,CDU,14
Siegfried Hornung,CDU,14
Ulrich Irmer,FDP,14
Gabriele Iwersen,SPD,14
Georg Janovsky,CDU,14
Ilse Janz,SPD,14
Uwe Jens,SPD,14
Volker Jung,SPD,14
Harald Kahl,CDU,14
Marianne Klappert,SPD,14
Siegrun Klemmer,SPD,14
Ulrich Klinkert,CDU,14
Helmut Kohl,CDU,14
Eva-Maria Kors,CDU,14
Paul Krüger,CDU,14
Karl Lamers,CDU,14
Brigitte Lange,SPD,14
Detlev Larcher,SPD,14
Paul Laufs,CDU,14
Robert Leidinger,SPD,14
Klaus Lennartz,SPD,14
Helmut Lippelt,GRÜNE,14
Manfred Lischewski,CDU,14
Christa Lörcher,SPD,14
Wolfgang Lohmann,CDU,14
Julius Louven,CDU,14
Dieter Maaß,SPD,14
Erich Maaß,CDU,14
Ulrike Mascher,SPD,14
Ingrid Matthäus-Maier,SPD,14
Heide Mattischeck,SPD,14
Jürgen Meyer,SPD,14
Meinolf Michels,CDU,14
Siegmar Mosdorf,SPD,14
Elmar Müller,CDU,14
Jutta Müller,SPD,14
Gerhard Neumann,SPD,14
Edith Niehuis,SPD,14
Rolf Niese,SPD,14
Günter Oesinghaus,SPD,14
Manfred Opel,SPD,14
Friedhelm Ost,CDU,14
Adolf Ostertag,SPD,14
Christine Ostrowski,PDS,14
Norbert Otto,CDU,14
Kurt Palis,SPD,14
Willfried Penner,SPD,14
Martin Pfaff,SPD,14
Anton Pfeifer,CDU,14
Eckhart Pick,SPD,14
Bernd Protzner,CSU,14
Dieter Pützhofen,CDU,14
Erika Reinhardt,CDU,14
Margot Renesse,SPD,14
Renate Rennebach,SPD,14
Bernd Reuter,SPD,14
Edelbert Richter,SPD,14
Hannelore Rönsch,CDU,14
Adolf Roth,CDU,14
Jürgen Rüttgers,CDU,14
Heinz Schemken,CDU,14
Christina Schenk,PDS,14
Christian Schenk,PDS,14
Gerhard Scheu,CSU,14
Dieter Schloten,SPD,14
Joachim Schmidt,CDU,14
Regina Schmidt-Zadel,SPD,14
Hans Peter Schmitz,CDU,14
Michael Schmude,CDU,14
Emil Schnell,SPD,14
Rupert Scholz,CDU,14
Reinhard Schorlemer,CDU,14
Dietmar Schütz,SPD,14
Wolfgang Schulhoff,CDU,14
Gerhard Schulz,CDU,14
R. Werner Schuster,SPD,14
Irmgard Adam-Schwaetzer,FDP,14
Irmgard Schwaetzer,FDP,14
Clemens Schwalbe,CDU,14
Ernst Schwanhold,SPD,14
Christian Schwarz-Schilling,CDU,14
Bodo Seidenthal,SPD,14
Rudolf Seiters,CDU,14
Hermann Otto Solms,FDP,14
Wieland Sorge,SPD,14
Bärbel Sothmann,CDU,14
Carl-Dieter Spranger,CSU,14
Antje-Marie Steen,SPD,14
Wolfgang Stetten,CDU,14
Rita Süssmuth,CDU,14
Joachim Tappe,SPD,14
Uta Titze-Stecher,SPD,14
Gunnar Uldall,CDU,14
Hans-Eberhard Urbaniak,SPD,14
Theodor Waigel,CSU,14
Konstanze Wegner,SPD,14
Wolfgang Weiermann,SPD,14
Helmut Wieczorek,SPD,14
Norbert Wieczorek,SPD,14
Bernd Wilz,CDU,14
Hanna Wolf,SPD,14
Peter Kurt Würzbach,CDU,14
Benno Zierer,CSU,14
Peter Zumkley,SPD,14
Gisela Altmann,GRÜNE,14
Wolfgang Behrendt,SPD,14
Wolfgang Bierstedt,PDS,14
Maritta Böttcher,PDS,14
Hildebrecht Braun,FDP,14
Annelie Buntenbach,GRÜNE,14
Christel Deichmann,SPD,14
Amke Dietert-Scheuer,GRÜNE,14
Wilhelm Dietzel,CDU,14
Peter Enders,SPD,14
Ulf Fink,CDU,14
Andrea Fischer,GRÜNE,14
Iris Follak,SPD,14
Gisela Frick,FDP,14
Gerhard Friedrich,CSU,14
Rita Grießhaber,GRÜNE,14
Kristin Heyne,GRÜNE,14
Uwe Hiksch,PDS,14
Walter Hirche,FDP,14
Ingrid Holzhüter,SPD,14
Peter Jacoby,CDU,14
Gerhard Jüttemann,PDS,14
Manfred Kanther,CDU,14
Sabine Kaspereit,SPD,14
Klaus Kinkel,FDP,14
Heidi Knake-Werner,PDS,14
Angelika Köster-Loßack,GRÜNE,14
Konrad Kunick,SPD,14
Rolf Kutzmutz,PDS,14
Werner Labsch,SPD,14
Heidemarie Lüth,PDS,14
Christa Luft,PDS,14
Winfried Mante,SPD,14
Oswald Metzger,GRÜNE,14
Manfred Müller,PDS,14
Rosel Neuhäuser,PDS,14
Leyla Onur,SPD,14
Albrecht Papenroth,SPD,14
Georg Pfannenstein,SPD,14
Marlies Pretzlaff,CDU,14
Uwe-Jens Rössel,PDS,14
Hansjörg Schäfer,SPD,14
Karl-Heinz Scherhag,CDU,14
Dietmar Schlee,CDU,14
Edzard Schmidt-Jortzig,FDP,14
Birgit Schnieber-Jastram,CDU,14
Mathias Schubert,SPD,14
Erika Schuchardt,CDU,14
Diethard Schütze,CDU,14
Richard Schuhmann,SPD,14
Volkmar Schultz,SPD,14
Ilse Schumann,SPD,14
Margarete Späte,CDU,14
Wolfgang Steiger,CDU,14
Christian Sterzing,GRÜNE,14
Susanne Tiemann,CDU,14
Adelheid Tröscher,SPD,14
Helmut Wilhelm,GRÜNE,14
Hans-Otto Wilhelm,CDU,14
Gert Willner,CDU,14
Winfried Wolf,PDS,14
Detlef Helling,CDU,14
Monika Balt,PDS,14
Monika Thiel,PDS,14
Sylvia Bonitz,CDU,14
Sylvia Sauer,CDU,14
Rainer Brinkmann,SPD,14
Dieter Dzewas,SPD,14
Heidemarie Ehlert,PDS,14
Heinrich Fink,PDS,14
Peter Friedrich,SPD,14
Harald Friese,SPD,14
Fred Gebhardt,PDS,14
Klaus Grehn,PDS,14
Norbert Hauser,CDU,14
Frank Hempel,SPD,14
Hans Jochen Henke,CDU,14
Klaus Holetschek,CSU,14
Carsten Hübner,PDS,14
Sabine Jünger,PDS,14
Sabine Krentzlin,PDS,14
Evelyn Kenzler,PDS,14
Heidi Lippmann-Kasten,PDS,14
Heidi Lippmann,PDS,14
Dirk Manzewski,SPD,14
Angela Marquardt,PDS,14
Christoph Moosbauer,SPD,14
Klaus Wolfgang Müller,GRÜNE,14
Eckhard Ohl,SPD,14
Birgit Roth,SPD,14
Gerhard Schüßler,FDP,14
Gustav-Adolf Schur,PDS,14
Werner Siemann,CDU,14
Christian Simmert,GRÜNE,14
Sylvia Voß,GRÜNE,14
Heinz Wiese,CDU,14
Heino Wiese,SPD,14
Klaus Wiesehügel,SPD,14
Aribert Wolf,CSU,14
Gudrun Roos,SPD,14
Reinhold Strobl,SPD,14
Pia Maier,PDS,14
Bärbel Grygier,PDS,14
Gudrun Serowiecki,FDP,14
Gudrun Teickner,FDP,14
Wolfgang Clement,SPD,14
Christina Weiss,fraktionslos,14
Julian Nida-Rümelin,SPD,14
Michael Naumann,SPD,14
Robert Antretter,SPD,13
Anneliese Augustin,CDU,13
Jürgen Augustinowitz,CDU,13
Gisela Babel,FDP,13
Heinz-Günter Bargfrede,CDU,13
Hans Berger,SPD,13
Hans Gottfried Bernrath,SPD,13
Petra Bläss-Rafajlovski,PDS,13
Lieselott Blunck,SPD,13
Ulrich Böhme,SPD,13
Arne Börnsen,SPD,13
Günther Bredehorn,FDP,13
Peter Conradi,SPD,13
Gertrud Dempwolf,CDU,13
Marliese Dobberthien,SPD,13
Werner Dörflinger,CDU,13
Alfred Dregger,CDU,13
Freimut Duve,SPD,13
Wolfgang Engelmann,CDU,13
Horst Eylmann,CDU,13
Kurt Faltlhauser,CSU,13
Jochen Feilcke,CDU,13
Olaf Feldmann,FDP,13
Karl H. Fell,CDU,13
Karl Fell,CDU,13
Leni Fischer,CDU,13
Katrin Fuchs,SPD,13
Norbert Gansel,SPD,13
Hans-Dietrich Genscher,FDP,13
Peter Glotz,SPD,13
Joachim Gres,CDU,13
Wolfgang Gröbl,CSU,13
Claus-Peter Grotz,CDU,13
Liesel Hartenstein,SPD,13
Ingomar Hauchler,SPD,13
Rainer Haungs,CDU,13
Otto Hauser,CDU,13
Renate Hellwig,CDU,13
Uwe-Jens Heuer,PDS,13
Burkhard Hirsch,FDP,13
Heinz-Adolf Hörsken,CDU,13
Erwin Horn,SPD,13
Dionys Jobst,CSU,13
Rainer Jork,CDU,13
Michael Jung,CDU,13
Ulrich Junghanns,CDU,13
Ernst Kastning,SPD,13
Peter Keller,CSU,13
Hans Klein,CSU,13
Detlef Kleinert,FDP,13
Hans-Hinrich Knaape,SPD,13
Hans-Ulrich Köhler,CDU,13
Roland Kohn,FDP,13
Manfred Koslowski,CDU,13
Wolfgang Krause,CDU,13
Arnulf Kriedner,CDU,13
Heinz-Jürgen Kronberg,CDU,13
Reiner Krziskewitz,CDU,13
Eckart Kuhlwein,SPD,13
Karl-Hans Laermann,FDP,13
Otto Lambsdorff,FDP,13
Herbert Lattmann,CDU,13
Andrea Lederer,PDS,13
Andrea Gysi,PDS,13
Christian Lenzer,CDU,13
Editha Limbach,CDU,13
Klaus Lohmann,SPD,13
Uwe-Bernd Lühr,FDP,13
Heinrich Lummer,CDU,13
Dietrich Mahlo,CDU,13
Claire Marienfeld-Czesla,CDU,13
Günter Marten,CDU,13
Dorle Marx,SPD,13
Markus Meckel,SPD,13
Rudolf Meinl,CDU,13
Engelbert Nelle,CDU,13
Johannes Nitsch,CDU,13
Doris Odendahl,SPD,13
Rolf Olderog,CDU,13
Rainer Ortleb,FDP,13
Rainer Solka,FDP,13
Gerhard Päselt,CDU,13
Hans-Wilhelm Pesch,CDU,13
Lisa Peters,FDP,13
Angelika Pfeiffer,CDU,13
Gero Pfennig,CDU,13
Winfried Pinger,CDU,13
Hermann Pohler,CDU,13
Gerd Poppe,GRÜNE,13
Albert Probst,CSU,13
Rudolf Purps,SPD,13
Hermann Rappe,SPD,13
Rolf Rau,CDU,13
Otto Regenspurger,CSU,13
Bertold Reinartz,CDU,13
Otto Reschke,SPD,13
Norbert Rieder,CDU,13
Erich Riedl,CSU,13
Günter Rixe,SPD,13
Klaus Röhl,FDP,13
Hannelore Saibold,GRÜNE,13
Roland Sauer,CDU,13
Helmut Schäfer,FDP,13
Ortrun Schätzle,CDU,13
Dieter Schanz,SPD,13
Günter Schluckebier,SPD,13
Ulrich Schmalz,CDU,13
Cornelia Schmalz-Jacobsen,FDP,13
Waltraud Schoppe,GRÜNE,13
Dieter Schulte,CDU,13
Wilfried Seibel,CDU,13
Lisa Seuster,SPD,13
Horst Sielaff,SPD,13
Jürgen Sikora,CDU,13
Johannes Singer,SPD,13
Dietrich Sperling,SPD,13
Gerhard Stoltenberg,CDU,13
Manfred Such,GRÜNE,13
Egon Susset,CDU,13
Margitta Terborg,SPD,13
Klaus Töpfer,CDU,13
Klaus Dieter Uelhoff,CDU,13
Siegfried Vergin,SPD,13
Wolfgang Vogt,CDU,13
Karsten D. Voigt,SPD,13
Karsten Voigt,SPD,13
Josef Vosen,SPD,13
Horst Waffenschmidt,CDU,13
Alois Waldburg-Zeil,CDU,13
Hans Wallow,SPD,13
Jürgen Warnke,CSU,13
Wolfgang Weng,FDP,13
Kersten Wetzel,CDU,13
Berthold Wittich,SPD,13
Fritz Wittmann,CSU,13
Simon Wittmann,CSU,13
Michael Wonneberger,CDU,13
Cornelia Yzer,CDU,13
Elisabeth Altmann,GRÜNE,13
Franz-Peter Basten,CDU,13
Rudolf Braun,CDU,13
Tilo Braune,SPD,13
Heinrich Einsiedel,PDS,13
Ludwig Elm,PDS,13
Heinz-Dieter Eßmann,CDU,13
Wilma Glücklich,CDU,13
Wilma Glücklich-Rusche,CDU,13
Stefan Heym,Plos,13
Wolfgang Ilte,SPD,13
Willibald Jacob,PDS,13
Helmut Jawurek,CSU,13
Manuel Kiper,GRÜNE,13
Bernd Klaußner,CDU,13
Rolf Köhne,PDS,13
Andreas Krautscheid,CDU,13
Thomas Krüger,SPD,13
Christine Kurzhals,SPD,13
Sigrun Löwisch,CDU,13
Günther Maleuda,PDS,13
Herbert Meißner,SPD,13
Rudolf Meyer,CDU,13
Kerstin Müller,GRÜNE,13
Kurt Neumann,SPD,13
Klaus Dieter Reichardt,CDU,13
Roland Richter,CDU,13
Roland Richwien,CDU,13
Jürgen Rochlitz,GRÜNE,13
Hans-Otto Schmiedeberg,CDU,13
Wolfgang Schmitt,GRÜNE,13
Ursula Schönberger,GRÜNE,13
Frederick Schulze,CDU,13
Marina Steindor,GRÜNE,13
Bodo Teichmann,SPD,13
Michael Teiser,CDU,13
Dietmar Thieser,SPD,13
Steffen Tippach,PDS,13
Gottfried Tröger,CDU,13
Klaus-Jürgen Warnick,PDS,13
Gerhard Zwerenz,PDS,13
Hanns-Peter Hartmann,PDS,13
Egbert Nitsch,GRÜNE,13
Elke Holzapfel,CDU,13
Eva Folta,SPD,13
Annegret Kramp-Karrenbauer,CDU,13
Jens Heinzig,SPD,13
Gerhard Bauer,SPD,13
Werner Tegtmeier,SPD,13
Jürgen Stark,fraktionslos,13
Hans-Friedrich von Ploetz,fraktionslos,13
Else Ackermann,CDU,12
Peter Alltschekow,SPD,12
Walter Altherr,CDU,12
Angelika Barbe,SPD,12
Holger Bartsch,SPD,12
Gerhart Rudolf Baum,FDP,12
Richard Bayha,CDU,12
Helmuth Becker,SPD,12
Klaus Beckmann,FDP,12
Walter Bersch,SPD,12
Michaela Blunk,FDP,12
Thea Bock,SPD,12
Wilfried Böhm,CDU,12
Wilfried Bohlsen,CDU,12
Jutta Braband,PDS/LL,12
Willy Brandt,SPD,12
Ulrich Briefs,PDS/LL,12
Hans Büchler,SPD,12
Peter Büchner,SPD,12
Andreas Bülow,SPD,12
Joachim Clemens,CDU,12
Dieter-Julius Cronenberg,FDP,12
Klaus Daubertshäuser,SPD,12
Nils Diederich,SPD,12
Hubert Doppmeier,CDU,12
Eike Ebert,SPD,12
Jürgen Echternach,CDU,12
Wolfgang Ehlers,CDU,12
Horst Ehmke,SPD,12
Udo Ehrbar,CDU,12
Norbert Eimer,FDP,12
Konrad Elmer,SPD,12
Hans A. Engelhard,FDP,12
Hans Engelhard,FDP,12
Wolfgang Erler,CDU,12
Helmut Esters,SPD,12
Carl Ewen,SPD,12
Klaus-Dieter Feige,GRÜNE,12
Evelin Fischer,SPD,12
Ursula Fischer,PDS/LL,12
Winfried Fockenberg,CDU,12
Margret Funke-Schmitt-Rink,FDP,12
Georg Gallus,FDP,12
Jörg Wolfgang Ganschow,FDP,12
Jörg Wolfgang Winter,FDP,12
Johannes Ganz,CDU,12
Hans H. Gattermann,FDP,12
Hans Gattermann,FDP,12
Fritz Gautier,SPD,12
Sissy Geiger,CDU,12
Hans Geisler,CDU,12
Wolfgang Geldern,CDU,12
Florian Gerster,SPD,12
Johannes Gerster,CDU,12
Horst Gibtner,CDU,12
Rose Götte,SPD,12
Martin Göttsching,CDU,12
Ekkehard Gries,FDP,12
Elisabeth Grochtmann,CDU,12
Josef Grünbeck,FDP,12
Martin Grüner,FDP,12
Joachim Grünewald,CDU,12
Michael Habermann,SPD,12
Heinz Dieter Hackel,FDP,12
Gerlinde Hämmerle,SPD,12
Lothar Handschack,CDU,12
Dirk Hansen,FDP,12
Klaus Harries,CDU,12
Udo Haschke,CDU,12
Herbert Helmrich,CDU,12
Bernd Henn,PDS/LL,12
Ottfried Hennig,CDU,12
Adolf Herkenrath,CDU,12
Norbert Herr,CDU,12
Günther Heyenn,SPD,12
Maria Anna Hiebing,CDU,12
Walter Hitschler,FDP,12
Paul Hoffacker,CDU,12
Uwe Holtz,SPD,12
Sigrid Hoth,FDP,12
Heinz Werner Hübner,FDP,12
Gunter Huonker,SPD,12
Claus Jäger,CDU,12
Bernhard Jagoda,CDU,12
Friedrich-Adolf Jahn,CDU,12
Ulrich Janzen,SPD,12
Horst Jaunich,SPD,12
Karin Jeltsch,CDU,12
Jens Jordan,FDP,12
Horst Jungmann,SPD,12
Franz-Hermann Kappes,CDU,12
Dietmar Keller,PDS/LL,12
Ignaz Kiechle,CSU,12
Peter Kittelmann,CDU,12
Günter Klein,CDU,12
Karl-Heinz Klejdzinski,SPD,12
Volkmar Köhler,CDU,12
Ingrid Köppe,GRÜNE,12
Regina Kolbe,SPD,12
Rolf Koltzsch,SPD,12
Hans Koschnick,SPD,12
Günther Krause,CDU,12
Rudolf Karl Krause,CDU,12
Volkmar Kretkowski,SPD,12
Franz Heinrich Krey,CDU,12
Klaus Kübler,SPD,12
Hinrich Kuessner,SPD,12
Uwe Lambinus,SPD,12
Klaus-Heiner Lehne,CDU,12
Ursula Maria Lehr,CDU,12
Immo Lieberoth,CDU,12
Ortwin Lowack,CSU,12
Wolfgang Lüder,FDP,12
Ursula Männle,CSU,12
Theo Magin,CDU,12
Lothar Maizière,CDU,12
Dietmar Matterne,SPD,12
Bruno Menzel,FDP,12
Franz-Josef Mertens,SPD,12
Hedda Meseke,CDU,12
Hedda Wedel,CDU,12
Reinhard Meyer zu Bentrup,CDU,12
Klaus Mildner,CDU,12
Wolfgang Mischnick,FDP,12
Hans Modrow,PDS/LL,12
Franz Möller,CDU,12
Thomas Molnar,CDU,12
Albrecht Müller,SPD,12
Alfons Müller,CDU,12
Günther Müller,CSU,12
Hans-Werner Müller,CDU,12
Rudolf Müller,SPD,12
Christian Neuling,CDU,12
Erhard Niedenthal,CDU,12
Horst Niggemeier,SPD,12
Heike Niggemeyer,SPD,12
Jan Oostergetelo,SPD,12
Helga Otto,SPD,12
Johann Paintner,FDP,12
Peter Paterna,SPD,12
Horst Peter,SPD,12
Gerhard O. Pfeffermann,CDU,12
Gerhard Pfeffermann,CDU,12
Albert Pfuhl,SPD,12
Ingeborg Philipp,PDS,12
Eva Pohl,FDP,12
Rosemarie Priebus,CDU,12
Susanne Rahardt-Vahldieck,CDU,12
Wilhelm Rawe,CDU,12
Gerhard Reddemann,CDU,12
Klaus Reichenbach,CDU,12
Manfred Reimann,SPD,12
Walter Rempe,SPD,12
Peter W. Reuschenbach,SPD,12
Peter Reuschenbach,SPD,12
Manfred Richter,FDP,12
Gerhard Riege,PDS/LL,12
Hermann Rind,FDP,12
Werner Ringkamp,CDU,12
Helmut Rode,CDU,12
Ingrid Roitzsch,CDU,12
Wolfgang Roth,SPD,12
Heinz Rother,CDU,12
Helmut Sauer,CDU,12
Harald B. Schäfer,SPD,12
Harald Schäfer,SPD,12
Heribert Scharrenbroich,CDU,12
Günther Schartz,CDU,12
Manfred Schell,CDU,12
Arno Schmidt,FDP,12
Christa Schmidt,CDU,12
Trudi Schmidt,CDU,12
Jürgen Schmieder,FDP,12
Jürgen Schmude,SPD,12
Oscar Schneider,CSU,12
Christoph Schnittler,FDP,12
Rudolf Schöfberger,SPD,12
Joachim Schönburg-Glauchau,CDU,12
Harald Schreiber,CDU,12
Conrad Schroeder,CDU,12
Karl Heinz Schröter,SPD,12
Fritz Schumann,PDS/LL,12
Hans Paul Hermann Schuster,FDP,12
Stefan Schwarz,CDU,12
Hermann Schwörer,CDU,12
Heinrich Seesing,CDU,12
Ursula Seiler-Albring,FDP,12
Sigrid Semper,FDP,12
Werner H. Skowron,CDU,12
Werner Skowron,CDU,12
Hartmut Soell,SPD,12
Hans-Joachim Sopart,CDU,12
Karl-Heinz Spilker,CSU,12
Rudolf Sprung,CDU,12
Angela Stachowa,PDS/LL,12
Jürgen Starnick,FDP,12
Lutz G. Stavenhagen,CDU,12
Lutz Stavenhagen,CDU,12
Heinz-Alfred Steiner,SPD,12
Hans Stercken,CDU,12
Karl Stockhausen,CDU,12
Hans-Gerd Strube,CDU,12
Dorothea Szwed,CDU,12
Cornelia Christiane Teichman,FDP,12
Günther Tietjen,SPD,12
Ferdinand Tillmann,CDU,12
Jürgen Timm,FDP,12
Hans-Günther Toetemeyer,SPD,12
Wolfgang Ullmann,GRÜNE,12
Roswitha Verhülsdonk,CDU,12
Friedrich Vogel,CDU,12
Hans-Jochen Vogel,SPD,12
Hans-Peter Voigt,CDU,12
Ruprecht Vondran,CDU,12
Ernst Waltemathe,SPD,12
Ralf Walter,SPD,12
Rudi Walther,SPD,12
Ingrid Walz,FDP,12
Alexander Warrikoff,CDU,12
Gerd Wartenberg,SPD,12
Barbara Weiler,SPD,12
Konrad Weiß,GRÜNE,12
Herbert Werner,CDU,12
Axel Wernitz,SPD,12
Gudrun Weyel,SPD,12
Gabriele Wiechatzek,CDU,12
Bertram Wieczorek,CDU,12
Dieter Wiefelspütz,SPD,12
Dorothee Wilms,CDU,12
Hermann Wimmer,SPD,12
Roswitha Wisniewski,CDU,12
Hans With,SPD,12
Jürgen Wohlrabe,CDU,12
Torsten Wolfgramm,FDP,12
Bernhard Worms,CDU,12
Uta Würfel,FDP,12
Burkhard Zurheide,FDP,12
Werner Zywietz,FDP,12
Baldur Wagner,CDU/CSU,12
Karl Jung,fraktionslos,12
Franz-Josef Feiter,fraktionslos,12
Manfred Overhaus,fraktionslos,12
Wighard Härdtl,CDU/CSU,12
Wilhelm Knittel,CDU/CSU,12
Clemens Stroetmann,CDU/CSU,12
Franz Kroppenstedt,fraktionslos,12
Hans-Joachim Fuchtel,CDU/CSU,12
Frerich Görts,CDU/CSU,12
Manfred Abelein,CDU,11
Karl Ahrens,SPD,11
Michael Albrecht,CDU,11
Andreas Amende,SPD,11
Max Amling,SPD,11
Dieter Annies,FDP,11
Hans Apel,SPD,11
Egon Bahr,SPD,11
Georg Bamberg,SPD,11
Martin Bangemann,FDP,11
Lothar Barthel,CDU,11
Harald Bauer,CDU,11
Karl Becker,CDU,11
Roland Becker,CDU,11
Lieselotte Berger,CDU,11
Kurt H. Biedenkopf,CDU,11
Kurt Biedenkopf,CDU,11
Alfred Biehle,CSU,11
Marianne Birthler,GRÜNE,11
Ingrid Bittner,PDS,11
Frank Bogisch,SPD,11
Jürgen Bohn,FDP,11
Hans-Jochim Brauer,GRÜNE,11
Alwin Brück,SPD,11
Josef Adalbert Brunner,CSU,11
Helmut Buschbom,CDU,11
Hermann Buschfort,SPD,11
Margit Conrad,SPD,11
Klaus-Peter Creter,CDU,11
Herbert Czaja,CDU,11
Hans Daniels,CDU,11
Wolfgang Daniels,GRÜNE,11
Klaus Daweke,CDU,11
Marlies Deneke,PDS,11
Gerhard Dewitz,CDU,11
Ernst Dörfler,GRÜNE,11
Werner Dollinger,CSU,11
Hans-Georg Dorendorf,CDU,11
Heidrun Dräger,SPD,11
Thomas Ebermann,GRÜNE,11
Jürgen Egert,SPD,11
Herbert Ehrenberg,SPD,11
Tay Eich,GRÜNE,11
Karl Eigen,CDU,11
Alfred Emmerlich,SPD,11
Matthias Engelsberger,CSU,11
Sabine Fache,PDS,11
Konrad Felber,FDP,11
Hermann Fellner,CSU,11
Walter Fiedler,CDU,11
Michael Fischer,CDU,11
Dora Flinner,GRÜNE,11
Sigrid Folz-Steinacker,FDP,11
Bernhard Friedmann,CDU,11
Michael Friedrich,PDS,11
Sieglinde Frieß,GRÜNE,11
Christina Fritsch,SPD,11
Honor Funk,CDU,11
Charlotte Garbe,GRÜNE,11
Joachim Gauck,GRÜNE,11
Ludwig Gerstein,CDU,11
Eicke Götz,CSU,11
Eberhard Goldhahn,CDU,11
Stefan Gottschall,CDU,11
Gundolf Gries,CDU,11
Horst Grunenberg,SPD,11
Martin Gutzeit,SPD,11
Dieter Haack,SPD,11
Ernst Haar,SPD,11
Hansjörg Häfele,CDU,11
Gerd Jürgen Häuser,SPD,11
Hildegard Hamm-Brücher,FDP,11
Jürgen Haschke,CDU,11
Volker Hauff,SPD,11
Hansheinz Hauser,CDU,11
Constantin Heereman von Zuydtwyck,CDU,11
Gerhard Heimann,SPD,11
Frank Heltzig,SPD,11
Karitas Dagmar Hensel,GRÜNE,11
Ralph Herberholz,SPD,11
Imma Hillerich,GRÜNE,11
Wolfgang Hinrichs,CDU,11
Peter Wilhelm Höffkes,CSU,11
Bertram Hönicke,CDU,11
Stefan Höpfinger,CSU,11
Ingeborg Hoffmann,CDU,11
Joachim Holz,CDU,11
Hans-Günter Hoppe,FDP,11
Willi Hoss,GRÜNE,11
Agnes Hürland,CDU,11
Agnes Hürland-Büning,CDU,11
Heinz Günther Hüsch,CDU,11
Uwe Hüser,GRÜNE,11
Hans Huyn,CSU,11
Gerhard Jahn,SPD,11
Günther Jansen,SPD,11
Philipp Jenninger,CDU,11
Wilhelm Jung,CDU,11
Joachim Kalisch,CDU,11
Manfred Kalz,SPD,11
Karl-August Kamilli,SPD,11
Sylvia-Yvonne Kaufmann,PDS,11
Petra Karin Kelly,GRÜNE,11
Norbert Kertscher,PDS,11
Günter Kiehm,SPD,11
Karl Kisslinger,SPD,11
Jürgen Kleditzsch,CDU,11
Heinrich Klein,SPD,11
Thomas Klein,PDS,11
Hubert Kleinert,GRÜNE,11
Gerry Kley,FDP,11
Wilhelm Knabe,GRÜNE,11
Dieter-Lebrecht Koch,CDU,11
Elmar Kolb,CDU,11
Almut Kottwitz,GRÜNE,11
Constanze Krehl,SPD,11
Reinhold Kreile,CSU,11
Matthias Kreuzeder,GRÜNE,11
Verena Krieger,GRÜNE,11
Hermann Kroll-Schlüter,CDU,11
Friedrich Kronenberg,CDU,11
Klaus-Dieter Kühbacher,SPD,11
Ursula Kugler,SPD,11
Max Kunz,CSU,11
Sabine Landgraf,DSU,11
Manfred Langner,CDU,11
Conrad-Michael Lehment,FDP,11
Michael Leja,CDU,11
Karl Heinz Lemmrich,CSU,11
Günther Leonhart,SPD,11
Helmut Link,CDU,11
Josef Linsmeier,CSU,11
Peter Lorenz,CDU,11
Egon Lutz,SPD,11
Dagmar Luuk,SPD,11
Dörte Martini zum Berge,CDU,11
Anke Riedel-Martiny,SPD,11
Anke Martiny,SPD,11
Alfred Mechtersheimer,GRÜNE,11
German Meneses Vogl,GRÜNE,11
Heinz Menzel,SPD,11
Heinz-Werner Meyer,SPD,11
Karl Miltner,CDU,11
Hans-Jürgen Misselwitz,SPD,11
Peter Mitzscherling,SPD,11
Luise Morgenstern,SPD,11
Marion Morgenstern,PDS,11
Marion Kober,PDS,11
Werner Nagel,SPD,11
Albert Nehm,SPD,11
Friedrich Neuhausen,FDP,11
Lorenz Niegel,CSU,11
Wilhelm Nöbel,SPD,11
Joachim Hubertus Nowack,CDU,11
Jutta Oesterle-Schwerin,GRÜNE,11
Ellen Olms,GRÜNE,11
Klaus-Dieter Osswald,SPD,11
Gisbert Paar,CDU,11
Doris Pack,CDU,11
Uwe Patzig,CDU,11
Günter Pauli,SPD,11
Peter Petersen,CDU,11
Matthias Platzeck,GRÜNE,11
Heinrich Pohlmeier,CDU,11
Konrad Porzner,SPD,11
Klaus Rauber,CDU,11
Stefanie Rehm,CDU,11
Annemarie Renger,SPD,11
Helga Brahmst-Rock,GRÜNE,11
Helga Rock,GRÜNE,11
Uwe Ronneburger,FDP,11
Norbert Roske,GRÜNE,11
Gabriele Rost,CDU,11
Rudolf Ruf,CDU,11
Wolfgang Rumpf,FDP,11
Bärbel Rust,GRÜNE,11
Alfred Sauter,CSU,11
Franz Sauter,CDU,11
Eberhard Scharf,CDU,11
Ernst Otto Volker Schemmel,SPD,11
Manfred Scherrer,SPD,11
Gertrud Schilling,GRÜNE,11
Frank Schmidt,CDU,11
Manfred Schmidt,SPD,11
Marie-Luise Schmidt,GRÜNE,11
Thomas Schmidt,DSU,11
Regula Schmidt-Bott,GRÜNE,11
Joachim Schmiele,DSU,11
Manfred Schneider,CDU,11
Reiner Schneider,CDU,11
Martina Schönebeck,PDS,11
Werner Schreiber,CDU,11
Richard Schröder,SPD,11
Thomas Schröer,SPD,11
Christian Friedrich Schultze,SPD,11
Gerhard Schulze,CDU,11
Michael Schumann,PDS,11
Heinz Schwarz,CDU,11
Per-René Seeger,SPD,11
Inge Segall,FDP,11
Karl-Ernst Selke,CDU,11
Peter Sellin,GRÜNE,11
Wolfgang Sieler,SPD,11
Heide Simonis,SPD,11
Dieter Spöri,SPD,11
Erwin Stahl,SPD,11
Anton Stark,CDU,11
Andreas Steiner,CSU,11
Waltraud Steinhauer,SPD,11
Klaus Steinitz,PDS,11
Volker Stephan,SPD,11
Dietrich Stobbe,SPD,11
Ulrich Stockmann,SPD,11
Roswitha Stolfa,PDS,11
Günter Straßmeir,CDU,11
Eckhard Stratmann,GRÜNE,11
Eckhard Stratmann-Mertens,GRÜNE,11
Franz Josef Strauß,CSU,11
Richard Stücklen,CSU,11
Ingeborg Tamm,CDU,11
Maria Luise Teubner,GRÜNE,11
Olaf Thees,CDU,11
Frank Tiesler,DSU,11
Helga Timm,SPD,11
Jürgen Todenhöfer,CDU,11
Willibald Toscher,CDU,11
Erika Trenz,GRÜNE,11
Hans-Jochen Tschiche,GRÜNE,11
Sabine Uecker,SPD,11
Dietmar-Richard Unger,CDU,11
Hermann Josef Unland,CDU,11
Gertrud Unruh,GRÜNE,11
Jürgen Vahlberg,SPD,11
Christa Vennegerts,GRÜNE,11
Bernd Voigtländer,SPD,11
Friedrich Voss,CSU,11
Heinz Wagner,CDU,11
Walter Wallmann,CDU,11
Hansjoachim Walther,DSU,11
Ludolf-Georg Wartenberg,CDU,11
Solveig Wegener,PDS,11
Karl Weinhofer,SPD,11
Dieter Weirich,CDU,11
Michael Weiss,GRÜNE,11
Werner Weiß,CDU,11
Heinz Westphal,SPD,11
Dietrich Wetzel,GRÜNE,11
Eugen Wiesche,SPD,11
Waltrud Will-Feld,CDU,11
Heike Wilms-Kegel,GRÜNE,11
Heinrich Windelen,CDU,11
Hans-Jürgen Wischnewski,SPD,11
Manfred Wörner,CDU,11
Dieter Wöstenberg,FDP,11
Lieselotte Wollny,GRÜNE,11
Thomas Wüppesahl,GRÜNE,11
Peter Würtz,SPD,11
Otto Wulff,CDU,11
Karl Fred Zander,SPD,11
Werner Zeitler,SPD,11
Friedrich Zimmermann,CSU,11
Hans Zimmermann,CDU,11
Otto Zink,CDU,11
Klaus-Otto Zirkler,FDP,11
Georg Zschornack,FDP,11
Ruth Zutt,SPD,11
Walter Althammer,CSU,10
Hendrik Auhagen,GRÜNE,10
Sabine Bard,GRÜNE,10
Sabine Bard-Kröniger,GRÜNE,10
Rainer Barzel,CDU,10
Gert Bastian,GRÜNE,10
Markus Berger,CDU,10
Franz-Josef Berners,CDU,10
Erich Berschkeit,SPD,10
Annemarie Borgmann,GRÜNE,10
Peter Boroffka,CDU,10
Gerhard Braun,CDU,10
Werner Broll,CDU,10
Gerhard Brosi,SPD,10
Walter Buckpesch,SPD,10
Eberhard Bueb,GRÜNE,10
Josef Bugl,CDU,10
Dieter Burgmann,GRÜNE,10
Hugo Collet,SPD,10
Franz Josef Conrad,CDU,10
Peter Corterier,SPD,10
Lothar Curdt,SPD,10
Christa Czempiel,SPD,10
Harm Dallmeyer,CDU,10
Heidemarie Dann,GRÜNE,10
Karl Delorme,SPD,10
Werner Dolata,CDU,10
Dieter Drabiniok,GRÜNE,10
Wolfgang Ehmke,GRÜNE,10
Karl-Arnold Eickmeyer,SPD,10
Wendelin Enders,SPD,10
Benno Erhard,CDU,10
Josef Ertl,FDP,10
Udo Fiebig,SPD,10
Gernot Fischer,SPD,10
Ulrich Fischer,GRÜNE,10
Egon Franke,SPD,10
Heinrich Franke,CDU,10
Horst Fritsch,GRÜNE,10
Haimo George,CDU,10
Paul Gerlach,CSU,10
Friedrich Gerstl,SPD,10
Eugen Glombig,SPD,10
Horst Gobrecht,SPD,10
Gabriele Gottwald,GRÜNE,10
Claus Grobecker,SPD,10
Lothar Haase,CDU,10
Wolfgang Hackel,CDU,10
Karl Haehser,SPD,10
Franz Handlos,CSU,10
Uwe Hansen,SPD,10
August Hanz,CDU,10
Klaus Hartmann,CSU,10
Rudolf Hauck,SPD,10
Klaus J. Hecker,GRÜNE,10
Klaus Hecker,GRÜNE,10
Günter Herterich,SPD,10
Ludwig Hettling,SPD,10
Erika Hickel,GRÜNE,10
Hannegret Hönes,GRÜNE,10
Klaus-Jürgen Hoffie,FDP,10
Hans-Joachim Hoffmann,SPD,10
Milan Horacek,GRÜNE,10
Martin Horstmeier,CDU,10
Antje Huber,SPD,10
Herbert Hupka,CDU,10
Klaus Immer,SPD,10
Gert Jannsen,GRÜNE,10
Hans-Jürgen Junghans,SPD,10
Hans Hugo Klein,CDU,10
Herbert W. Köhler,CDU,10
Herbert Köhler,CDU,10
Julius H. Krizsan,GRÜNE,10
Julius Krizsan,GRÜNE,10
Ursula Krone-Appuhn,CSU,10
Manfred Lahnstein,SPD,10
Heinz F. Landré,CDU,10
Heinz Landré,CDU,10
Torsten Lange,GRÜNE,10
Carl Otto Lenz,CDU,10
Renate Lepsius,SPD,10
Karl Liedtke,SPD,10
Jürgen Linde,SPD,10
Lothar Löffler,SPD,10
Paul Löher,CDU,10
Norbert Mann,GRÜNE,10
Werner Marx,CDU,10
Hans Matthöfer,SPD,10
Alfred Meininghaus,SPD,10
Alois Mertes,CDU,10
Reinhard Metz,CDU,10
Paul Mikat,CDU,10
Peter Milz,CDU,10
Helmuth Möhring,SPD,10
Adolf Müller,CDU,10
Joachim Müller,GRÜNE,10
Adolf Müller-Emmert,SPD,10
Hanna Neumeister,CDU,10
Rainer Offergeld,SPD,10
Martin Oldenstädt,CDU,10
Ernst Josef Pöppl,CSU,10
Eberhard Pohlmann,CDU,10
Walter Polkehn,SPD,10
Gabriele Potthast,GRÜNE,10
Fred Ranker,SPD,10
Heinz Rapp,SPD,10
Jürgen Reents,GRÜNE,10
Christa Reetz,GRÜNE,10
Helmut Rohde,SPD,10
Herbert Rusche,GRÜNE,10
Engelbert Sander,SPD,10
Walter Sauermilch,GRÜNE,10
Wolfgang Saurin,CDU,10
Henning Schierholz,GRÜNE,10
Georg Schlaga,SPD,10
Günter Schlatter,SPD,10
Norbert Schlottmann,CDU,10
Helga Schmedt,SPD,10
Adolf Schmidt,SPD,10
Christian Schmidt,GRÜNE,10
Helmut Schmidt,SPD,10
R. Martin Schmidt,SPD,10
Rudi Schmitt,SPD,10
Dirk Schneider,GRÜNE,10
Horst Schröder,CDU,10
Manfred Schulte,SPD,10
Stefan Schulte,GRÜNE,10
Helmut Schultz,CDU,10
Wolfgang Schwenk,SPD,10
Walter Schwenninger,GRÜNE,10
Hans-Werner Senfft,GRÜNE,10
Adolf Spies von Büllesheim,CDU,10
Franz Ludwig Schenk Stauffenberg,CSU,10
Ulrich Steger,SPD,10
Adolf Stockleben,SPD,10
Wilhelm Peter Stommel,CDU,10
Hans-Jürgen Stutzer,CDU,10
Heinz Suhr,GRÜNE,10
Willi Tatge,GRÜNE,10
Udo Tischer,GRÜNE,10
Günter Verheugen,SPD,10
Hans Verheyen,GRÜNE,10
Axel Vogel,GRÜNE,10
Kurt Vogelsang,SPD,10
Roland Vogt,GRÜNE,10
Ekkehard Voigt,CSU,10
Marita Wagner,GRÜNE,10
Willi Weiskirch,CDU,10
Gert Weisskirchen,SPD,10
Gerd Peter Werner,GRÜNE,10
Helmut Werner,GRÜNE,10
Helga Wex,CDU,10
Bruno Wiefel,SPD,10
Lothar Witek,SPD,10
Erich Wolfram,SPD,10
Richard Wurbs,FDP,10
Karin Zeitler,GRÜNE,10
Jochen Aerssen,CDU,9
Franz Amrehn,CDU,9
Gottfried Arnold,CDU,9
Heinz Assmann,SPD,9
Dieter Auch,SPD,9
Herbert Baack,SPD,9
Dietrich Bahner,CDU,9
Hans Bardens,SPD,9
Ursula Benedix,CDU,9
Ursula Benedix-Engler,CDU,9
Wolfram Bergerowski,FDP,9
Günter Biermann,SPD,9
Rolf Böhme,SPD,9
Hugo Brandt,SPD,9
Carola Braun-Stützer,FDP,9
Guido Brunner,FDP,9
Klaus Brunnstein,FDP,9
Reinhard Bühling,SPD,9
Karl Deres,CDU,9
Eberhard Diepgen,CDU,9
Klaus Dohnanyi,SPD,9
Ulrich Dübber,SPD,9
Eva Sibylle Engel,FDP,9
Björn Engholm,SPD,9
Brigitte Erler,SPD,9
Ekkehart Eymer,CDU,9
Peter Feile,SPD,9
Wolfgang Feinendegen,CDU,9
Rita Fromm,FDP,9
Klaus Gärtner,FDP,9
Erna-Maria Geier,CDU,9
Manfred Achim Geßner,SPD,9
Horst Ginnuttis,SPD,9
Matthias Ginsberg,FDP,9
Fritz-Joachim Gnädinger,SPD,9
Horst Haase,SPD,9
Karl-Heinz Hansen,SPD,9
Alo Hauser,CDU,9
Dieter Heistermann,SPD,9
Peter Heydt Freiherr von Massenbach,CDU,9
Rüdiger Hitzigrath,SPD,9
Friedrich Hölscher,FDP,9
Karl Hofmann,SPD,9
Erwin Holsteg,FDP,9
Hans Hubrig,CDU,9
Hans-Joachim Jentsch,CDU,9
Kurt Jung,FDP,9
Dietmar Kansy,CDU,9
Walther Leisler Kiep,CDU,9
Gottfried Köster,CDU,9
Horst Korber,SPD,9
Heinz Kreutzmann,SPD,9
Gerhard Kunz,CDU,9
Karl-Hans Lagershausen,CDU,9
Egon Lampersbach,CDU,9
Georg Leber,SPD,9
Kurt Leuschner,SPD,9
Peter Männing,SPD,9
Erhard Mahne,SPD,9
Manfred Marschall,SPD,9
Erich Meinike,SPD,9
Rolf Merker,FDP,9
Richard Müller,SPD,9
Karl-Heinz Narjes,CDU,9
Alfred Hubertus Neuhaus,CDU,9
Paul Neumann,SPD,9
Erke Noth,FDP,9
Alfons Pawelczyk,SPD,9
Heinz Pensky,SPD,9
Walter Picard,CDU,9
Elmar Pieroth,CDU,9
Karl-Heinz Popp,FDP,9
Heinz-Jürgen Prangenberg,CDU,9
Alois Rainer,CSU,9
Wolfgang Rayer,SPD,9
Friedhelm Rentrop,FDP,9
Dietrich Riebensahm,FDP,9
Horst-Ludwig Riemer,FDP,9
Burkhard Ritz,CDU,9
Paul Röhner,CSU,9
Klaus Rösch,FDP,9
Philip Rosenthal,SPD,9
Hans Georg Schachtschabel,SPD,9
Hermann Schätz,SPD,9
Friedel Schirmer,SPD,9
Marie Schlei,SPD,9
Hansheinrich Schmidt,FDP,9
Hermann Schmidt,SPD,9
Hans Werner Schmöle,CDU,9
Andreas von Schoeler,FDP,9
Heinz Schreiber,SPD,9
Diedrich Schröder,CDU,9
Helga Schuchardt,FDP,9
Willi-Peter Sick,CDU,9
Wilhelm Stöckl,SPD,9
Klaus Thüsing,SPD,9
Günter Topmann,SPD,9
Reinhard Ueberhorst,SPD,9
Kurt Ueberschär,SPD,9
Manfred Vohrer,FDP,9
Günter Volmer,CDU,9
Herbert Wehner,SPD,9
Richard Weizsäcker,CDU,9
Friedrich Wendig,FDP,9
Manfred Wimmer,SPD,9
Olaf Wrangel,CDU,9
Lothar Wrede,SPD,9
Günther Wuttke,SPD,9
Wolf-Dieter Zumpfort,FDP,9
Rudolf Adams,SPD,8
Conrad Ahlers,SPD,8
Heinrich Aigner,CSU,8
Siegbert Alber,CDU,8
Joachim Angermeyer,FDP,8
Walter Arendt,SPD,8
Hans-Jürgen Augstein,SPD,8
Frolinde Balser,SPD,8
Hans Batz,SPD,8
Alfons Bayerl,SPD,8
Walter Becher,CSU,8
Gerold Benz,CDU,8
Ulrich Berger,CDU,8
Johann Christoph Besch,CDU,8
Hermann Biechele,CDU,8
Philipp Bismarck,CDU,8
Bertram Blank,SPD,8
Rudolf Blügel,CDU,8
Erik Bernhard Blumenfeld,CDU,8
Lenelotte Bothmer,SPD,8
Ferdinand Breidbach,CDU,8
Werner Buchstaller,SPD,8
Albert Burger,CDU,8
Bernhard Bußmann,SPD,8
Karl Carstens,CDU,8
Manfred Coppik,SPD,8
Carl Damm,CDU,8
Nicolaus Dreyer,CDU,8
Hermann Dürr,SPD,8
Elfriede Eilers,SPD,8
Ludwig Erhard,CDU,8
Leo Ernesti,CDU,8
Ferdinand Erpenbeck,CDU,8
Hans Evers,CDU,8
Richard Ey,CDU,8
Heinz Eyrich,CDU,8
Ludwig Fellermaier,SPD,8
Willi Fischer,SPD,8
Gerhard Flämig,SPD,8
Katharina Focke,SPD,8
Hans Friderichs,FDP,8
Bruno Friedrich,SPD,8
Isidor Früh,CDU,8
Karl Fuchs,CSU,8
Liselotte Funcke,FDP,8
Franz Xaver Geisenhofer,CSU,8
Hans Gertzen,SPD,8
Karl Heinz Gierenstein,CSU,8
Georg Gölter,CDU,8
Johann Baptist Gradl,CDU,8
Kurt Gscheidle,SPD,8
Fritz Haberl,CSU,8
Hugo Hammans,CDU,8
Albrecht Hasinger,CDU,8
Kai-Uwe Hassel,CDU,8
Erich Henke,SPD,8
Egon Höhmann,SPD,8
Alex Hösl,CSU,8
Richard Jaeger,CSU,8
Hans Edgar Jahn,CDU,8
Johann Peter Josten,CDU,8
Heinrich Junker,SPD,8
Rudolf Kaffka,SPD,8
Kurt Georg Kiesinger,CDU,8
Egon Alfred Klepsch,CDU,8
Hans-Jürgen Klinker,CDU,8
Kurt Koblitz,SPD,8
Klaus Konrad,SPD,8
Wilhelm Krampe,CDU,8
Konrad Kraske,CDU,8
Paul Kratz,SPD,8
Horst Krockert,SPD,8
Max Künstler,CDU,8
Erwin Lange,SPD,8
Gerd Langguth,CDU,8
Dieter Lattmann,SPD,8
Lauritz Lauritzen,SPD,8
Hans Lemp,SPD,8
Helmut Lenders,SPD,8
Manfred Luda,CDU,8
Walther Ludewig,FDP,8
Hans August Lücker,CSU,8
Rudolf Luster,CDU,8
Werner Maihofer,FDP,8
Werner Marquardt,SPD,8
Kurt Mattick,SPD,8
Rolf Meinecke,SPD,8
Erich Mende,CDU,8
Heinrich Müller,SPD,8
Johannes Müller,CDU,8
Ernst Müller-Hermann,CDU,8
Franz-Josef Nordlohne,CDU,8
Norbert Nothhelfer,CDU,8
Alfred Ollesch,FDP,8
Willi Peiter,SPD,8
Helwin Peter,SPD,8
Walter Peters,FDP,8
Liselotte Pieser,CDU,8
Karl Ravens,SPD,8
Heinrich Reichold,CSU,8
Stephan Reimers,CDU,8
Paula Riede,CDU,8
Hermann Josef Russe,CDU,8
Karl-Heinz Saxowski,SPD,8
Botho Sayn-Wittgenstein-Hohenstein,CDU,8
Friedrich Schäfer,SPD,8
Albert Schedl,CSU,8
Hermann Scheffler,SPD,8
Martin Schetter,CDU,8
Adolf Scheu,SPD,8
Dieter Schinzel,SPD,8
Ursula Schleicher,CSU,8
Eckhard Schleifenbaum,FDP,8
Peter M. Schmidhuber,CSU,8
Peter Schmidhuber,CSU,8
Manfred Schmidt,CDU,8
Wolfgang Schmidt,SPD,8
Hermann Schmitt,SPD,8
Hermann Schmitt-Vockenhausen,SPD,8
Gerhard Schröder,CDU,8
Waldemar Schulze,SPD,8
Wolfgang Schwabe,SPD,8
Carl-Christoph Schweitzer,SPD,8
Olaf Schwencke,SPD,8
Horst Seefeld,SPD,8
Hellmut Sieglerschmidt,SPD,8
Hansmartin Simpfendörfer,SPD,8
Hermann Spillecke,SPD,8
Kurt Spitzmüller,FDP,8
Hermann Stahlberg,CDU,8
Heinz Starke,CSU,8
Reinhold Staudt,SPD,8
Olaf Sund,SPD,8
Manfred Sybertz,SPD,8
Hans-Adolf Terra,CDU,8
Albert Tönjes,SPD,8
Irma Tübler,CDU,8
Karl-Heinz Walkhoff,SPD,8
Hanna Walz,CDU,8
Kurt Wawrzik,CDU,8
Hubert Weber,SPD,8
Karl Weber,CDU,8
Martin Wendt,SPD,8
Werner Wilhelm,SPD,8
Hans Wissebach,CDU,8
Otto Wittmann,SPD,8
Kurt Wüster,SPD,8
Johann Wuwer,SPD,8
Franz Josef Zebisch,SPD,8
Gerhard Zeitel,CDU,8
Werner Zeyer,CDU,8
Erich Ziegler,CSU,8
Ernst Achenbach,FDP,7
Odal Alten-Nordheim,CDU,7
Jürgen Anbuhl,SPD,7
Claus Arndt,SPD,7
Klaus Dieter Arndt,SPD,7
Helmut Artzinger,CDU,7
Rudolf Augstein,FDP,7
Willi Bäuerle,SPD,7
Fritz Baier,CDU,7
Hermann Barche,SPD,7
Curt Becker,CDU,7
Friedrich Beermann,SPD,7
Walter Behrendt,SPD,7
Karl Wilhelm Berkhan,SPD,7
Karl Bewerunge,CDU,7
Kurt Birrenbach,CDU,7
Helmut Bockelberg,CDU,7
Rolf Böger,FDP,7
Holger Börner,SPD,7
Wenzel Bredl,SPD,7
Rolf Bremer,CDU,7
Klaus Bremm,CDU,7
Fritz Burgbacher,CDU,7
Herbert Christ,FDP,7
Rembert Delden,CDU,7
Günther Eckerland,SPD,7
Jan Eilers,CDU,7
Dietrich Elchlepp,SPD,7
Hans-Uwe Emeis,SPD,7
Otto Entrup,CDU,7
Erhard Eppler,SPD,7
Friedhelm Farthmann,SPD,7
Werner Ferrang,CDU,7
Otto Fircks,CDU,7
Karl-Hermann Flach,FDP,7
Ludwig Franz,CSU,7
Heinz Frehsee,SPD,7
Friedrich Wilhelm Freiwald,CDU,7
Göke D. Frerichs,CDU,7
Göke Frerichs,CDU,7
Hans Geiger,SPD,7
Karl Geldner,FDP,7
Horst Gerlach,SPD,7
Heinrich Gewandt,CDU,7
Hermann Götz,CDU,7
Carlo Graaff,FDP,7
Karl Martin Graß,CDU,7
Jürgen Grimming,SPD,7
Rötger Groß,FDP,7
Angela Grützmann,SPD,7
Herbert Gruhl,CDU,7
Detlef Haase,SPD,7
Ingeborg Häckel,CDU,7
Ingeborg Horak,CDU,7
Frank Haenschke,SPD,7
Kurt Härzschel,CDU,7
Friedhelm Halfmeier,SPD,7
Hugo Hauser,CDU,7
Bruno Heck,CDU,7
Rudolf Herbers,SPD,7
Hans Hermsdorf,SPD,7
Karl Herold,SPD,7
Roelf Heyen,SPD,7
Hermann Höcherl,CSU,7
Dieter Hussing,CDU,7
Günter Jaschke,SPD,7
Georg Kahn-Ackermann,SPD,7
Helmut Kater,SPD,7
Friedrich Kempfler,CSU,7
Karl-Hans Kern,SPD,7
Victor Kirst,FDP,7
Josef Klein,CDU,7
Georg Kliesing,CDU,7
Lothar Krall,FDP,7
Friedrich Kreibaum,FDP,7
Knut Kühlmann-Stumm,FDP,7
Alwin Kulawig,SPD,7
Hans Lautenschlager,SPD,7
Josef Löbbert,SPD,7
Fritz Logemann,FDP,7
Ulrich Lohmar,SPD,7
Barbara Lüdemann,FDP,7
Berthold Martin,CDU,7
Eugen Maucher,CDU,7
Hedwig Meermann,SPD,7
Linus Memmel,CSU,7
Werner Mertes,FDP,7
Günther Metzger,SPD,7
Josef Mick,CDU,7
Alex Möller,SPD,7
Heiner Möller,CDU,7
Karl Moersch,FDP,7
Karl-Heinz Mursch,CDU,7
Wilhelm Nölling,SPD,7
Hermann Oetting,SPD,7
Rudolf Opitz,FDP,7
Gerhard Orgaß,CDU,7
Wilderich Ostman von der Leye,SPD,7
Helmut Prassler,CDU,7
Wiltrud Rehlen,SPD,7
Hermann P. Reiser,SPD,7
Hermann Reiser,SPD,7
Klaus Richter,SPD,7
Gerd Ritgen,CDU,7
Siegfried Röhlig,SPD,7
Dietrich-Wilhelm Rollmann,CDU,7
Josef Rommerskirchen,CDU,7
Hans Roser,CSU,7
Walter Scheel,FDP,7
Ernst Schellenberg,SPD,7
Hildegard Schimschok,SPD,7
Josef Schmitt,CDU,7
Friedrich Schonhofen,SPD,7
Christa Schroeder,CDU,7
Klaus-Peter Schulz,SPD,7
Max Schulze-Vorberg,CSU,7
Rolf Schwedler,SPD,7
Philipp Seibert,SPD,7
Paul Heinrich Simon,SPD,7
Günter Slotta,SPD,7
Emil Solke,CDU,7
Gerd Springorum,CDU,7
Werner Staak,SPD,7
Karl-Heinz Stienen,SPD,7
Maria Stommel,CDU,7
Walter Suck,SPD,7
Kurt Thürk,CDU,7
Max Vehar,CDU,7
Franz Vit,SPD,7
Carl-Ludwig Wagner,CDU,7
Leo Wagner,CSU,7
Manfred Wende,SPD,7
Günter Wichert,SPD,7
Karl Wienand,SPD,7
Erika Wolf,CDU,7
Willi Wolf,SPD,7
Gottfried Wurche,SPD,7
Siegfried Zoglmann,CSU,7
Eduard Adorno,CDU,6
Franz Josef Bach,CDU,6
Hans-Joachim Baeuchle,SPD,6
Bernhard Balkenhol,CDU,6
Hans Bals,SPD,6
Willy Bartsch,SPD,6
Hannsheinz Bauer,SPD,6
Hans Bay,SPD,6
Karl Bechert,SPD,6
Josef Becker,CDU,6
Ernst Benda,CDU,6
August Berberich,CDU,6
Franz Berding,CDU,6
Karl Bergmann,SPD,6
August Berlin,SPD,6
Otto Bittelmann,CDU,6
Theodor Blank,CDU,6
Fritz Böhm,SPD,6
Günter Böhme,CDU,6
William Borm,FDP,6
Hans-Ulrich Brand,SPD,6
Bruno Brandes,CDU,6
Aenne Brauksiepe,CDU,6
Valentin Brück,CDU,6
Eberhard Brünen,SPD,6
Alfred Burgemeister,CDU,6
Roland Cantzler,CSU,6
Johann Cramer,SPD,6
Ralf Dahrendorf,FDP,6
Valentin Dasch,CSU,6
Hans Dichgans,CDU,6
Emmy Diemer-Nicolaus,FDP,6
Stefan Dittrich,CSU,6
Friedhelm Dohmann,SPD,6
Wolfram Dorn,FDP,6
Heinrich Draeger,CDU,6
Wilhelm Dröscher,SPD,6
Felix Eckardt,CDU,6
Georg Ehnes,CSU,6
Ilse Elsner,SPD,6
Walter Faller,SPD,6
Erwin Folger,SPD,6
Brigitte Freyh,SPD,6
Walter Fritsch,SPD,6
Hans Furler,CDU,6
Karl Gatzen,CDU,6
Ingeborg Geisendörfer,CSU,6
Udo Giulini,CDU,6
Franz Gleissner,CSU,6
Hermann Glüsing,CDU,6
Leo Gottesleben,CDU,6
Annemarie Griesinger,CDU,6
Karl Theodor Guttenberg,CSU,6
Hermann Haage,SPD,6
Christian Albrecht Haas,FDP,6
Erwin Häussler,CDU,6
Walter Hallstein,CDU,6
Hermann Hansing,SPD,6
Heinz Hartnack,CDU,6
Alfred Hein,CDU,6
Udo Hein,SPD,6
Walther Hellige,CDU,6
Wilhelm Helms,FDP,6
Maria Henze,CDU,6
Luise Herklotz,SPD,6
Herbert Hermesdorf,CDU,6
Martin Hirsch,SPD,6
Hans Hörmann,SPD,6
Alphons Horten,CDU,6
Lambert Huys,CDU,6
Maria Jacobi,CDU,6
Werner Jacobi,SPD,6
Gerhard Jungmann,CDU,6
Margot Kalinke,CDU,6
Hans Katzer,CDU,6
Gerhard Kienbaum,FDP,6
Arthur Killat,SPD,6
Arthur Killat-von Coreth,SPD,6
Marie-Elisabeth Klee,CDU,6
Gisbert Kley,CSU,6
Gerhard Koch,SPD,6
Peter-Michael Koenig,SPD,6
Heinrich Köppler,CDU,6
Richard Kohlberger,SPD,6
Georg Kotowski,CDU,6
Karl Krammig,CDU,6
Edith Krappe,SPD,6
Herbert Kriedemann,SPD,6
Edeltraud Kuchtner,CSU,6
Walter Langebeck,SPD,6
Ellen Lauterbach,SPD,6
Albert Leicht,CDU,6
Ernst Lemmer,CDU,6
Hubert Lemper,SPD,6
Eduard Lensing,CDU,6
Franz Lenze,CDU,6
Harry Liehr,SPD,6
Walter Löhr,CDU,6
Uwe Looft,CDU,6
Rudi Lotze,SPD,6
Paul Lücke,CDU,6
Wilhelm Maibaum,SPD,6
Ernst Majonica,CDU,6
Franz Marx,SPD,6
Kurt Matthes,SPD,6
Siegfried Meister,CDU,6
W. Alexander Menne,FDP,6
Otto Menth,CSU,6
Wilhelm Michels,SPD,6
Josef Müller,CDU,6
Rudolf Müller,CDU,6
Hans Müthling,SPD,6
Georg Neemann,SPD,6
Günter Nordenskjöld,CDU,6
Elisabeth Orth,SPD,6
Anton Ott,CSU,6
Georg Peters,SPD,6
Heinz Pöhler,SPD,6
Wolfgang Pohle,CSU,6
Ludwig Preiß,CDU,6
Herbert Prochazka,CSU,6
Joachim Raffert,SPD,6
Will Rasner,CDU,6
Gerhard Reischl,SPD,6
Hans Richarts,CDU,6
Clemens Riedel,CDU,6
Fritz Rinderspacher,SPD,6
Günter Rinsche,CDU,6
Edelhard Rock,CDU,6
Josef Rösing,CDU,6
Kurt Ross,SPD,6
Thomas Ruf,CDU,6
Wolfgang Rutschke,FDP,6
Peter Säckl,SPD,6
Marta Schanzenbach,SPD,6
Christoph Schiller,SPD,6
Karl Schiller,SPD,6
Albrecht Schlee,CSU,6
Günter Schlichting von Rönn,CDU,6
Carlo Schmid,SPD,6
Klaus Schmid-Burgk,CDU,6
Ferdinand Schmidt,SPD,6
Horst Schmidt,SPD,6
Otto Schmidt,CDU,6
Walter Schmidt,SPD,6
Karl-Heinz Schmitz,CDU,6
Kurt Schmücker,CDU,6
Herbert Schneider,CDU,6
Kurt Schober,CDU,6
Erwin Schoettle,SPD,6
Wolfgang Schollmeyer,SPD,6
Heinrich Schröder,CDU,6
Georg Schulhoff,CDU,6
Fritz-Rudolf Schultz,FDP,6
Max Seidel,SPD,6
Hans Stefan Seifriz,SPD,6
Elfriede Seppi,SPD,6
Franz Seume,Plos,6
J. Hermann Siemer,CDU,6
German Otto Stehle,CDU,6
Gustav Stein,CDU,6
Julius Steiner,CDU,6
Friedrich-Karl Storm,CDU,6
Käte Strobel,SPD,6
Alois Strohmayr,SPD,6
Detlef Struve,CDU,6
Harry Tallert,SPD,6
Richard Tamble,SPD,6
Franz-Lorenz Thadden,CDU,6
Peter Tobaben,CDU,6
Franz Xaver Unertl,CSU,6
Franz Varelmann,CDU,6
Franz Weigl,CSU,6
Heinrich Welslau,SPD,6
Helmut Wendelborn,CDU,6
Rudolf Werner,CDU,6
Bernhard Winkelheide,CDU,6
Konrad Adenauer,CDU,5
Hermann Ahrens,SPD,5
Luise Albertz,SPD,5
Adolf Arndt,SPD,5
Heinrich Auge,SPD,5
Harri Bading,SPD,5
Siegfried Balke,CSU,5
Andreas Baltes,SPD,5
Josef Bauer,CSU,5
Bernhard Bauknecht,CDU,5
Konstantin Bayern,CSU,5
Helmut Bazille,SPD,5
Fritz Berendsen,CDU,5
Margarete Heise,SPD,5
Margarete Berger-Heise,SPD,5
Anton Besold,CSU,5
Willi Beuster,SPD,5
Lucie Beyer,SPD,5
Lucie Kurlbaum-Beyer,SPD,5
Peter Blachstein,SPD,5
Hans Blöcker,CDU,5
Irma Blohm,CDU,5
Friedrich Blume,SPD,5
Peter Wilhelm Brand,CDU,5
Josef Braun,SPD,5
Heinz Brenck,CSU,5
Wilhelm Brese,CDU,5
Ewald Bucher,FDP,5
Heinz Budde,CDU,5
Karl August Bühler,CDU,5
Fritz Büttner,SPD,5
Hermann Busse,FDP,5
Hermann Conring,CDU,5
Fritz Corterier,SPD,5
Rolf Dahlgrün,FDP,5
Thomas Dehler,FDP,5
Arved Deringer,CDU,5
Hermann Diebäcker,CDU,5
Bruno Diekmann,SPD,5
Hermann Dortans,SPD,5
Walter Eckhardt,CSU,5
Josef Effertz,FDP,5
Otto Eisenmann,FDP,5
Alexander Elbrächter,CDU,5
Hans Georg Emde,FDP,5
Arthur Enk,CDU,5
Elisabeth Enseling,CDU,5
Fritz Erler,SPD,5
Fritz Eschmann,SPD,5
Bert Even,CDU,5
Karl-Heinz Exner,CDU,5
Franz Falke,CDU,5
Josef Felder,SPD,5
Adolf Feuring,SPD,5
Werner Figgen,SPD,5
Jakob Franzen,CDU,5
Günter Frede,SPD,5
Martin Frey,CDU,5
Heinz Frieler,CDU,5
Friedrich Fritz,CDU,5
Karl-Walter Fritz,SPD,5
Gustav Gemmingen-Hornberg,FDP,5
Eugen Gerstenmaier,CDU,5
Paul Gibbert,CDU,5
Max Güde,CDU,5
Karl Hahn,CDU,5
Heinrich Hamacher,SPD,5
Ludwig Hamm,FDP,5
Herbert Hauffe,SPD,5
Gustav W. Heinemann,SPD,5
Gustav Heinemann,SPD,5
Josef Hellenbrock,SPD,5
Hermann Herberts,SPD,5
Carl Hesberg,CDU,5
Hedda Heuser,FDP,5
Hedda Heuser-Schreiber,FDP,5
Anton Hilbert,CDU,5
Franz Höhne,SPD,5
Ernst Hölzle,SPD,5
Fritz Wilhelm Hörauf,SPD,5
Heinrich Hörnemann,CDU,5
Josef Hofmann,CDU,5
Heinrich Holkenbrink,CDU,5
Lieselotte Holzmeister,CDU,5
Elinor Hubert,SPD,5
Adalbert Hudak,CSU,5
Klaus Hübner,SPD,5
Josef Hufnagel,SPD,5
Rudolf Hussong,SPD,5
Joseph Illerhaus,CDU,5
Hans Ils,SPD,5
Wolfgang Imle,FDP,5
Hans Iven,SPD,5
Wenzel Jaksch,SPD,5
Nikolaus Jürgensen,SPD,5
Friedrich Karius,SPD,5
Johann Klein,CDU,5
Ingeborg Kleinert,SPD,5
Ludwig Knobloch,CDU,5
Jakob Koenen,SPD,5
Willy Könen,SPD,5
Hermann Kopf,CDU,5
Lisa Korspeter,SPD,5
Ursula Krips,SPD,5
Heinrich Krone,CDU,5
Georg Krug,CSU,5
Werner Kubitza,FDP,5
Paul Kübler,SPD,5
Friedrich Kühn,CDU,5
Ernst Kuntscher,CDU,5
Werner Kunze,SPD,5
Georg Kurlbaum,SPD,5
Aloys Lenz,CDU,5
Hans Lenz,FDP,5
Edmund Leukert,CSU,5
Heinrich Lindenberg,CDU,5
Dorothea Lösche,SPD,5
Adolf Mauk,FDP,5
Agnes Katharina Maxsein,CDU,5
Hans Meis,CDU,5
Theodor Mengelkamp,CDU,5
Hans-Joachim Merkatz,CDU,5
Hans Merten,SPD,5
Ludwig Metzger,SPD,5
Herwart Miessner,FDP,5
Artur Missbach,CDU,5
Anna Mönikes,CDU,5
Karl Mommer,SPD,5
Heinz Morgenstern,SPD,5
Bernhard Mühlhan,FDP,5
Karl Müller,SPD,5
Willi Müller,SPD,5
Willy Müller,SPD,5
Willi Müser,CDU,5
Alfred Nann,SPD,5
Peter Nellen,SPD,5
Franz Neumann,SPD,5
Alois Niederalt,CSU,5
Gerhard Philipp,CDU,5
Elisabeth Pitz-Savelsberg,CDU,5
Werner Porsch,FDP,5
Josef Porten,CDU,5
Maria Probst,CSU,5
Egon Wilhelm Theodor Ramms,FDP,5
Friedrich Rau,SPD,5
Karl Regling,SPD,5
Reinhold Rehs,CDU,5
Martin Reichmann,FDP,5
Hermann Alexander Reinholz,CDU,5
Wilhelm Reitz,SPD,5
Karl Riegel,SPD,5
Johannes Baptist Rösler,CDU,5
Margarete Rudoll,SPD,5
Hermann Saam,FDP,5
Fritz Sänger,SPD,5
Heinrich Sander,FDP,5
Manfred Schlager,CSU,5
Helmut Schlüter,SPD,5
Elisabeth Schwarzhaupt,CDU,5
Hans-Christoph Seebohm,CDU,5
Max Seither,SPD,5
Günther Serres,CDU,5
Walter Seuffert,SPD,5
Edmund Sinn,CDU,5
Josef Spies,CSU,5
Wolfgang Stammberger,SPD,5
Hans-Werner Staratzke,FDP,5
Josef Stecker,CDU,5
Franz Stein,SPD,5
Fritz Steinhoff,SPD,5
Willy Steinmetz,CDU,5
Heinrich Stephan,SPD,5
Georg Stiller,CSU,5
Josef Stingl,CDU,5
Heinrich Stooss,CDU,5
Adolf Süsterhenn,CDU,5
Theodor Teriete,CDU,5
Hans Toussaint,CDU,5
Wilhelm Urban,SPD,5
Hans Verbeek,CDU,5
Felix Vittinghoff-Schell,CDU,5
Bernhard Vogel,CDU,5
Karl-Heinz Vogt,CSU,5
Gerold Wächter,FDP,5
Eduard Wahl,CDU,5
Fritz Walter,FDP,5
Erich Weiland,CDU,5
August Weimer,CDU,5
Erwin Welke,SPD,5
Hans Wellmann,SPD,5
Helene Wessel,SPD,5
Karl Wieninger,CSU,5
Hans Wilhelmi,CDU,5
Heinrich Wilper,CDU,5
Franz-Josef Wuermeling,CDU,5
Heinrich Wullenhaupt,CDU,5
Edwin Zerbe,SPD,5
Annemarie Ackermann,CDU,4
Jakob Altmaier,SPD,4
Artur Anders,SPD,4
Josef Arndgen,CDU,4
Albrecht Aschoff,FDP,4
Karl Atzenroth,FDP,4
Fritz Baade,SPD,4
Rudolf Bäumer,SPD,4
Albert Baldauf,CDU,4
Paul Bausch,CDU,4
Curt Biegler,SPD,4
Adolf Bieringer,CDU,4
Willi Birkelbach,SPD,4
Otto Bismarck,CDU,4
Paul Bleiß,SPD,4
Hildegard Bleyler,CDU,4
Ernst Bodelschwingh,CDU,4
Franz Böhm,CDU,4
Georg Böhme,CDU,4
Max Brauer,SPD,4
Julius Brecht,SPD,4
Heinrich Brentano,CDU,4
August Bruse,SPD,4
Gerd Bucerius,CDU,4
Richard Burckardt,FDP,4
Arthur H. Busch,SPD,4
Arthur Busch,SPD,4
Werner Danz,FDP,4
Heinrich Deist,SPD,4
J.F. Volrad Deneke,FDP,4
Clara Döhring,SPD,4
Wolfgang Döring,FDP,4
Wolfram Dörinkel,FDP,4
Wilhelm Dopatka,SPD,4
Hans Drachsler,CSU,4
August Dresbach,CDU,4
Hermann Ehren,CDU,4
Ernst Theodor Eichelbaum,CDU,4
Ernst Engelbrecht-Greve,CDU,4
Margarete Engländer,CDU,4
Franz Etzel,CDU,4
Johannes Even,CDU,4
Hermann Finckh,CDU,4
Hedi Flitz,FDP,4
Ferdinand Friedensburg,CDU,4
Gerhard Fritz,CDU,4
Friedrich Funk,CSU,4
Walter Gaßmann,CDU,4
Gustav-Adolf Gedat,CDU,4
Albrecht Gehring,CDU,4
Helmut Geiger,CSU,4
Walter Richard Gerlich,CDU,4
Heinrich Gerns,CDU,4
Christian Giencke,CDU,4
Wilhelm Goldhagen,CDU,4
Wilhelm Gontrum,CDU,4
Karl Gossel,CDU,4
Bernhard Günther,CDU,4
Centa Haas,CSU,4
Marlis Hagen,CDU,4
Wilhelm Hahn,CDU,4
Walter Hammersen,FDP,4
Fritz Haniel-Niethammer,CSU,4
Walter Harm,SPD,4
Johann Harnischfeger,CDU,4
Johann Karl Heide,SPD,4
Rudolf-Ernst Heiland,SPD,4
Martin Heix,CDU,4
Clemens Hesemann,CDU,4
Josef Höchst,CDU,4
Heinrich Höfler,CDU,4
Wilhelm Hoegner,SPD,4
Matthias Hoogen,CDU,4
Peter Horn,CDU,4
Viktor Hoven,FDP,4
Karl Hübner,FDP,4
Eugen Huthmacher,CDU,4
Peter Jacobs,SPD,4
Hellmut Kalbitzer,SPD,4
Karl Kanka,CDU,4
Irma Keilhack,SPD,4
Ernst Keller,FDP,4
Emil Kemmer,CSU,4
Alma Kettig,SPD,4
Emilie Kiep-Altenloh,FDP,4
Liesel Kipp-Kaule,SPD,4
Günter Klein,SPD,4
Friedrich Knorr,CSU,4
Oswald Adolph Kohut,FDP,4
Friedrich Kraus,SPD,4
Reinhold Kreitmeyer,FDP,4
Hans Krüger,CDU,4
Ewald Krümmer,FDP,4
Heinz Kühn,SPD,4
Walther Kühn,FDP,4
Josef Kurtz,CDU,4
Georg Lang,CSU,4
Werner Lenz,SPD,4
Gottfried Leonhard,CDU,4
Josef Lermer,CSU,4
Karl Löbe,FDP,4
Adolf Ludwig,SPD,4
Johannes Lücke,SPD,4
Karl-Heinz Lünenstraß,SPD,4
Konrad Mälzig,FDP,4
Josef Maier,CDU,4
Georg Manteuffel-Szoege,CSU,4
Robert Margulies,FDP,4
Oskar Matzner,SPD,4
Josef Menke,CDU,4
Walter Menzel,SPD,4
Rudolf Metter,SPD,4
Erich Meyer,SPD,4
Ernst Wilhelm Meyer,SPD,4
Philipp Meyer,CSU,4
Klaus Mühlen,FDP,4
Hans Müller,SPD,4
Franzjosef Müser,CDU,4
Leonhard Murr,FDP,4
Kurt Neubauer,SPD,4
Erich Peter Neumann,CDU,4
Wilhelm Nieberg,CDU,4
Uwe-Jens Nissen,SPD,4
Theodor Oberländer,CDU,4
Richard Oetzel,CDU,4
Wilhelm Ohlemeyer,SPD,4
Erich Ollenhauer,SPD,4
Maria Pannhoff,CDU,4
Robert Pferdmenges,CDU,4
Walter Pflaumbaum,CDU,4
Arnold Poepke,CDU,4
Kurt Pohle,SPD,4
Hans-Jürgen Pohlenz,SPD,4
Moritz-Ernst Priebe,SPD,4
Willy Max Rademacher,FDP,4
August Ramminger,CSU,4
Hans Rauhaus,CDU,4
Luise Rehling,CDU,4
Gerhard Reichhardt,SPD,4
Carl Reinhard,CDU,4
Richard Reitzner,SPD,4
Walter Rieger,FDP,4
Heinrich Georg Ritzel,SPD,4
Carl Roesch,SPD,4
Franz Ruland,CSUS,4
Heinrich Scheppmann,CDU,4
Josef Scheuren,SPD,4
Josef Schlick,CDU,4
Georg Schneider,CDU,4
Heinrich Schneider,FDP,4
Kurt Schröder,SPD,4
Hans Schütz,CSU,4
Klaus Schütz,SPD,4
Werner Schwarz,CDU,4
Roland Seffrin,CDU,4
Franz Seidl,CSU,4
Friedrich Soetebier,FDP,4
Robert Stauch,CDU,4
Anton Storch,CDU,4
Otto Striebeck,SPD,4
Gustav Sühler,CSU,4
Ernst Supf,FDP,4
Hanns Theis,SPD,4
Arnold Verhoeven,CDU,4
Elisabeth Vietje,CDU,4
Rudolf Vogel,CDU,4
Gerhard Wacher,CSU,4
Friedrich Wilhelm Wagner,SPD,4
Fritz Weber,FDP,4
Helene Weber,CDU,4
Karl Weber,CDU,4
Heinz Wegener,SPD,4
Heinrich Wehking,CDU,4
Otto Weinkamm,CSU,4
Paul Weinzierl,CSU,4
Emmi Welter,CDU,4
Ernst Weltner,SPD,4
Friedrich Winter,CSU,4
Ladislaus Winterstein,SPD,4
Franz Wittmann,CSU,4
Kurt Wittmer-Eigenbrodt,CDU,4
Karl Wittrock,SPD,4
Alois Zimmer,CDU,4
Else Zimmermann,SPD,4
Georg-August Zinn,SPD,4
Ernst Zühlke,SPD,4
Raban Adelmann,CDU,3
Lisa Albrecht,SPD,3
Wilhelm Altvater,SPD,3
Karl Arnold,CDU,3
Robert Bach,SPD,3
Siegfried Bärsch,SPD,3
Wolfgang Bartels,CDU,3
Friedrich Bauereisen,CSU,3
Valentin Baur,SPD,3
Max Becker,FDP,3
Arno Behrisch,SPD,3
Franziska Bennemann,SPD,3
Bernhard Gerhard Bergmeyer,CDU,3
Emil Bettgenhäuser,SPD,3
Franz Blücher,DP,3
Else Brökelschen,CDU,3
Josef Brönner,CDU,3
Johannes Brüns,CDU,3
Johannes Caspers,CDU,3
Adolf Cillien,CDU,3
Kurt Conrad,SPD,3
Hans Demmelmeier,CSU,3
Georg Dewald,SPD,3
Anton Diel,SPD,3
Jakob Diel,CDU,3
Otto Dowidat,FDP,3
Anton Eberhard,FDP,3
Hermann A. Eplée,CDU,3
Hermann Eplée,CDU,3
Peter Etzenbach,CDU,3
August-Martin Euler,DP,3
Otto Feury,CSU,3
Alfred Frenzel,,3
Lotte Friese-Korn,FDP,3
Gustav Fuchs,CSU,3
Mathilde Gantenberg,CDU,3
Hugo Geiger,CSU,3
Robert Geritzmann,SPD,3
Fritz Glahn,FDP,3
Alfred Gleisner,SPD,3
Josef Gockeln,CDU,3
Hermann Mathias Görgen,CSUS,3
Otto Heinrich Greve,SPD,3
Wilhelm Gülich,SPD,3
Karl Hackethal,CDU,3
Dietrich Hahne,CDU,3
Fritz Heinrich,SPD,3
Fritz Hellwig,CDU,3
Georg Henckel von Donnersmarck,CSU,3
Hellmuth Guido Alexander Heye,CDU,3
Wilhelm Höck,CDU,3
Heinrich Höcker,SPD,3
Eugen Huth,CDU,3
Artur Jahn,CDU,3
Hans Jahn,SPD,3
Pascual Jordan,CDU,3
Hubert Jungherz,SPD,3
Dietrich Keuning,SPD,3
Georg Richard Kinat,SPD,3
Peterheinrich Kirchhoff,CDU,3
Gerhard Kisters,CDU,3
Wolfgang Klausner,CSU,3
Elfriede Hamelbeck,CDU,3
Elfriede Klemmert,CDU,3
Hermann Koch,CDU,3
Otto Köhler,FDP,3
Wilhelm Königswarter,SPD,3
Waldemar Kraft,CDU,3
Angelo Kramel,CSU,3
Gerhard Kreyssig,SPD,3
Ludwig Kroll,CDU,3
Caspar Krüger,CDU,3
Walter Kühlthau,CDU,3
August Kunst,CDU,3
Johannes Kunze,CDU,3
Wilhelm Lantermann,SPD,3
Walter Leiske,CDU,3
Paul Leverkuehn,CDU,3
Hanns-Gero Lindeiner,CDU,3
Hermann Lindrath,CDU,3
Heinrich Lübke,CDU,3
Marie-Elisabeth Lüders,FDP,3
Wilhelm Adam Lulay,CDU,3
Friedrich Maier,SPD,3
Reinhold Maier,FDP,3
Heinz Matthes,DP,3
Karl Meitmann,SPD,3
Wilhelm Mellies,SPD,3
Friedrich Mensing,CDU,3
Emmy Meyer-Laule,SPD,3
Franz Meyers,CDU,3
Richard Muckermann,CDU,3
Franz Mühlenberg,CDU,3
Oskar Munzinger,SPD,3
Frieda Nadig,SPD,3
August Neuburger,CDU,3
Maria Niggemeyer,CDU,3
Willy Odenthal,SPD,3
Josef Oesterle,CSU,3
Georg Pelster,CDU,3
Ernst Pernoll,CDU,3
Carl Pietscher,CDU,3
Carl Prennel,SPD,3
Victor-Emanuel Preusker,CDU,3
Wilhelm Probst,DP,3
Severin Fritz Pütz,SPD,3
Werner Pusch,SPD,3
Hugo Rasch,SPD,3
Ludwig Ratzel,SPD,3
Rudolf Recktenwald,SPD,3
Eckhard Reith,CDU,3
Hugo Rimmelspacher,SPD,3
Georg Ripken,DP,3
Ernst Rodiek,SPD,3
Julie Rösch,CDU,3
Hans-Carl Rüdel,CDU,3
Heinrich-Wilhelm Ruhnke,SPD,3
Fritz Schäffer,CSU,3
Hugo Scharnberg,CDU,3
Ernst Scharnowski,SPD,3
Heinrich Schild,CDU,3
Alfred Schliestedt,SPD,3
Cläre Schmitt,CDU,3
Ludwig Schneider,CDU,3
Helmuth Schranz,,3
Nikolaus Schreiner,SPD,3
Richard Schröter,SPD,3
Josef Schüttler,CDU,3
Hubert Schulze-Pellengahr,CDU,3
Theodor Siebel,CDU,3
Karl Simpfendörfer,CDU,3
August Spies,CDU,3
Willy Stahl,FDP,3
Viktoria Steinbiß,CDU,3
Carl Stenger,SPD,3
Georg Stierle,SPD,3
Leo Storm,CDU,3
Heinrich Sträter,SPD,3
Emil Theil,SPD,3
Otto Walpert,SPD,3
Philipp Wehr,SPD,3
Friedrich Werber,CDU,3
Rudolf Will,FDP,3
Herbert Wolff,CDU,3
Jeanette Wolff,SPD,3
Josef Worms,CDU,3
Johannes Albers,CDU,2
Ernst Albrecht,CDU,2
Otto Arnholz,SPD,2
Wilhelm Banse,SPD,2
Heinrich Barlage,CDU,2
Walter Bartram,CDU,2
Fritz Becker,DP,2
Reinhold F. Bender,GB/ BHE,2
Reinhold Bender,GB/ BHE,2
Hermann Berg,FDP,2
Martin Blank,FDP,2
Paul Bock,CDU,2
Hans Böhm,SPD,2
Franz Böhner,DZP,2
Josef Brenner,CDU,2
Johannes Brockmann,DZP,2
Walter Brookmann,CDU,2
Ernst-Christoph Brühler,DP,2
Karl Buchka,CDU,2
Dietrich Bürkel,CDU,2
Fritz Czermak,FDP,2
Otto Dannebom,SPD,2
Robert Dannemann,FDP,2
Robert Daum,SPD,2
Karl Diedrichsen,CDU,2
Maria Dietz,CDU,2
Anton Donhauser,CSU,2
Walter Drechsel,FDP,2
Heinrich Eckstein,CDU,2
Hermann Ehlers,CDU,2
Rudolf Eickhoff,DP,2
Martin Elsner,GB/ BHE,2
Hans-Egon Engell,GB/ BHE,2
Oskar Farny,CDU,2
Heinrich Fassbender,FDP,2
Aloys Feldmann,CDU,2
Erwin Feller,GB/ BHE,2
Eduard Fiedler,CDU,2
Eva Gräfin Finckenstein,CDU,2
Erni Finselberger,GB/ BHE,2
Rudolf Freidhof,SPD,2
Hermann Friese,CDU,2
Konrad Frühwald,FDP,2
Elisabeth Ganswindt,CDU,2
Karl Gaul,FDP,2
Wilhelm Gefeller,SPD,2
Heinz Gemein,GB/ BHE,2
Karl Gengler,CDU,2
Alfred Gille,GB/ BHE,2
Heinrich Glasmeyer,CDU,2
Robert Görlinger,SPD,2
Hubertus Golitschek,FDP,2
Benno Graf,CSU,2
Fritz Grantze,CDU,2
Hans Griem,CDU,2
Josef Grunner,SPD,2
Otto Gumrum,CSU,2
Horst Haasler,CDU,2
Richard Hammer,FDP,2
Werner Hansen,SPD,2
Fritz Held,FDP,2
Heinrich Hellwege,DP,2
Hans Henn,FDP,2
Karl Hepp,FDP,2
Karl Hoffmann,FDP,2
Ernst Holla,CDU,2
Michael Horlacher,CSU,2
Margarete Hütter,FDP,2
Herta Ilk,FDP,2
Wilhelm Jentzsch,FDP,2
Hedwig Jochmus,CDU,2
Karl Kahn,CSU,2
Jakob Kaiser,CDU,2
Pia Kaiser,CDU,2
Hugo Karpf,CSU,2
Linus Kather,CDU,2
Wilfried Keller,GB/ BHE,2
Karl Alfred Kihn,CSU,2
Josef Ferdinand Kleindinst,CSU,2
Gustav Klingelhöfer,SPD,2
Otto Klötzer,GB/ BHE,2
Oskar Knapp,CDU,2
Erich Köhler,CDU,2
Georg Körner,GB/ BHE,2
Walther Kolbe,CDU,2
Willi Koops,CDU,2
Johannes Kortmann,CDU,2
Wilhelm Kratz,CDU,2
Lothar Kunz,GB/ BHE,2
Walter Kutschera,GB/ BHE,2
Artur Ladebeck,SPD,2
Karl Lahr,FDP,2
Eugen Leibfried,CDU,2
Christian Leibing,CDU,2
Erich Leitow,SPD,2
Otto Lenz,CDU,2
Gertrud Lockmann,SPD,2
Hubertus Löwenstein-Wertheim-Freudenberg,DP,2
Wilhelm Lotze,CDU,2
Paul Luchtenberg,FDP,2
Gerhard Lütkens,SPD,2
Hasso Manteuffel,FDP,2
Willy Massoth,CDU,2
Hugo Mayer,CDU,2
Trudel Meyer,SPD,2
Rudolf Meyer-Ronnenberg,CDU,2
Rudolf Meyer-Ronberg,CDU,2
Friedrich Middelhauve,FDP,2
Anton Miller,CSU,2
Friedhelm Missmahl,SPD,2
Karl Mocker,GB/ BHE,2
Siegfried Moerchel,CDU,2
Matthias Moll,SPD,2
Wendelin Morgenthaler,CDU,2
Gebhard Müller,CDU,2
Karl Müller,CDU,2
Karl Müller,DP,2
Wilhelm Naegel,CDU,2
Fritz Neumayer,FDP,2
Fritz Ohlig,SPD,2
Alfred Onnen,FDP,2
Franz Op den Orth,SPD,2
Eduard Orth,CDU,2
Luise Peter,SPD,2
Helmut Petersen,GB/ BHE,2
Karl Georg Pfleiderer,FDP,2
Eduard Platner,DP,2
Gisela Praetorius,CDU,2
Ludwig Preller,SPD,2
Hermann Pünder,CDU,2
Paul Putzig,SPD,2
Bernhard Raestrup,CDU,2
Willy Reichstein,GB/ BHE,2
Hans Reif,FDP,2
Willi Richter,SPD,2
Max Riederer von Paar,CSU,2
Walter Rinke,CSU,2
Franz Josef Röder,CDU,2
Oskar Rümmele,CDU,2
Hermann Runge,SPD,2
Wilmar Sabaß,CDU,2
Anton Sabel,CDU,2
Adolf Franz Samwer,CDU,2
Walter Sassnick,SPD,2
Hermann Schäfer,FDP,2
Manfred Schäfer,CDU,2
Lambert Schill,CDU,2
Hanns Schloß,FDP,2
Karlfranz Schmidt-Wittmack,CDU,2
Franz Schneider,CVP,2
Joachim Schöne,SPD,2
Rudolf Schrader,CDU,2
Louise Schroeder,SPD,2
Hans Schuberth,CSU,2
Fritz Schuler,CDU,2
Hermann Schwann,FDP,2
Erich Schwertner,DPS,2
Frank Seiboth,GB/ BHE,2
Paul Sornik,GB/ BHE,2
Max Spörl,CSU,2
Karl Spreti,CSU,2
Ernst Srock,GB/ BHE,2
Artur Stegner,FDP,2
Karl Steinhauer,CDU,2
Johannes-Helmut Strosche,GB/ BHE,2
Ferdinand Stümer,SPD,2
Franz Tausch-Treml,SPD,2
Wilhelm Tenhagen,SPD,2
Willy Thieme,SPD,2
Johann Thies,CDU,2
Robert Tillmanns,CDU,2
Wilhelm Traub,SPD,2
Hermann Trittelvitz,SPD,2
Hermann Veit,SPD,2
Heinrich Voß,CDU,2
Oskar Wacker,CDU,2
Josef Wagner,SPD,2
Albert Walter,DP,2
Karl Walz,CDU,2
Fritz Wedel,DPS,2
Hans Wellhausen,FDP,2
Friedrich Welskop,CDU,2
Fritz Wenzel,SPD,2
Willi Weyer,FDP,2
Hugo Wiedeck,CDU,2
Hans-Peter Will,SPD,2
Friedrich Wilhelm Willeke,CDU,2
Ernst Winter,SPD,2
Carl Wirths,FDP,2
Otto Wittenburg,DP,2
Albert Wolf,CDU,2
Otto Ziegler,SPD,2
Heinrich Zimmermann,DP,2
Willi Agatz,KPD,1
Adolf Ahrens,DP,1
Rudolf Amelunxen,DZP,1
Maria Ansorge,SPD,1
Anton Aretin,FU,1
Thea Arnold,FU,1
Hermann Aumer,BP,1
Wilhelm Bahlburg,DP,1
Josef Baumgartner,BP,1
Georg Baur,CDU,1
Ludwig Bergstraesser,SPD,1
Helmut Bertram,FU,1
Anna Maria Bieganowski,DP,1
Karl Bielig,SPD,1
Hans Bodensteiner,CSU,1
Hermann Louis Brill,SPD,1
Paul Bromme,SPD,1
Karl Brunner,SPD,1
Carl Campe,DP,1
Hermann Clausen,FU,1
Hugo Decker,FU,1
Johannes Degener,CDU,1
Gregor Determann,FU,1
Hans Dirscherl,FDP,1
Fritz Dorls,SRP,1
Eduard Edert,Plos,1
Willi Eichler,SPD,1
Josef Eichner,FU,1
Hans Ekstrand,SPD,1
Hermann Etzel,FU,1
Hans Ewers,DP,1
Ernst Falkner,BP,1
Ernst August Farke,DP,1
Conrad Fink,CSU,1
Walter Fisch,KPD,1
Willy Fischer,SPD,1
Walter Freitag,SPD,1
Richard Freudenberg,FDP,1
Hans-Joachim Fricke,DP,1
Hans Friedrich,FDP,1
Hans-Gerd Fröhlich,WAV,1
Heinz Frommhold,DRP,1
Elimar Fürstenberg,CSU,1
Josef-Ernst Fugger von Glött,CSU,1
Oscar Funcke,FDP,1
Günter Goetzendorff,WAV,1
Otto Graf,SPD,1
Margarete Gröwel,CDU,1
Arthur Grundmann,FDP,1
Gustav Gundelach,KPD,1
Johannes Hagge,FDP,1
Wilhelm Hamacher,DZP,1
Johannes Handschumacher,CDU,1
Heinrich Happe,SPD,1
Paul Harig,KPD,1
Walther Hasemann,FDP,1
Wolfgang Hedler,WAV,1
Anne Marie Heiler,CDU,1
Franz Heinen,SPD,1
Günther Henle,CDU,1
Arno Hennig,SPD,1
Fritz Henssler,SPD,1
Gustav Herbig,SPD,1
Matthäus Herrmann,SPD,1
Theodor Heuss,FDP,1
Werner Hilpert,CDU,1
Hermann Höpker-Aschoff,FDP,1
Curt Hoffmann,FDP,1
Johannes Hoffmann,FU,1
Heinrich Hohl,CDU,1
Friedrich Holzapfel,CDU,1
Anton Hoppe,CDU,1
Heinrich Imig,SPD,1
Elfriede Jaeger,DRP,1
Paul Hans Jaeger,FDP,1
Robert Jaffe,DP,1
Albert Ludwig Juncker,FDP,1
Johann Junglas,CDU,1
Oskar Kalbfell,SPD,1
Heinrich Kemper,CDU,1
Karl Kern,CDU,1
Erich Klabunde,SPD,1
Friedrich Klinge,DP,1
Otto Kneipp,FDP,1
Waldemar Knoeringen,SPD,1
Willy Knothe,SPD,1
Harald Koch,SPD,1
Georg Kohl,FDP,1
Rudolf Kohl,KPD,1
Anni Krahnstöver,SPD,1
Paul Krause,DZP,1
Georg Kühling,CDU,1
Christian Kuhlemann,DP,1
Wilhelm Laforet,CSU,1
Roman Lampl,FU,1
Erich Langer,WAV,1
Willi Lausen,SPD,1
Bruno Leddin,SPD,1
Robert Lehr,CDU,1
Robert Leibbrand,KPD,1
Heinrich Leuchtgens,,1
Eduard Leuze,FDP,1
Fritz Linnert,FDP,1
Paul Löbe,SPD,1
Hans Löfflad,WAV,1
Bernhard Lohmüller,SPD,1
Martin Loibl,CSU,1
Alfred Loritz,WAV,1
Heinrich Maerkl,FU,1
Ernst Mayer,FDP,1
Georg Mayerhofer,FU,1
Matthias Joseph Mehs,CDU,1
Franz Xaver Meitinger,FU,1
Arthur Mertins,SPD,1
Heinz Meyer,SPD,1
Kurt Moosdorf,SPD,1
Willibald Mücke,SPD,1
Hans Mühlenfeld,DP,1
Heinrich Müller,SPD,1
Kurt Müller,KPD,1
Oskar Müller,KPD,1
Friederike Mulert,FDP,1
Jakob Neber,CDU,1
Christof Nickl,CSU,1
Otto Niebergall,KPD,1
Heinrich Niebes,KPD,1
Wilhelm Niklas,CSU,1
Robert Philipp Nöll von der Nahmer,FDP,1
Erik Nölting,SPD,1
Friedrich Nowack,SPD,1
Wilhelm Nowack,FDP,1
Hermann Nuding,KPD,1
Fritz Oellers,FDP,1
Eugen Oettingen-Wallerstein,FU,1
Franz Ott,Plos,1
Otto Pannenbecker,FU,1
Sepp Parzinger,FU,1
Wilhelm Paschek,DPB,1
Ernst Paul,SPD,1
Hugo Paul,KPD,1
Franz Pfender,CDU,1
Bernardus Povel,CDU,1
Wilhelm Rahn,CSU,1
Wilhelm Rath,FDP,1
Hans Albrecht Rechenberg,FDP,1
Max Reimann,KPD,1
Otto Reindl,WAV,1
Bernhard Reismann,FU,1
Heinz Renner,KPD,1
Hans Revenstorff,FDP,1
Gerhard Ribbeheger,FU,1
Franz Richter,WAV,1
Friedrich Rische,KPD,1
Ernst Roth,SPD,1
Karl Rüdiger,FDP,1
Gustav Sander,SPD,1
Josef Schatz,CSU,1
Hans Schlange-Schöningen,CDU,1
Wilhelm Schmidt,WAV,1
Joseph Schmitt,CDU,1
Hans Schmitz,CDU,1
Friedrich Schönauer,SPD,1
Carl Schröter,CDU,1
Kurt Schumacher,SPD,1
Johann Schuster,WAV,1
Gebhard Seelos,BP,1
Johann-Adam Segitz,SPD,1
Johannes Semler,CSU,1
Günther Sewald,CDU,1
Max Solleder,CSU,1
Paul Stech,SPD,1
Willi Steinhörster,SPD,1
Hermann Stopperich,SPD,1
Gertrud Strohbach,KPD,1
Gertrud Leibbrand,KPD,1
Otto Suhr,SPD,1
Johann Temmen,SPD,1
Adolf Thadden,DRP,1
Grete Thiele,KPD,1
Hans Tichi,WAV,1
Josef Trischler,FDP,1
Hermann Troppenz,SPD,1
Walter Vesper,KPD,1
Ludwig Volkholz,FU,1
Axel Vries,FDP,1
Oskar Wackerzapp,CDU,1
Josef Wallner,WAV,1
Johann Wartner,FU,1
Stephan Weickert,WAV,1
August Weinhold,SPD,1
Franz Weiß,CDU,1
Eberhard Wildermuth,FDP,1
Alex Willenberg,FU,1
Konrad Wittmann,WAV,1
Max Wönner,SPD,1
Ernst Woltje,DP,1
Walter Zawadil,FDP,1
Franz Ziegler,BP,1
