,comment_text,comment_party,comment_name,interrupted_speaker_party,interrupted_speaker,date,speech_id,preceding_context
412225,Wir würden uns die Diskussion gern ersparen!,CDU/CSU,Florian Oßner,GRÜNE,Tobias Bacherle,2022-11-22,187656,twendigen Ausbau immer noch diskutieren müssen. Aber es ist nun mal so. (Beifall beim GRÜNE sowie bei Abgeordneten der SPD) Ein guter Internetanschluss muss heutzutage – eigentlich schon in den letzten zehn Jahren – Teil der Daseinsvorsorge sein. (Beifall beim GRÜNE sowie bei Abgeordneten der SPD – 
57152,Wieviel Arbeits,SPD,Ottmar Schreiner,FDP,Ina Albowitz,1997-11-27,37416,und Herren! Herr Kollege Fuchtel  hat es eben schon gesagt: Auch 1998 wird der Haushalt des Bundesministers für Arbeit und Sozialordnung mit rund 150 Milliarden DM der weitaus größte  Einzeletat des Bundes sein. Das heißt: Nach wie vor  wird jede dritte Mark unseres Etats für Soziales ausgegeben.  (
82061,Das ist Schall und Rauch!,CDU/CSU,Norbert Geis,SPD,Dr. Herta Däubler-Gmelin,2000-07-06,48723,"stritten haben – seien das nun die Elternverbände, die Kinderschutzverbände oder, Herr Pofalla, der Familiengerichtstag, auf dem wir beide gemeinsam waren und wo gesagt wurde, dass diese Formulierung die richtige sei –, diese klare Formulierung in den vorliegenden Gesetzentwurf hineinzuschreiben.  ("
103641,Das macht der immer so! Das ist seine Art!,FDP,Ulrich Irmer,CDU/CSU,Erika Reinhardt,2002-01-23,55839,"e deutschen Vertriebenen ausdrücklich auf Rache und Vergeltung. Herr Außenminister, man hat das Gefühl, Sie langweilen sich etwas bei dieser Debatte. Ich glaube, wir alle sollten sie etwas ernster nehmen. (Beifall bei der CDU/CSU – Dr. Antje Vollmer [GRÜNE]: Das haben Sie schon zwanzigmal gesagt! – "
126453,Natürlich!  Habe ich ja gesagt!,CDU/CSU,Dr. Peter Paziorek,SPD,Michael Müller,2003-07-04,62493,"in Mitspracherecht haben. Wieso auch nicht? Technik ist nicht wertneutral, sie ist politisch zu bewerten. Wir haben eine große Bitte: Bei allen Unterschieden, die wir haben, sollten Sie das Instrument offensiv verteidigen und zeigen, dass es ein Teil der gemeinsamen Geschichte des Bundestages ist. ("
153580,Da geht Ihr Telefon! Es  geht sicher um Schleswig,CDU/CSU,<unknown>,SPD,Marion Caspers-Merk,2005-03-17,71223,"Frau Kollegin Klöckner, weil ich das für ein ernstes Thema halte, (Julia Klöckner [CDU/CSU]: Wir auch!) möchte ich die Dinge, die falsch sind, nicht stehen lassen. Ich habe vorhin bei der Kollegin Widmann-Mauz nicht reagiert, weil ich es schade finde, dass sie den Sachverhalt nicht kennt.  "
458093,Jawoll!,SPD,Maja Wallstein,SPD,Saskia Esken,2024-04-11,202005,"profitieren. (Beifall bei der SPD und der FDP sowie bei  Abgeordneten des GRÜNE) Liebe Kolleginnen und Kollegen, meine sehr geehrten  Damen und Herren, ich wiederhole gerne: Mit dem Startchancen-Programm haben wir das größte Bildungsprogramm der Geschichte der Bundesrepublik auf den Weg  gebracht, ("
337571,Nein! Das stimmt ja nun nicht!,GRÜNE,Annalena Baerbock,CDU/CSU,Maik Beermann,2018-10-18,152511,"ine klare Relation einigen konnte. Sie wissen bestimmt besser als ich, dass in vielen Länderparlamenten eben auch die Grünen mitregieren. Das heißt, auch aufgrund der Grünen in den Ländern konnte man sich anscheinend nicht darauf verständigen, eine andere oder deutlichere Relation festzuschreiben. ("
236322,Wie lange werden  Sie denn prüfen?,SPD,Manfred Zöllmer,CDU/CSU,Erwin Rüddel,2011-05-13,106225,en Übergang zu den „Frühen Hilfen“ schaffen. (Mechthild Rawert [SPD]: Aus welchem Haus soll  das kommen: Familie oder Gesundheit?) – Ich habe gesagt: Aus verschiedenen Töpfen wird eine Hilfe finanziert. (Mechthild Rawert [SPD]: Dann wird das  nichts!) Meine Fraktion wird das sehr sorgfältig prüfen (
427346,Da hat er recht!,CDU/CSU,Astrid Damerow,DIE LINKE,Ralph Lenkert,2023-04-28,192468,"oft wollen Sie die gleiche Milliarde Euro eigentlich noch ausgeben? (Heidi Reichinnek [DIE LINKE]: Das kennen wir!) Sie wecken Hoffnungen bei Kommunen, bei Unternehmen, bei Umweltverbänden, bei Bürgerinnen und Bürgern, die Sie zwangsläufig enttäuschen müssen. Das ist gefährlich für die Demokratie. ("
272227,"Das glaubst  du doch selbst nicht, was du da erzählst!",FDP,Hans-Michael Goldmann,FDP,Dr. Daniel Volk,2013-04-25,121048,"gewesen. (Manfred Zöllmer [SPD]: Ja, ja!) Deswegen haben wir die Regelung zu den Cash-GmbHs  eindeutiger, detaillierter, treffsicherer gemacht, und zwar  wirklich nur im Hinblick auf missbräuchliche Gestaltungen. (Manfred Zöllmer [SPD]: Neue Schlupflöcher  haben Sie geschaffen! – Gegenruf des Abg.  "
249994,"Ich dachte, ich hätte es in  Teilen auch gelobt!",SPD,René Röspel,FDP,Dr. Martin Neumann,2012-02-09,111774," – von den Innenpolitikern von CDU/CSU, FDP, SPD und GRÜNE gemeinsam im Grünbuch Risiken und Herausforderungen für die öffentliche Sicherheit in Deutschland des Zukunftsforums Öffentliche Sicherheit dargelegt wurden. Genau das, was darin enthalten ist, hat man jetzt in dieses Programm aufgenommen. ("
356409,Die Nazis gehen halt auch mit der Zeit!,GRÜNE,Dr. Irene Mihalic,CDU/CSU,Marc Henrichmann,2019-10-18,161132,"ktion, haben eine Anfrage gestellt!) Insofern stellen wir doch einmal fest – und vielleicht sind wir uns da wenigstens einig –, dass wir Verschiebungen in einem Phänomen haben, das – ja – Rechtsextremismus heißt, und wir in Teilen auch schauen müssen, dass wir diesen Verschiebungen gerecht werden. ("
361709,Bravo!,FDP,<unknown>,FDP,Renata Alt,2019-12-12,163026, nicht. (Beifall bei der FDP sowie bei Abgeordneten der CDU/CSU) Wir dürfen weder Putin noch seinen Marionettenrepubliken im Osten der Ukraine nachgeben. Für uns Freie Demokraten ist die territoriale Integrität der Ukraine nicht verhandelbar. (Beifall bei der FDP sowie bei Abgeordneten der CDU/CSU –
336374,Die Doppelmoral ist doch bei euch! Bleiben Sie bei den Fakten!,FDP,Karlheinz Busen,SPD,Timon Gremmels,2018-09-28,151883,"alles schneller geht. Sie wollen weniger naturschutzrechtliche Vorgaben. Jetzt machen Sie bei Windrädern im Wald genau das Gegenteil! Da sieht man, was für eine Doppelmoral Sie an den Tag legen. Die Doppelmoral ist wirklich mit den Händen zu greifen. (Beifall bei der SPD, der LINKEN und dem GRÜNE – "
415836,Das war ja schon längst weg!,SPD,<unknown>,CDU/CSU,Christina Stumpp,2022-12-15,188748,"nzeichnen. Es fehlen verarbeitete Waren. Es fehlen die Vertriebswege der Gastronomie und der Außer-Haus-Verpflegung. Es fehlen die anderen Tierarten. Ihr Stückwerk, Herr Minister, verspielt das Vertrauen unserer Verbraucher. (Beifall bei der CDU/CSU – Zoe Mayer [GRÜNE]: Was haben Sie denn gemacht? –"
227372,Auf dieser Brücke geht es abwärts!,GRÜNE,Sven-Christian Kindler,CDU/CSU,Hermann Gröhe,2010-11-26,102594,"er [GRÜNE]: Die haben tolle Konzepte! – Zuruf von der CDU/CSU: Die machen mit!) Die sind dagegen. Ein spannender Ideenwettbewerb sieht wahrlich anders aus. (Beifall bei der CDU/CSU und der FDP) Wir stehen zum Beispiel für ein Energiekonzept, das die Brücke ins Zeitalter erneuerbarer Energien baut. ("
305940,Da wäre ich als CSU,GRÜNE,Sylvia Kotting-Uhl,CDU/CSU,Florian Oßner,2016-03-18,137380," Das sagt eine Partei, deren Chef zu Herrn Orban fährt! Das muss man sich einmal vorstellen!) – Herr Krischer, ich habe Sie überhaupt nicht angesprochen, aber es ist erstaunlich, dass sich auch die Grünen sofort angesprochen fühlen, wenn es um das Nichtwahrnehmen von Verantwortung für Europa geht. ("
258965,Aber  Sie doch auch nicht!,DIE LINKE,Matthias W. Birkwald,SPD,Johannes Kahrs,2012-09-14,115498,"ass das SPD-Programm gar nicht so schlecht ist –, (Matthias W. Birkwald [DIE LINKE]: Das ist  doch nicht besser!) dann führt das in der Kombination dazu, dass die Menschen auf der einen Seite Angst vor Inflation und auf der  anderen Seite Angst vor Armut im Alter haben. Sie bieten keine Lösung an. ("
235999,Wir haben sie erarbeitet!,SPD,Ute Kumpf,CDU/CSU,Klaus Riegert,2011-05-12,106057,"Herr Präsident! Meine Damen und Herren! Ich finde es schön, dass sich die SPD der Fleißaufgabe gestellt hat, sich 70 Fragen zum bürgerschaftlichen Engagement auszudenken. ("
179053,Dann haben Sie  das falsche!,FDP,Heinz Lanfermann,SPD,Elke Ferner,2007-06-20,81994,"h auf einige Punkte eingehen. Herr Lanfermann hat etwas zur Generationengerechtigkeit gesagt und auf den Präsidiumsbeschluss der FDP Bezug genommen.  (Heinz Lanfermann [FDP]: Das heißt bei uns  „Parteitagsbeschluss“, Frau Ferner!) – Nein, oben auf meinem Papier steht „Präsidiumsbeschluss der FDP“. ("
118485,500 000!,CDU/CSU,Renate Blank,GRÜNE,Albert Schmidt,2003-01-16,59879,"001 im engeren Sinne kommen. Er weist aus, dass für die Bundesfernstraßen im Jahr 2000 9,9 Milliarden DM aufgewendet wurden, davon 8,2 Milliarden DM investiv. Sie können zwar einwenden, dass dieser Betrag um irgendeine Zahl hinter dem Komma niedriger war als vielleicht ein oder zwei Jahre vorher.  ("
77339,Da muss man aber doch vorher etwas  machen!,SPD,von Larcher,FDP,Ulrich Irmer,2000-02-16,46645,"t wurde. Hier hätte man warnen können und müssen. Hier  hätte man auch drohen können und vielleicht müssen.  Aber dann hätte man zumindest abwarten sollen und  Bundesminister Joseph Fischer müssen, ob dort wirklich etwas geschieht. Bisher ist   eben nichts geschehen.   (Beifall bei der FDP – Detlev "
459015,Das ist ja auch Realität!,GRÜNE,Beate Müller-Gemmeke,FDP,Maximilian Mordhorst,2024-04-12,202244,"llschaft kein Gefühl breitmachen, dass es sich nicht  mehr lohnt, zu arbeiten. (Kay Gottschalk [AfD]: Das ist schon längst  da!) Deswegen wollen wir ja besonders Menschen mit kleinen  Einkommen entlasten. Meine Fraktion ist da klar: Wer  arbeitet, muss mehr haben als derjenige, der nicht arbeitet. ("
230840,Der Rahmen wird ja nicht mehr genutzt!,SPD,Dr. Barbara Hendricks,CDU/CSU,Peter Weiß,2011-02-10,104062,"swert: Kaum sind die Sozialdemokraten ein bisschen länger als ein Jahr in der Opposition, können Sie sich offensichtlich nicht mehr an das erinnern, was Sie mit uns zusammen beschlossen haben. (Beifall bei der CDU/CSU – Paul Lehrieder [CDU/CSU]: Alles vergessen! Was für ein schlechtes Gedächtnis! – "
391033,Und dennoch keine Notlage?,CDU/CSU,<unknown>,FDP,Christine Aschenberg-Dugnus,2021-12-07,179421,"Vielen Dank. – Frau Präsidentin! Liebe Kolleginnen und Kollegen! Ja, die aktuelle Coronasituation ist sehr ernst. Stand heute sind es über 4 900 Patientinnen und Patienten, die intensivmedizinisch behandelt werden müssen. "
237192,Stimmt doch!,CDU/CSU,Dr. Michael Fuchs,SPD,Dr. Frank-Walter Steinmeier,2011-06-09,106593,"das ist ja noch gar nicht lange her – war Ihnen kein Wort zu groß. Auch damals wurde nicht mit Pathos gespart. Sie, Frau Merkel – ich darf das einmal zitieren –, haben von einer „Revolution im Bereich der Energieversorgung“ gesprochen, die bis zum Jahr 2050 trägt. (Volker Kauder [CDU/CSU]: Genau! – "
136903,Das steht aber nicht in Ihrem Antrag! Dann müssen Sie den Antrag noch erweitern!,CDU/CSU,Günter Nooke,SPD,Monika Griefahn,2004-03-12,65711,suchen südafrikanische Kinder aus den Problembereichen deutsche Schulen und erhalten dadurch bessere Bildungsmöglichkeiten.  Insofern vernachlässigen wir die Schulen mitnichten; wir betrachten sie vielmehr als Begegnungsstätten. Das ist ein entscheidender Punkt.  (Beifall bei Abgeordneten der SPD – 
376163,Warum habt ihr dann keinen Vorschlag?,FDP,Manuel Höferlin,SPD,Mahmut Özdemir,2020-10-08,170107,"e Lösung geben würde, dann hätten wir alle, glaube ich, auch leicht einen Konsens gefunden und uns einvernehmlich daran beteiligen können. Wir wollen eine Reform haben, die wirksam, verfassungssicher und verfassungstreu ist und sich harmonisch ins Gefüge unseres Rechts und unserer Gesetze einfügt. ("
41210,Sie  sind schon weiter als die SPD!,CDU/CSU,Dr. Wolfgang Schäuble,GRÜNE,Oswald Metzger,1995-11-10,26461,"rn. Dieses Problem  führt dazu, daß selbst in Zeiten, in denen die Wi rt -schaft floriert, Erträge der Großbetriebe am deutschen Fiskus vorbeifließen. Dieses Problem müssen  wir angehen. Das erkennen auch wir als Grüne.  (Wolfgang Zöller [CDU/CSU]: Dann müssen  Sie unseren Vorschlägen zustimmen! -  "
439070,Das war jetzt aber ein bisschen spitz!,FDP,Gerald Ullrich,CDU/CSU,Daniela Ludwig,2023-09-27,196158,"alsch sein. (Beifall bei der CDU/CSU) Ich habe heute jedenfalls kein vernünftiges Argument gegen unseren Antrag gehört, vielmehr Unterstützung, insbesondere vonseiten der FDP. Vielleicht sollten Sie mal in sich gehen. Wir verlassen auch gern den Saal, wenn Sie das in Ruhe unter sich klären wollen. ("
396043,Da fragen wir mal nach in Nordrhein,GRÜNE,Britta Haßelmann,CDU/CSU,Paul Ziemiak,2022-04-27,182140,"ändlich. Aber Ihr Minister hat gesagt: Wir werden alles in die Waagschale werfen, werden alles dafür tun, dass dieser Bau beschleunigt wird. – Was haben Sie konkret bisher gemacht? Sie haben gerade ausgeführt: eigentlich nichts Neues. – Was konkret wurde in den letzten fünf Monaten anders gemacht? ("
213433,Wie viel haben Sie denn?,GRÜNE,Alexander Bonde,CDU/CSU,Volker Kauder,2010-03-17,97716,"en Herausforderungen (Zuruf von der SPD: Genau!) und nicht ideologische Auseinandersetzungen. Die Antwort dieser Regierungskoalition auf die Frage, wie es weitergeht in unserem Land, damit Perspektiven eröffnet werden, ist ganz klar: Wir müssen dafür sorgen, dass es Wachstum in unserem Land gibt.  ("
75384,Die war stressig!,GRÜNE,Hans-Christian Ströbele,CDU/CSU,Dr. Michael Luther,1999-11-26,45726,"s wiederum keine Verbesserung gibt, müssen wir endlich zur Tat schreiten. Dann müssen wir an dieser Stelle eine Gesetzesänderung erreichen. (Beifall bei der CDU/CSU sowie bei Abgeordneten der FDP) Meine Damen und Herren, lassen Sie mich noch ein paar Bemerkungen zur Ausschußberatung selbst machen. ("
100379,Das war eine gute Rede! Konrad Gilges [SPD]: Ohne Inhalt! Die Rede war nur laut!,FDP,<unknown>,FDP,Dirk Niebel,2001-11-09,55000,"/CSU) Lassen Sie sich an Ihren Taten messen. Treten Sie von Rot und Grün gar nicht erst wieder zur Bundestagswahl an. Hören Sie auf Ihren Kanzler! Vielen Dank. (Beifall bei der FDP und der CDU/CSU  Franz Thönnes [SPD]: Das war aber nur eine 18- Prozent-Rede, Herr Kollege, keine 100-Prozent- Rede! "
435770,Haben da schwerwiegende Krisen dieses Land irgendwie erfasst? Oder war da was?,SPD,Saskia Esken,CDU/CSU,Alexander Dobrindt,2023-09-06,195087,"ro. (Otto Fricke [FDP]: Alles von euch beschlossen! Alles von der CDU beschlossen!) Das ist der Unterschied: 5 Milliarden Euro zu 95 Milliarden Euro. Fast 20 Prozent Ihres Haushalts werden aus Sondervermögen bestritten, und das ist was anderes als solide Haushaltsführung. (Beifall bei der CDU/CSU – "
332908,Meine Güte!,GRÜNE,Ulle Schauws,CDU/CSU,Melanie Bernstein,2018-06-28,150588,"uws [GRÜNE]: Da haben Sie wahrscheinlich nicht mit den Richtigen gesprochen!) Ihr Lösungsvorschlag richtet sich nicht an selbstbestimmte, verantwortliche Menschen, sondern versucht, mit Geld und einer sehr einseitigen Sicht auf die Dinge einer Problematik Herr zu werden, die so viel komplexer ist. ("
117524,"Einer reicht ja! Es wäre nicht schlecht, wenn einer dabei wäre, oder? Entschuldigung!",CDU/CSU,Hubert Hüppe,SPD,Ulla Schmidt,2002-12-18,59594,"Herr Kollege Hüppe, ich möchte die Empfehlung des Nationalen Ethikrates in dieser Frage nicht vorwegnehmen. Es wäre aber zu kurz gefasst, würde man so tun, als habe die Präimplantationsdiagnostik nur etwas mit behinderten Menschen zu tun. ("
118199,Stellen Sie Ihre Anträge!,CDU/CSU,Daniela Raab,GRÜNE,Hans-Christian Ströbele,2002-12-20,59781,"schen Bundestag als Letztes noch über einen Gesetzentwurf diskutieren, der sich mit Graffiti beschäftigt. Die Bundesrepublik Deutschland hat wichtigere Probleme und sollte sich diesen zuwenden. (Beifall beim GRÜNE und bei der SPD – Volker Kauder [CDU/CSU]: Ist Ihr Haus schon mal besprüht worden? –  "
129578,Sie haben nicht zugehört!,CDU/CSU,Andreas Storm,SPD,Helga Kühn-Mengel,2003-11-06,63471,Sehr geehrte Kolleginnen und Kollegen! Kollege Seehofer hat in der Tat kein Reizwort ausgelassen. Er hat alle Zielgruppen populistisch bedient. Aber eine Antwort ist er schuldig geblieben.  (Beifall bei der SPD und dem GRÜNE – Michael Glos [CDU/CSU]: Helga Kühn-MengelNehmen Sie das sofort zurück! – 
436834,Da schläft er bei ein!,CDU/CSU,Nina Warken,FDP,Otto Fricke,2023-09-08,195348,"habe mit dem Bundeskanzler mal drüber gesprochen, aber ich weiß ja gar nicht, worauf sich der Deutschlandpakt bezieht. Erstens kann er es nachlesen. Zweitens kann er sich ja auch, wenn er nicht so gerne liest, die Rede des Bundeskanzlers noch mal anhören, um herauszufinden, worauf es sich bezieht. ("
371582,Früher hat die FDP mal etwas von Wirtschaftspolitik verstanden! Das ist schon länger vorbei!,CDU/CSU,Alexander Dobrindt,FDP,Christian Dürr,2020-06-19,167853,"auland [AfD] – Alexander Dobrindt [CDU/CSU]: Das ist aber total dünne Suppe! – Dr. h. c. [Univ Kyiv] Hans Michelbach [CDU/CSU]: Jämmerlich!) Das „Politbarometer“ hat herausgefunden, dass 85 Prozent der Menschen in Deutschland nicht daran glauben, dass diese Mehrwertsteuersenkung bei ihnen ankommt. ("
434501,Unmöglich!,GRÜNE,Marcel Emmerich,AfD,Dr. Bernd Baumann,2023-07-06,194808,"r Migrant uns in Deutschland mehr hilft als alle feigen Regierungsparteien der vergangenen Jahrzehnte zusammen. (Beifall bei der AfD – Lamya Kaddor [GRÜNE]: Und Sie schaden unserem Land! – Dunja Kreiser [SPD]: Grausam! Da könnt ihr euch auf die Schultern klopfen, wie ihr wollt! Keine schöne Rede! – "
11783,"Ja, aber  warum ändern wir das nicht gemeinsam?",SPD,Ingrid Matthäus-Maier,CDU/CSU,Dr. Wolfgang Schäuble,1992-06-17,6863,"ürden, dann werden Sie vielleicht erkennen, daß es bei der Frage im Grunde nur darum geht,  daß die Länder den Kommunen bei den Bürgerkriegsflüchtlingen außerhalb des Asylverfahrens eine gleiche Kostenregelung ermöglichen wie bei Asylverfahren. Das ist nämlich der Punkt, weswegen die Kommunen — —  ("
161285,Unglaublich!,FDP,Dirk Niebel,CDU/CSU,Joachim Hörster,2006-02-10,73829,"d, der Innenminister zurückgetreten ist, weil er das nicht gewollt hat. Es stimmt mich sehr nachdenklich, dass andererseits der stellvertretende ägyptische Außenminister sagte: Die Karikaturen reihen sich in die antiislamischen Kampagnen ein, die seit dem 11. September 2001 den Westen beherrschen. ("
150028,Mit wenig Erfolg!,CDU/CSU,Hans Michelbach,SPD,Wolfgang Clement,2005-01-20,70033,"werden uns auch auf dem Gebiet Bürokratieabbau – es ist in Wahrheit das komplizierteste Gebiet – vorankämpfen. Ich werde dort nicht locker lassen. Ich bin inzwischen schon so alt, dass ich dabei gar nicht mehr müde werden kann. Auch in Nordrhein-Westfalen habe ich dieses Feld zu beackern versucht. ("
243202,So ist  es!,CDU/CSU,Johannes Singhammer,CDU/CSU,Willi Zylajew,2011-10-21,109113,"t Ihrem Antrag präsentieren Sie letztlich nichts anderes – ich behaupte, er ist noch nicht einmal durchgerechnet – als mehr Leistungsversprechen, höhere Leistungsvergütungen und höhere Kosten, und zwar ohne jede kritische Betrachtung. Das ist unverantwortlich und hat nichts mit Solidarität zu tun. ("
105369,Haben alle Institute im Herbst 2000 gesagt!,SPD,Joachim Poß,FDP,Rainer Brüderle,2002-02-21,56278,einend den Kopf mit dem Kehlkopf verwechselt. (Heiterkeit und Beifall bei der FDP und der CDU/CSU – Wilhelm Schmidt [Salzgitter] [SPD]: Das ist auch schon 30 Jahre alt!) Ich zitiere: Für 2001 erwarten wir weiterhin ein starkes ... Wirtschaftswachstum. Die Dynamik wird sich zwar leicht abschwächen; (
102749,"Hört, Hört!",SPD,Joachim Poß,CDU/CSU,Leo Dautzenberg,2001-11-30,55461,"d Gestaltungssicherheit – zunächst bis zum Jahre 2019 – erreicht; sie ermöglicht auch eine größere Unabhängigkeit der Kommunen. Schließlich wird es dem Bundesfinanzminister nicht mehr möglich sein, die Uneinigkeit der Länder für sachfremde Zwecke auszunutzen. (Beifall bei Abgeordneten der CDU/CSU – "
354515,Ist doch gut!,CDU/CSU,Dr. Andreas Nick,FDP,Nicole Westig,2019-09-13,160134,"ch zu bringen, um einen gemeinsamen Fahrplan zu entwickeln. Mit Blick auf das magere und wenig konkrete Ergebnis kann man aber nur sagen: Leider eine große Chance vertan! (Heike Baehrens [SPD]: Dann haben Sie ihn aber nicht gelesen!) Dort ist vieles unkonkret; vieles wurde sowieso schon umgesetzt. ("
168965,Aber Ihr Unfug ist Hightech?,SPD,Jörg Tauss,FDP,Ulrike Flach,2006-09-21,76872,"stern Abend ging über den Ticker, dass Herr Seehofer das Gesetz, das in diesem Zusammenhang beschlossen werden soll, erneut verschieben will. Wo ist denn da eine Hightechstrategie?  (Beifall bei der FDP)Seit der letzten Wahl warten wir bis zum heutigen Tage darauf, dass Sie das Geplante umsetzen.  ("
162390,Sehr richtig! Sie stimmen also unserem Antrag auch zu! Es werden ja immer mehr!,FDP,Hans-Michael Goldmann,SPD,Elvira Drobinski-Weiß,2006-03-09,74291," Preis oder der besseren Werbung, sondern nach der Qualität treffen.  (Beifall bei der SPD und der CDU/CSU – Hans- Michael Goldmann [FDP]: Sehr richtig!) Unser Leitbild ist der mündige Verbraucher, der eigenverantwortlich und bewusst am Marktgeschehen teilnimmt und dadurch den Markt mitgestaltet.  ("
195638,Das ist doch kein  Ausstieg! Das ist eine Bestandsgarantie!,DIE LINKE,Lutz Heilmann,SPD,Heinz Schmitt,2008-11-12,90047," auch Menschen von außerhalb gekommen sind, um mitzuhelfen, dass dieses Milliardengrab nicht entsteht.  Lassen wir uns nicht täuschen: Wer den Atomkonsens von 2001 aufkündigt, der spielt mit dem Feuer. Der Kompromiss für den geordneten Ausstieg aus der Atomkraft hat unsere Gesellschaft befriedet.  ("
219116,Das ist doch Quatsch!,GRÜNE,Katja Dörner,CDU/CSU,Marco Wanderwitz,2010-06-17,99726,"indestens genauso gut zu können, wie dies bei Einrichtungen der Fall ist. Nichts anderes meinten Sie. (Caren Marks [SPD]: Eltern, die ihre Kinder in der Kindertagesstätte betreuen lassen, erziehen ihre Kinder auch!) Ich sage Ihnen ganz offen, dass ich das für eine unglaubliche Unterstellung halte. ("
18570,Sehr gut!,CDU/CSU,<unknown>,CDU/CSU,Richard Bayha,1993-02-11,11108,"ruf von der SPD: Sagen Sie das dem Kohl  auch mal!)  An diesen Feststellungen ändert sich auch nichts  dadurch, daß hier ständig herumlamentiert wird,  polemisiert wird und kritisiert wird. Ich rate allen, die  nur diese drei Begriffe kennen: Krempeln Sie doch  mal die Ärmel hoch, und tun Sie was!  "
304037,"Haben Sie was zu Hause, Herr Lenkert?",CDU/CSU,Dr. Thomas Feist,DIE LINKE,Ralph Lenkert,2016-02-18,136674," das fehlende Bargeld höchstens temporär. Ich meine, Bargeld ist Schutz vor lückenloser Überwachung und eine Absicherung bei Stromausfall. Der Bericht 141/2010 des Büros für Technikfolgen-Abschätzung beim Deutschen Bundestag empfiehlt übrigens, Bargeldreserven für Katastrophenfälle bereitzuhalten. ("
284429,Machen wir ja auch nicht!,CDU/CSU,Volker Kauder,GRÜNE,Katrin Göring-Eckardt,2014-09-10,127205," will ich hier vor allem auf die Situation der Flüchtlinge eingehen. Seit Monaten habe ich keine Nachrichtensendung mehr gesehen, in der nicht die außenpolitischen Krisen an erster Stelle standen. Die Welt ist im Wandel, und wir sind mittendrin. Wir können die Augen nicht mehr davor verschließen.  ("
385316,Sie regeln heute gar nichts!,GRÜNE,Britta Haßelmann,CDU/CSU,Dr. Patrick Sensburg,2021-03-26,175574," – wir haben die Vorschläge gerade auf den Tisch gelegt, Kollege Schnieder hat es gemacht –, (Britta Haßelmann [GRÜNE]: Sie regeln heute gar nichts!) die Verhaltensregeln, die Nebeneinkünfte und, und, und; ich will nicht alles wiederholen, was Kollege Schnieder und Kollege Dr. Bartke gesagt haben. ("
248875,"Ja, das ist sie ja nun  nicht!",CDU/CSU,<unknown>,SPD,Manfred Zöllmer,2012-01-25,111341," on.de vom 12. November 2010. Dort hatte Frau Büssemaker erklärt, dass Sie nicht zur nächsten OB-Wahl antreten wird. Wörtlich sagte sie – ich zitierte –: Ich bin aus der Wirtschaft in dieses Amt gekommen – also Oberbürgermeisterin von Ettlingen –und möchte nun wieder zurück in die freie Wirtschaft. "
447076,"Doch, wir wollen!",AfD,<unknown>,GRÜNE,Filiz Polat,2023-11-30,198757," weil sie nicht in ihr Herkunftsland abgeschoben werden können. Zum Beispiel sind nach wie vor unter den Ausreisepflichtigen viele Afghaninnen und Afghanen. Diese können wir und wollen wir auch nicht abschieben, meine Damen und Herren. (Beifall beim GRÜNE sowie bei Abgeordneten der SPD und der FDP –"
388643,Volksentscheid!,AfD,<unknown>,DIE LINKE,Simone Barrientos,2021-06-09,178041,"n Gesellschaftsordnungen bekommt man so. Der Mann hat recht; denn Demokratie heißt eben nicht, dass sie da ist und fertig. Sie muss gehegt und gepflegt werden. Sie muss immer wieder auf den Prüfstand; denn die Gesellschaft verändert sich. Und dann fragt man sich: Demokratie, was ist das eigentlich? "
32449,Wieso?,FDP,<unknown>,CDU/CSU,Dr. Theodor Waigel,1994-06-30,20593,"adikale Minderheiten in die Lage  kommen könnten, zu unverhältnismäßigen Ergebnissen zu kommen.  (Beifall bei der CDU/CSU und der FDP —  Detlev von Larcher [SPD]: Das war aber  nicht gut!)  Die Erfahrungen der Weimarer Republik mit plebiszitären Verfassungselementen waren nicht erfolgversprechend.  "
88828,Sondern? Was wollen Sie denn machen?,SPD,Gernot Erler,FDP,Dr. Helmut Haussmann,2001-01-19,51025,"nd wird sich kein Jota ändern.  Gerade weil wir so aktiv für die Osterweiterung der Europäischen Union eintreten, ist das Ergebnis von  Nizza für uns so enttäuschend. Richtig ist: Wer für die Erweiterung ist, kann dem Vertragsentwurf von Nizza in der bisher bekannten Form nicht einfach zustimmen.  ("
59689,Vor wem!,FDP,Gisela Frick,CDU/CSU,Peter Rauen,1998-04-01,38944,"age, Roß und Reiter zu nennen, hier klare Zahlen zu präsentieren und  zu sagen, wie Sie Ihre Reform finanzieren wollen.  Das tun Sie aber nicht, weil Sie im Nebel stochern  wollen.  Offenbar richten sich die Steuersätze bei Ihnen danach, wer gerade wo redet.  (Beifall bei der CDU/CSU und der FDP -  "
276378,Oder kann im Gegensatz zu Ihnen lesen!,GRÜNE,Omid Nouripour,CDU/CSU,Markus Grübel,2013-09-02,123395,". Bundesminister de Maizière hat von Anfang an die Wahrheit gesagt. Es gibt keinen einzigen Beweis, der das Gegenteil  belegt. (Omid Nouripour [GRÜNE]: Lesen bildet!) Wer hier etwas anderes sagt, der ist entweder ahnungslos  oder bösartig – im Zweifel beides. (Beifall bei der CDU/CSU und der FDP –  "
336775,Gut so!,FDP,Dr. Wieland Schinnenburg,DIE LINKE,Katja Kipping,2018-10-11,152110,"ährt alle!) Was uns aber heute unter dem Titel „Teilhabechancengesetz“ vorgelegt wird, hat mit garantierter Teilhabe wenig zu tun. Es bleibt beim gezielt kleingerechneten Existenzminimum für Hartz‑IV-Beziehende. Es bleibt bei den Sanktionen und bei der Anrechnung innerhalb der Bedarfsgemeinschaft. ("
35442,Das ist richtig!,CDU/CSU,<unknown>,CDU/CSU,Hannelore Rönsch,1995-03-09,22620," gestaltet sehen will.  (Horst Sielaff [SPD]: Sie haben die Forde rungen nicht gehört!)  Auch da war die Redezeit sehr schnell zu Ende, und  wir haben immer noch nichts von den Perspektiven  gehört, auf die sich unsere Bäuerinnen und Bauern  verlassen können.  (Beifall bei der CDU/CSU und der FDP - "
437568,Was dann?,SPD,von Malottki,CDU/CSU,Thomas Jarzombek,2023-09-21,195658,ulung im vierten und im fünften Lebensjahr. Da müssen wir etwas tun. Das sagt uns auch die Bildungsforschung. (Ria Schröder [FDP]: Sie regieren doch in den Ländern!) Und deshalb sieht unser Antrag heute einen verbindlichen Test und verbindliche Maßnahmen im vierten und fünften Lebensjahr vor. (Erik 
391303,Die definieren Gott sei Dank nicht Sie!,GRÜNE,Britta Haßelmann,fraktionslos,Matthias Helferich,2021-12-15,179580,"hörigkeitsrecht noch weiter zu liberalisieren, sprechen hierfür. Das, was Sie eine Modernisierung des Staatsangehörigkeitsrechts nennen, ist eine weitere Entwertung der Zugehörigkeit zu unserem Staatsvolk, eine Verwässerung der tiefen und unteilbaren Loyalität zu Deutschland. (Beifall bei der AfD – "
304642,Das wäre ja auch noch schöner!,GRÜNE,Nicole Maisch,SPD,Ursula Schulte,2016-02-25,136905,"sidentin! Sehr verehrte Damen und Herren auf der Tribüne! Liebe Kolleginnen und Kollegen! Wir haben vor knapp einem Monat den Kinder- und Jugendschutz gestärkt. Wir haben nämlich beschlossen, dass Tabakwaren und elektronische Zigaretten nicht mehr an Kinder und Jugendliche abgegeben werden dürfen. ("
149291,Jetzt haben Sie sie wieder herausgenommen! Wo ist die Fundpapierdatei denn in Ihrem Fraktionsantrag geblieben? Die ist gestrichen!,CDU/CSU,Reinhard Grindel,SPD,Rüdiger Veit,2004-12-16,69777,"ich stärker um die Frage der Passbeschaffung bemühen.  Bemerkenswert ist auch Ihre Forderung nach einer zentralen Passabgleichstelle. Dazu kann ich nur sagen: Wir haben ja gerade bei dem ersten Versuch, das Zuwan- Rüdiger Veitderungsgesetz anzupassen, eine Fundpapierdatenbank gesetzlich verankert. ("
291847,"Das kommt aber für viele Häuser in der Fläche schon zu spät, viel zu spät!",DIE LINKE,Kathrin Vogler,SPD,Hilde Mattheis,2015-03-05,130877,"elesen haben – ich bin überzeugt, dass ihn alle gelesen und auswendig gelernt haben –, dann wissen Sie: Wir gehen nicht nur die Reform des Medizinstudiums an; wir werden auch bezüglich der Krankenhausfinanzierung einiges regeln, was wichtig ist und diese Versorgungsstrukturen sichert und ausbaut.  ("
160158,Sehr richtig!,CDU/CSU,Hartmut Koschyk,CDU/CSU,Ingbert Liebing,2005-12-16,73189,". Denn was hätten Sie mit Ihrer Position erreicht? Sie haben doch nur erreicht, dass es eben keine Verständigung gegeben hat. Diente das denn den Interessen der Verbraucher mehr? Haben Sie durchgesetzt, dass das Thema Altstoffe – es geht um die Stoffe von vor 1981 – jetzt wirklich angepackt wird?  ("
80023,Ihr habt euch doch nie darum gekümmert!,SPD,<unknown>,CDU/CSU,Werner Lensing,2000-05-11,47847,"ihrem Antrag berücksichtigt. So viel Konsequenz hätte mich im Übrigen auch erstaunt. Doch eines muss klar sein, meine sehr verehrten Damen und Herren: Die Mobilisierung bisher bildungsbenachteiligter Gruppen, so wichtig diese ist, und die Verwirklichung „lernender Regionen“ reichen eben nicht aus.  "
101786,"Herr Kollege Lippelt, Sie dürfen den Präsidenten nicht kritisieren! Seien Sie vorsichtig!",CDU/CSU,Dr. Karl-Heinz Hornhues,GRÜNE,Dr. Helmut Lippelt,2001-11-28,55336,"st denn das für ein Niveau?) Dann haben Sie, Herr Präsident, über den „Unterwerfungsparteitag“ gesprochen und Sie, Herr Hoyer, haben von einem seidenen Faden und einem Gewissen, das uns in Rostock abgekauft worden sei, geredet. Herr Solms, Sie haben ja unseren Kollegen Oswald Metzger angesprochen, ("
64365,"Das glaube ich nicht, Frau Schwaetzer!",SPD,<unknown>,FDP,Dr. Irmgard Schwaetzer,1998-12-10,41200,"wirrung hinterlassen! – Dr. Thea Dückert [GRÜNE]: Bei Ihnen, aber nicht bei den Betroffenen!) Ich will das an ein paar Beispielen deutlich machen. Erstens. Die gesetzliche Regelung der vollen Lohnfortzahlung im Krankheitsfall wird in die nächsten Tarifverhandlungen zusätzlichen Streit hineintragen. "
281078,Ich auch!,GRÜNE,Oliver Krischer,SPD,Sigmar Gabriel,2014-05-07,125692,"rd, den Kostenanstieg auszubremsen, sparen, indem man einfach die Ausnahmen für die stromintensive Industrie abschafft, die immerhin zu einer Mindereinnahme von 5 Milliarden Euro führen.  (Zuruf des Abg. Oliver Krischer [GRÜNE])  – Doch, das war der Vorhalt dort; ich war ja auf der Veranstaltung.  ("
378507,Das ist eine reine Hetzrede!,GRÜNE,Steffi Lemke,AfD,Iris Harder-Kühnel,2020-11-19,171579,"ellschaften, die man in Nordafrika und im Nahen und Mittleren Osten antreffen kann. Deutschland ist auf dem besten Weg, zu einer solchen Gesellschaft zu werden. Sie machen Berlin zu Bagdad. (Beifall bei der AfD – Marianne Schieder [SPD]: Wussten wir doch, dass es nur eine kurze Zeitspanne dauert! – "
398038,Das steht aber so nicht im Gesetzentwurf drin!,CDU/CSU,Kai Whittaker,GRÜNE,Frank Bsirske,2022-05-13,182924,"n können, trifft nicht zu, liebe Jessica Tatti. Sie haben in manchem recht, an diesem Punkt nicht. (Jessica Tatti [DIE LINKE]: Damit habe ich auch recht!) Wir werden zweifelsfrei rechtlich klarstellen, dass dem auch so ist, wie ich es Ihnen sage. (Beifall beim GRÜNE sowie bei Abgeordneten der SPD – "
335016,Ruhe da hinten! Lesen Sie mal die Geschäftsordnung! Es darf auch eine Bemerkung sein!,DIE LINKE,Matthias W. Birkwald,GRÜNE,Sven-Christian Kindler,2018-09-12,151228," dass es natürlich notwendig ist, sich von jeder Gewalt zu distanzieren und gewaltfrei gegen Rassismus, Nazis und Antisemitismus auf die Straße zu gehen. (Zuruf von der AfD: Frage!) – Ich muss keine Frage stellen. Eine Zwischenbemerkung ist in Ordnung. (Zuruf von der AfD: Frage! – Gegenruf des Abg. "
61416,Wer hat  die Aktuelle Stunde beantragt? Sie oder  wir?,CDU/CSU,Erwin Marschewski,SPD,Dr. Cornelie Sonntag-Wolgast,1998-05-27,39703,"n sich dem Endresultat Ihrer falschen Politik. Sie greifen eine angespannte Stimmungslage auf und reizen viele Menschen dazu, für die eigenen Sorgen und die eigene  Unzufriedenheit Sündenböcke zu suchen. Das ist fatal und verantwortungslos.  (Beifall bei der SPD sowie bei Abgeordne-ten des GRÜNE -  "
61944,Das kann schon sein!,GRÜNE,Halo Saibold,SPD,Susanne Kastner,1998-06-18,39977,"ört!) Einer dieser Anträge lautet „Kurgewährung nach  medizinischer Indikation"". Warum wird im Bayerischen Landtag dieser Antrag gestellt, wenn Sie sagen: Das ist längst möglich? Attestieren Sie Ihren  Kollegen im Bayerischen Landtag, daß sie die Gesetze des Herrn Seehofer nicht beg riffen haben?  ("
137388,Zuhören!,CDU/CSU,Ronald Pofalla,SPD,Dr. Hans-Peter Bartels,2004-03-25,65932,"ung und Sache der militärischen Fachleute. Da mischt der Bundestag nicht mit. Es ist Quatsch, wenn Kollege von Klaeden – dies hat er auch in der letzten Bundestagsdebatte zur Bundeswehrreform getan – befürchtet, wir wollten eine Gewaltenvermischung in Gesetzesform festschreiben. Wo denn? Wie denn? ("
373416,Ich nicht!,SPD,Timon Gremmels,AfD,Steffen Kotré,2020-09-11,168893," nur um den Kampf gegen die AfD. Wenn ich dort als Umweltschützer bin und den Wald schützen will, wenn also jemand kommt, der unterstützen will, der seine Unterstützung anbietet und nachfragt, wie er unterstützen kann, und das dann abgelehnt wird, das zeugt eben von dieser Ideologie, die Sie haben ("
320475,Ach Gott!,CDU/CSU,Dr. Jan-Marco Luczak,GRÜNE,Katja Keul,2017-04-28,144212,"ich sind, dann geben Sie zu, dass das bis auf die CSU letztlich auch alle hier im Deutschen Bundestag vertretenen Parteien erkannt haben. Lassen Sie sich in dieser Frage bitte nicht schon wieder durch diese bayerische Regionalpartei aufgrund deren Profilierungssucht vorführen. (Beifall beim GRÜNE – "
412705,Das kann man sich im Haushaltsplan anschauen!,SPD,Andreas Schwarz,AfD,Rüdiger Lucassen,2022-11-23,187734,"n zu machen, aber sie schafft es nicht, das Geld für unsere Streitkräfte auszugeben. Was die Bundesregierung unserer Bundeswehr antut, ist Sabotage, Sabotage durch Unfähigkeit. (Beifall bei der AfD) Liebe Kollegen, was könnte eine willige und fähige Bundesregierung mit 100 Milliarden alles machen? ("
365887,Immer noch!,GRÜNE,Filiz Polat,CDU/CSU,Philipp Amthor,2020-02-13,164747,"assungsschutz ganz bewusst und richtig entschieden hat, beim Flügel näher hinzuschauen und auch die Beziehungen zur rechtsextremistischen Gruppierung innerhalb der AfD anzuschauen. Da war Ihre Forderung noch, den Verfassungsschutz am besten abzuschaffen, seine Haushaltsmittel völlig zu reduzieren. ("
459782,Stimmt!,SPD,Dr. Karamba Diaby,GRÜNE,Max Lucks,2024-04-25,202577,Sehr geehrter Herr Präsident! Liebe Kolleginnen und  Kollegen! Jedes Menschenleben ist gleich viel wert. (
8406,So ist es!,SPD,<unknown>,CDU/CSU,Dr. Theodor Waigel,1992-01-17,4890,"Gesetzentwurf der Bundesregierung wollen wir keine Diskussion über die Neugliederung des  Bundesgebietes beginnen.  (Zuruf von der SPD: Na?)  Die Befürchtungen der Länder sind hier unbegründet.  Das Bundesbankgesetz wäre ein schlechtes Instrument, um eine solche Initiative auf den Weg zu  bringen.  "
367502,Das stimmt!,SPD,Dagmar Ziegler,DIE LINKE,Katja Kipping,2020-03-06,165369,"ng Ihrer eigenen Geschichte? Wissen Sie, mein Großvater war in der Blockpartei LDPD, die sich mit der FDP vereinigte. Mir kann niemand erzählen, dass alle Blockparteimitglieder systemkritisch waren. So mancher entschied sich nämlich auch dafür, weil das einfach nur förderlich für die Karriere war. ("
255228,Quatsch!,FDP,Joachim Spatz,GRÜNE,Manuel Sarrazin,2012-05-11,113989," dem, was Herr Krichbaum gewürdigt hat? Es war die Hohe Behörde, die die gemeinsame Montanunion verwaltet. Die Europapolitik dieser Regierung bricht mit dem Erbe von Schuman, weil Frau Merkel in Brügge mit der Unionsmethode zum Angriff auf die Kommission und das Europäische Parlament geblasen hat. ("
437870,Sie arbeiten mit Rechtsextremen zusammen! Sie stimmen mit denen zusammen ab! So legitimiert man Rechtsextremismus in Deutschland!,GRÜNE,Julian Pahlke,CDU/CSU,Alexander Hoffmann,2023-09-21,195723," Ihre Partei!) Die spannende Frage, die Sie sich stellen müssen, ist doch: Warum nehmen Sie der AfD dieses Thema nicht einfach weg? Denn die Leute erwarten nicht von heute auf morgen eine Lösung, sondern die Leute erwarten, dass Sie sich ernsthaft um dieses Thema kümmern. (Beifall bei der CDU/CSU – "
420910,Haben Sie doch gemacht 16 Jahre lang!,AfD,Dr. Bernd Baumann,CDU/CSU,Thorsten Frei,2023-03-02,190414,"E]: Mein Gott! Das Gesetz darauf zu reduzieren, ist echt peinlich!) Und was planen Sie in den nächsten Wochen? Dass man zukünftig auch durch eidesstattliche Versicherung die Identität feststellen kann. Das ist das Gegenteil einer Politik, die notwendig wäre. Das ist eine Politik der offenen Türen. ("
306962,"Dann bin ich gespannt, wann!",GRÜNE,Dr. Valerie Wilms,CDU/CSU,Patrick Schnieder,2016-04-29,138009," machen die Länder!) Wir wollen nicht „Wunsch und Wolke“ hineinschreiben, sondern wir haben eine realistische Vorstellung davon niedergeschrieben, was wir bis 2030 umsetzen können. Deshalb gilt die Aussage: Was dort im Vordringlichen Bedarf erscheint, wird auch realistisch umgesetzt werden können. ("
351737,Haben Sie den Antrag nicht gelesen?,CDU/CSU,Christoph Bernstiel,GRÜNE,Katrin Göring-Eckardt,2019-06-06,159050," Kohl gemacht, die haben die Menschen in der DDR gemacht, Frau Connemann. Das zu würdigen, ohne so zu tun, als ob es doch irgendjemand anderes gewesen ist, könnte diese Debatte heute in aller Ehrlichkeit vertragen. (Beifall beim GRÜNE, bei der SPD und der LINKEN sowie bei Abgeordneten der CDU/CSU – "
455186,Endlich! Ihre eigenen Erfahrungen!,AfD,Martin Reichardt,SPD,Helge Lindh,2024-02-23,201007,"lingt etwas unlogisch; aber egal, ist so. (Jörn König [AfD]: Vor Ihren Klamotten haben wir Angst! Sonst nicht!) Am Ende wird dieser AfD-Fan reumütig und sentimental. Eigentlich, sagt er zu mir, bin ich ja ziemlich erbärmlich. Ich bin nicht groß, ich bin klein. Ich kenne nur Dagegen und kein Dafür. ("
358882,Richtige Frage!,DIE LINKE,Jan Korte,DIE LINKE,De Masi,2019-11-14,162173," einen eigenen Antrag, und den kennen Sie auch!) Die EU-Kommission hat ermittelt, dass mittelständische Unternehmen 30 Prozent mehr Steuern zahlen als die großen Multis in Europa. (Dr. Gesine Lötzsch [DIE LINKE]: Unglaublich!) Warum finde ich dazu nichts im Antrag der FDP? (Beifall bei der LINKEN – "
112341,Sie lassen den Laden hinter sich!,CDU/CSU,Wolfgang Zöller,GRÜNE,Monika Knoche,2002-06-27,58392,"Sehr geehrte Herren und Damen! Ich nehme nicht an, dass Sie mich mit einbezogen haben, Frau Widmann-Mauz, als Sie meinten, die Nerven lägen blank. Mir geht es eigentlich gut. (Wolfgang Lohmann [Lüdenscheid] [CDU/ CSU]: Sie nehmen das gelassen! Das stimmt! – "
131872,Das wird ausgeweitet! Das haben wir bewusst einbezogen!,GRÜNE,Franziska Eichstädt-Bohlig,CDU/CSU,Ursula Heinen,2003-11-26,64011,"g; darüber brauchen wir nicht zu diskutieren. Aber Verbraucherpolitik umfasst doch nicht nur nachhaltigen Konsum und Ernährungsfragen. Es geht heutzutage noch um ganz andere Themen. Ich nenne Stichworte wie Altersvorsorge, Mietfragen, Finanzierung des Eigenheims, Produkt- und Energieberatung etc.  ("
25194,Das muß sein!,FDP,Dr. Dieter Thomae,CDU/CSU,Horst Seehofer,1993-10-28,15372,"stalten. Möglicherweise  wird es danach weniger Institute geben. Der Vorwurf,  man würde damit Einfluß auf die Wissenschaft nehmen wollen, liegt völlig daneben. Ich möchte, daß die  Institute noch mehr Verantwortung bekommen und  noch mehr Eigenverantwortlichkeit zeigen als in der  Vergangenheit.  ("
413038,Alles schon im Ausschuss erledigt und erklärt!,GRÜNE,Lisa Badum,AfD,Karsten Hilse,2022-11-24,187818,"et werden. Eines der Hauptziele ist es aber offensichtlich, eine mögliche Reparatur von Nord Stream 2 zu verunmöglichen. Nachdem die Bundesregierung keinerlei – keinerlei! – Schritte unternimmt, um die Zerstörung dieser wichtigen Lebensadern aufzuklären, ja, sogar Fragen von Abgeordneten abbügelt, ("
280404,Da bin ich mal gespannt!,CDU/CSU,Henning Otte,DIE LINKE,Niema Movassat,2014-04-08,125496,"rikanischen Republik. Ich sage Ihnen: Frankreich ist nicht Teil der Lösung, sondern Teil des Problems. Dessen Truppen müssen raus aus Zentralafrika. Das wäre ein Beitrag zur Deeskalation.  (Beifall bei der LINKEN – Henning Otte [CDU/CSU]: Und was würden Sie dann machen?)  – Darauf komme ich noch.  ("
200424,Hartz IV kommt noch!,SPD,Dr. Peter Danckert,DIE LINKE,Katrin Kunert,2009-03-05,92334,"INKEN) Diese Bedingungen an den Hochschulen führen dazu, dass es immer schwieriger ist, ein Studium zu absolvieren. Die Verkürzung und die Konzentration des Studiums bringen Probleme mit sich. Nun soll es für Spitzensportler eine Ausnahme geben.  (Dagmar Freitag [SPD]: Jetzt kommen wir zum Thema! – "
238390,"Das kriegen wir  hin, Marlene!",CDU/CSU,Michaela Noll,SPD,Marlene Rupprecht,2011-07-01,107202,"sen wissen, dass die Menschen um sie herum keine Denunzianten, sondern Nachbarn sind, mit denen man über Probleme reden kann. Daran arbeiten wir. Ich finde es sehr gut, dass wir das heute gemeinsam machen wollen. In diesem Sinne hoffe ich auf gute und gemeinsame Beratungen in den nächsten Monaten. ("
349330,"Kennen Sie sich ja gut aus, Herr Dehm!",AfD,Jürgen Braun,DIE LINKE,Dr. Diether Dehm,2019-04-11,157838,Sehr geehrter Herr Präsident! Die Forderung nach Abschaffung des Netzwerkdurchsetzungsgesetzes (Philipp Amthor [CDU/CSU]: Ist Quatsch!) unterstützen wir. Die Stärkung der Gesinnungspolizei im Internet – East StratCom Task Force – lehnen wir ab. (Beifall bei der LINKEN – 
83093,16 Jahre haben wir darauf gewartet! So schnell wie wir ist keiner!,SPD,Angelika Mertens,FDP,Hans-Michael Goldmann,2000-09-14,49008,"nicht der Wohnraum als solcher. Oder nehmen Sie die CO2-Minderung im Gebäudebereich. Nichts ist hier bisher zustande gebracht worden.  (Dietmar Schütz [Oldenburg] [SPD]:  Warten Sie mal ab!) – Warten Sie mal ab? Wir warten seit zwei Jahren, seit zwei Jahren sind Sie an der Regierung, Herr Schütz.  ("
388662,Eine Rede als Realsatire!,FDP,Graf Lambsdorff,DIE LINKE,Tobias Pflüger,2021-06-09,178057,"t irgendwelche Anträge dreimal oder viermal vorzulegen. Deshalb: Wir werden diesen Antrag ablehnen, weil es keinen Sinn macht, Reservisten noch in hohem Alter einzuziehen. Wir wollen eine zivile Bekämpfung der Pandemie, und dafür sollten wir kämpfen. Vielen Dank. (Beifall bei der LINKEN – Alexander "
102774,Das war uns aber ganz neu!,SPD,<unknown>,FDP,Gisela Frick,2001-11-30,55463,den keine Regelungen vom Lehrstuhl eines Universitätsprofessors oder vom Sessel eines Bundesverfassungsrichters aus treffen. Das ist ja schön und gut. Aber das Bundesverfassungsgericht ist der Hüter unserer Verfassung; das möchte ich Ihnen sehr deutlich sagen. (Beifall bei der FDP und der CDU/CSU – 
54893,"Aber ist das ein  Grund, es kaputtzumachen?",SPD,Waltraud Lehn,CDU/CSU,Roland Sauer,1997-09-11,36097,"ollten sich darüber im klaren sein, daß sich  die Menschen in den Vereinigten Staaten, in Großbritannien, in Frankreich, um nur wenige Staaten zu  nennen, glücklich schätzen würden, wenn ihr Gesundheitswesen medizinisch und pflegerisch auf  einem solch hohen Niveau stehen würde wie das  deutsche.  ("
277204,"Das haben Sie doch aufgeschrieben, ohne dass Sie die Rede kannten!",CDU/CSU,Michael Grosse-Brömer,GRÜNE,Agnieszka Brugger,2014-01-16,123847,"r umso drängendere Fragen. Auch da müssen Sie liefern. Was Sie im Interview vom Wochenende dazu gesagt haben, war enttäuschend. Ich finde, auch in Ihrer heutigen Rede, Frau Ministerin, haben Sie mehr Fragen gestellt als Antworten präsentiert.  (Beifall beim GRÜNE sowie bei Abgeordneten der LINKEN – "
225170,"Ich wusste nicht, dass die zur EU gehören!",CDU/CSU,Hans Michelbach,SPD,Petra Hinz,2010-11-11,101984," Sie wollen an diesen Bereich nicht herangehen. Ähnliche Regelungen gibt es in Österreich, Frankreich, Italien, Irland und auch in der Schweiz. In der Schweiz wird die ganze Sache noch restriktiver gehandhabt. Darüber wollen wir in diesem Fall überhaupt nicht reden, (Beifall bei der SPD – Dr. h. c. "
394017,"Karneval ist vorbei, Herr Kuban!",FDP,Reinhard Houben,CDU/CSU,Tilman Kuban,2022-03-18,181218," präsentiert haben. Sie haben dabei nur leider die grünen Kollegen vergessen; aber dass es mit der Einigkeit in Ihrer Koalition nicht so weit ist – mit Ausnahme von Cannabis und § 219a –, ist ja nichts Neues. (Heiterkeit und Beifall bei der CDU/CSU – Widerspruch bei der SPD, dem GRÜNE und der FDP – "
104689,Dann sagen Sie einmal etwas für die und widersprechen Sie uns nicht!,CDU/CSU,Heinrich-Wilhelm Ronsöhr,SPD,Heidemarie Wright,2002-01-31,56114,"en. (Beifall bei der SPD und dem GRÜNE) Weil es mir wichtig ist, will ich noch ein weiteres Thema ansprechen. Ich weiß, dass uns Obst- und Gemüsebauern aus Franken und Schwaben – aus Asbach- Bäumenheim von der Tribüne aus – zuschauen. Diese wollen Antworten auf die Fragen zum Pflanzenschutz haben. ("
371740,Bravo!,DIE LINKE,Christine Buchholz,SPD,Dr. Barbara Hendricks,2020-06-19,167894,"ert hat, nämlich die atomare Teilhabe. In dem Zusammenhang darf ich Sie daran erinnern, dass der damalige Bundesaußenminister Westerwelle dafür geworben hat, (Tobias Pflüger [DIE LINKE]: So war es! Genau!) die Atomwaffen aus Deutschland abzuziehen. (Beifall bei Abgeordneten der SPD und der LINKEN – "
328654,Das wichtigste!,DIE LINKE,<unknown>,CDU/CSU,Markus Uhl,2018-04-19,148656,"r auch über Hardwarenachrüstungen reden. Diese Hardwarenachrüstungen – da gibt es in der Tat Studien – können den Stickoxidausstoß um bis zu 90 Prozent reduzieren. Aber erwecken Sie hier bitte nicht den Eindruck, Hardwarenachrüstungen seien das simple, das einzige, das allein selig machende Mittel, "
304821,Was heißt das?,DIE LINKE,Sevim Dağdelen,CDU/CSU,Dr. Johann Wadephul,2016-02-25,136963,"demir, nicht ersparen, zu sagen, dass es wahrscheinlich keinen ungünstigeren Zeitpunkt gab, um diesen Antrag zur Abstimmung hier im Deutschen Bundestag zu bringen, als jetzt in dieser politischen Situation, in der wir uns in Europa befinden. (Beifall bei der CDU/CSU sowie bei Abgeordneten der SPD – "
93759,Mehr als Herr Struck zum Beispiel!,CDU/CSU,Manfred Grund,SPD,Jörg-Otto Spiller,2001-05-10,52807,"bei Abgeordneten der SPD  Widerspruch bei der CDU/CSU) Warum er sich aber gerade die Steuerpolitik ausgesucht hat, kann ich nicht recht nachvollziehen. Wahrscheinlich glaubt er, dies sei für ihn leichter, weil er durch seine langjährige Zugehörigkeit zum Finanzausschuss hiervon allerlei versteht. ("
458472,Das ist wohl wahr!,FDP,Konstantin Kuhle,CDU/CSU,Knut Abraham,2024-04-11,202082,"formationsstreitkräfte des Kremls. Ob bezahlt oder unbezahlt, Herr  Kollege Kuhle, spielt dabei eigentlich kaum noch eine  Rolle. Tatsache ist: Sie handeln gegen Deutschland.  Kein deutscher Patriot ist bei Ihnen an der richtigen Adresse. (Beifall bei der CDU/CSU, der SPD, dem  GRÜNE und der FDP –  "
398176,Zeit wird’s!,AfD,Dr. Götz Frömming,SPD,Helge Lindh,2022-05-18,183073,"d Sie eigentlich sagen müssten, dass Sie eine neue rechtliche Grundlage wollen, sagen Sie nicht, dass, wenn die Registrierung grenznah erfolgen soll, das heißen würde, dass wir flächendeckende Grenzkontrollen brauchen. Wenn nicht kontrolliert wird, kann auch keine grenznahe Registrierung erfolgen. ("
322910,­Genau!,DIE LINKE,Dr. Sahra Wagenknecht,DIE LINKE,Dr. Dietmar Bartsch,2017-06-29,145418,"it Ressourceneffizienz ist gemeint, dass die G-20-Staaten am System der weltweiten Ausbeutung durch Freihandel und Klimazerstörung gar nichts verändern wollen. Sie haben über Handelsabkommen und Afrika geredet. Vielleicht sind die Freihandelsabkommen sogar eine Ursache für die Situation in Afrika. ("
281952,"Nein! Ich sage nur: Es ist eine Unverschämtheit, zu sagen: „Wer nicht meiner Meinung ist, ist eine Peinlichkeit“!",CDU/CSU,Volker Kauder,DIE LINKE,Harald Petzold,2014-05-22,126120,"i der LINKEN – Volker Kauder [CDU/CSU]: „Wer nicht meiner Meinung ist, dem sollte man den Mund verbieten!“ Das ist eine Peinlichkeit! Was bilden Sie sich eigentlich ein? – Widerspruch bei der LINKEN)  – Herr Fraktionsvorsitzender, es kann ja sein, dass Sie meinen Argumenten keinen Wert beimessen.  ("
366710,So war es!,DIE LINKE,<unknown>,DIE LINKE,Heike Hänsel,2020-03-04,165039,"fghanischer Regierung und Zivilgesellschaft. Ich möchte hier in Erinnerung rufen: Alle aus der Friedensbewegung, die damals, vor fast 20 Jahren, gefordert hatten, keinen Krieg zu führen, sondern mit den Taliban zu verhandeln, wurden auf das Übelste beleidigt und als Terrorunterstützer verunglimpft. "
186353,So ist der Meyer!,FDP,Rainer Brüderle,FDP,Gudrun Kopp,2008-01-24,85373,"Frau Präsidentin! Sehr geehrte Herren und Damen! Lieber Kollege Meyer, bei Ihnen klaffen Reden und Handeln völlig auseinander. ("
45898,Hui!,SPD,<unknown>,CDU/CSU,Karl Lamers,1996-06-14,29865,"nchen] [CDU/CSU]: Das war ein Rohr-krepierer!)  Ich habe aus dem zitiert, was Kollege Waigel gesagt  hat. Darauf haben viele Journalisten gemeint: Eigentlich lohnt es sich gar nicht, darüber etwas zu  schreiben.  Es stehen wunderbare Sätze in dieser Rede, Sätze  von Wärme und Verständnis getragen.  "
306224,Ihr hättet das halt regeln müssen!,GRÜNE,von Notz,CDU/CSU,Thomas Jarzombek,2016-04-14,137568,"t für einige mit Sicherheit!) Insofern stehen wir bei diesem Thema doch, ehrlich gesagt, alle zusammen. Das Europäische Parlament, lieber Konstantin von Notz, ist im Übrigen nicht die Bundesregierung. Ich habe vorhin die ganze Zeit eine beißende Kritik an der Bundesregierung gehört. (Dr. Konstantin "
207300,Wie denn?,DIE LINKE,Ulla Jelpke,CDU/CSU,Stephan Mayer,2009-11-26,95814,"nkler [GRÜNE]: Das werden wir ja sehen!) Ich möchte ganz offen sagen, meine sehr geehrten Vertreter von der Opposition: Es ist sinnvoll, die Bleiberechtsregelung zu verlängern, allerdings nicht in der Form, wie Sie das im Moment beantragen.  (Beifall bei der CDU/CSU sowie bei Abgeordneten der FDP – "
65405,So nicht! Gucken Sie sich den Mist einmal an!,CDU/CSU,Dr. Wolfgang Schäuble,SPD,Dr. Peter Struck,1999-02-24,41706,"rden das zu verhindern wissen. (Beifall bei der SPD und dem GRÜNE) Wir werden morgen im Deutschen Bundestag eine Entscheidung zu treffen haben, die sich aus den Ergebnissen von Rambouillet ergibt. Ich höre, daß es in der Union Überlegungen gibt, dem Vorschlag der Bundesregierung nicht zuzustimmen. ("
129720,Wer bei den  Schulden noch laut ist!,CDU/CSU,Hans Michelbach,SPD,Hans Eichel,2003-11-06,63516,"ie Abweichung im niederländischen Staatshaushalt vom Jahr 2000 bis jetzt nicht wie bei uns 3 Prozent, sondern mehr als 4 Prozent beträgt,  (Carl-Ludwig Thiele [FDP]: Aber laut dürfen  doch auch Sie nicht mehr sein!) muss man festhalten: Die Finanzdisziplin ist dort nicht so gut wie in Deutschland. ("
405494,Übernächstes Jahr!,CDU/CSU,Stephan Pilsinger,FDP,Dr. Andrew Ullmann,2022-09-23,185683,"rn zu gehen und zu sagen, dass wir trotz ihrer hochwertig erbrachten medizinischen Leistungen Einsparungen vornehmen müssen. Aber was ist die Alternative? Ohne ein Gesetz wie dieses würden die Beitragszahlerinnen und ‑zahler im kommenden Jahr Beitragssteigerungen von mehreren hundert Euro erleben. ("
400288,Wichtig ist vor allen Dingen mehr Geld!,DIE LINKE,Matthias W. Birkwald,FDP,Pascal Kober,2022-06-03,183785," Kolleginnen und Kollegen, wenden wir uns einem der wichtigsten Projekte dieser Legislaturperiode zu: der Reform der Grundsicherung. Wir werden sie nicht nur mit einem anderen Namen versehen, sondern wir werden ihr auch einen anderen Geist geben. (Jessica Tatti [DIE LINKE]: Mehr Geld ist wichtig! – "
171791,Das ist alles Ländersache! Da können wir uns in Bayern sehen lassen!,CDU/CSU,Daniela Raab,GRÜNE,Jerzy Montag,2006-11-21,78294," den ruhmreichen letzten Platz ein. Noch 1994, also in unionsgeführten Zeiten, lagen wir bei Kapitalverbrechen wie Mord und Totschlag in Europa über dem Durchschnitt, heute weit darunter. In den Bereichen Raub und Erpressung ist Deutschland das einzige Land Europas mit zurückgehenden Deliktraten.  ("
32623,Falsch!,FDP,Carl-Ludwig Thiele,DIE LINKE,Dr. Barbara Höll,1994-09-06,20732,"sondern  auch bestätigt, daß er sie vor dem Europäischen  Parlament wirklich als Desaster bezeichnet hatte. Der  Schuldenberg von jetzt 400 Milliarden DM, den der  Bund abtragen muß, ist die Folge der gegen jeden  ökonomischen Sachverstand aus politischen Erwägungen herbeigeführten Währungsunion.  ("
202585,Das ist ja überhaupt nicht wahr!,SPD,Marianne Schieder,GRÜNE,Dr. Anton Hofreiter,2009-04-24,93458,"nt eine ganz hervorragend arbeitende Schlichtungsstelle, die in der Öffentlichkeit anerkannt ist und bei den Kunden großes Vertrauen genießt. Aber was machen Sie? Sie würgen die Arbeit dieser Schlichtungsstelle willkürlich ab und werfen sie dem Unternehmen in den Rachen. Das ist hochproblematisch. ("
251484,Sehr lecker mit Klößen  und Soße!,SPD,René Röspel,CDU/CSU,Antje Tillmann,2012-03-08,112433,"asten. Tatsächlich gibt es aber keine einfachen Kriterien, nach denen man sagen kann, dass ein Pferd in der Landwirtschaft genutzt wird. Die Zahl der Pferde, die in Deutschland gegessen werden, ist mit 0,01 Prozent aller Pferde sehr gering, sodass man eine Ausnahme hier nicht rechtfertigen könnte. ("
366905,Vor allem für Lobbyisten!,AfD,Karsten Hilse,SPD,Johann Saathoff,2020-03-05,165176,", wie künftig ein Gesetz gestaltet werden muss, damit Erneuerbare auch tatsächlich in die Gesellschaft integrierbar sind. (Beifall bei Abgeordneten der SPD und des GRÜNE) Ich bleibe dabei: Das Erneuerbare-Energien-Gesetz ist ein Erfolgsgesetz. (Beifall bei der SPD sowie bei Abgeordneten des GRÜNE – "
194977,Mutig!,SPD,Jörg Tauss,GRÜNE,Alexander Bonde,2008-10-07,89639,"Frau Präsidentin! Liebe Kolleginnen und Kollegen! Wir haben heute einen denkwürdigen Auftritt vom Kollegen Westerwelle erlebt, der hier den Kampf für die Bankenaufsicht und gegen das Spekulantentum ausgetragen hat. ("
140806,"Ach, das stimmt doch gar  nicht! Das ist wirklich unerhört!",FDP,Ina Lenke,SPD,Sabine Bätzing,2004-06-18,67257,"men, um für eine gleichberechtigte und vielfältige Gesellschaft zu demonstrieren.  (Ina Lenke [FDP]: Ach du meine Güte! – Iris  Gleicke [SPD]: Ach, deshalb!) Vielleicht erklärt ja dieses Datum, warum die FDP- Fraktion nun versucht hat, auf eine Abstimmung zu drängen und uns in die Enge zu treiben. ("
268250,Das ist doch plump  dahingesagt!,SPD,Sören Bartol,SPD,Sören Bartol,2013-02-28,119470,"zt werden. Aber um so einem Nothilfegesetz, so nenne ich es jetzt einmal, alle Angriffsflächen zu nehmen – ich sage das insbesondere mit Blick auf die Seite der SPD-Länder –, haben wir diesen Gesetzentwurf so formuliert, damit wir Sicherheit und Gewissheit im Interesse aller 16 Bundesländer haben. ("
385202,Das entscheiden Sie?,GRÜNE,Erhard Grundl,AfD,Dr. Marc Jongen,2021-03-26,175518,"bisher einbezogen werden. Es sollten weniger, dafür erfolgversprechende Filme mit mehr Mitteln gefördert werden, damit auch die notorische Unterfinanzierung der Filme aufhört, und die Beiträge privater Investoren sollten den Beteiligungen des öffentlich-rechtlichen Rundfunks gleichgestellt werden. ("
14989,Genau!,FDP,Dr. Werner Hoyer,CDU/CSU,Josef Laumann,1992-11-05,8845,"Herr Präsident!  Meine Damen und Herren!  (Gerd Andres [SPD]: Er erklärt jetzt, daß alles  in Ordnung ist! — Gegenruf des Abg.  "
127484,Sehr gut!,SPD,Jörg Tauss,CDU/CSU,Dr. Maria Böhmer,2003-09-11,62694," den werden wir auch so benennen. (Beifall bei Abgeordneten der CDU/CSU) Es fehlen Zehntausende Ausbildungsplätze und Sie reagieren hilflos. Am 18. März dieses Jahres haben Sie hier Folgendes gesagt:  Jeder Jugendliche, der ausbildungswillig und ausbildungsfähig ist, soll eine Lehrstelle bekommen. ("
70919,Warten Sie doch einmal ab!,SPD,Konrad Gilges,CDU/CSU,Birgit Schnieber-Jastram,1999-09-15,44209,"gs der Menschen abgerückt. Angesichts dessen müssen Sie jetzt zusehen, wie Ihre Bundesratsmehrheit dahinschmilzt wie Butter in der Spätsommersonne. Dem Regieren-macht-Spaß-Kanzler ist der Spaß in nur kurzer Zeit gründlich vergangen. Die Wähler geben ihm die Quittung für Ihre katastrophale Politik. ("
408279,Sehr gut so!,SPD,Michael Schrodi,AfD,Wenzel Schmidt,2022-10-13,186519,"ck und lässt sich dafür feiern; nein, er knüpft die Rückgabe auch noch an Bedingungen. So bekommen nur Unternehmen ihre Steuergelder teilweise zurück, wenn die Bundesregierung davon überzeugt ist, dass bestimmte Zielwerte zur Reduzierung der Energieintensität durch die Unternehmen erreicht wurden. ("
259675,So ist es!,CDU/CSU,Daniela Ludwig,GRÜNE,Dr. Anton Hofreiter,2012-09-27,115737,"würden. Hier sind aber gar nicht so sehr die Fernbusse das Problem, (Daniela Ludwig [CDU/CSU]: Richtig!) sondern das zentrale Problem ist der allgemeine ÖPNV. (Daniela Ludwig [CDU/CSU]: Genau!) Aber woran liegt es? Es liegt daran, dass es U-Bahn- Systeme gibt, die zum Teil fast 100 Jahre alt sind, ("
89759,Das hoffen wir doch!,CDU/CSU,Eduard Oswald,SPD,Reinhold Strobl,2001-02-08,51404,Kassen auch nicht prall gefüllt sind. Wir müssen mit der Haushaltskonsolidierung weitermachen.  (Zuruf von der CDU/CSU: Chefsache!) Das ist ein ganz wichtiger Punkt für unsere zukünftige Entwicklung. Bundeskanzler Schröder führte weiter aus: Aber ich habe mit dem Bundesverkehrsminister gesprochen. (
333319,Darüber würde ich mich nicht streiten!,GRÜNE,Steffi Lemke,CDU/CSU,Dr. Klaus-Peter Schulze,2018-06-29,150762,"den, welche Rolle die Forschungsleistungen von Deutschland spielen, wenn es darum geht, dort Informationen zu sammeln. Das Weddellmeer ist als Randmeer des Südpolarmeeres nach meinen Informationen 2,8 Millionen Quadratkilometer groß. Das entspricht in etwa der achtfachen Fläche der Bundesrepublik. ("
150414,Was haben die für Wertvorstellungen? Die haben doch keine Werte!,CDU/CSU,Dr. Gerd Müller,CDU/CSU,Hartmut Koschyk,2005-01-21,70138,"ogan von Europa als Christenclub zu Eigen gemacht – und dies in einer Auseinandersetzung mit dem Hartmut KoschykVorsitzenden des Rates der EKD. Dies zeigt, welch traurige Wertvorstellungen Sie von Europa als Wertegemeinschaft auf dem christlich-jüdischen Fundament haben.  (Beifall bei der CDU/CSU – "
232992,So wie bei Ihnen!,CDU/CSU,Manfred Kolbe,SPD,Martin Gerster,2011-03-17,104795,"n und Kollegen! Geschätzter Herr Kolbe, wenn man Ihnen hier zuhört, kann man sich eigentlich nur wundern. Sie sagen, wie toll und wie schön diese Koalition sei, wie toll dieses Schwarzgeldbekämpfungsgesetz sei. Der Beifall aus den Reihen der Koalition war ja auch phänomenal; er war richtig tosend. ("
383841,Zehn!,AfD,Karsten Hilse,SPD,Martin Rabanus,2021-03-03,174643,"s den Social Media kennen, eine Öffnungsperspektive und einen Öffnungsplan beinhaltet. (Johannes Huber [AfD]: In Jahrzehnten!) Warum ist das gut? Das ist deswegen gut, weil wir eben diesen verlässlichen Plan brauchen. Es ist mir übrigens am Ende des Tages egal, ob er drei Stufen oder sieben Stufen ("
280360,Nicht so voreilig!,DIE LINKE,Dr. Gesine Lötzsch,CDU/CSU,Dr. Hendrik Hoppenstedt,2014-04-08,125474,"ert.  Deswegen möchte ich an dieser Stelle allen Kollegen, nicht nur jenen meiner eigenen Fraktion und des Koalitionspartners, sondern auch jenen der Oppositionsfraktionen ein herzliches Dankeschön für die gute Zusammenarbeit sagen, verbunden mit der Freude auf eine weiterhin gute Zusammenarbeit.  ("
145876,Wer regiert noch einmal in Rheinland,FDP,Dirk Niebel,FDP,Jürgen Koppelin,2004-11-11,68803,"müssen eröffnet werden. Herr Kollege, kommen Sie mir nicht mit Beispielen aus England, den USA oder sonst woher. Bringen Sie mir doch lieber Beispiele aus Ländern wie Rheinland-Pfalz und Bremen. Da wurde genau das mit großem Erfolg gemacht.  (Beifall bei der FDP sowie bei Abgeordneten der CDU/CSU – "
91804,Waren Sie schon einmal da?,SPD,<unknown>,FDP,Hans-Michael Goldmann,2001-03-08,52084,"en Sie genauso gut wie ich. (Widerspruch bei der SPD) Ebenso wissen Sie genauso gut wie ich, dass das Land Nordrhein-Westfalen einen Arbeitgeber, der Arbeitsplätze vorhält, nicht ohne Weiteres gehen lässt.  Nein, die Rahmenbedingungen in Hagen waren für einen zukunftsfähigen Betrieb nicht geeignet. "
126422,Das ist undemokratisch!,CDU/CSU,<unknown>,CDU/CSU,Dr. Peter Paziorek,2003-07-04,62490,"nzen sich daraus entwickeln. All das, Herr Bollmann, wischen Sie heute mit einer Bewegung vom Tisch. Ich kann dazu nur sagen: Sie zeigen damit, dass Sie aufgrund der hektischen Beratung nicht zu den Kardinalproblemen dieser Verpackungsverordnung gekommen sind.  (Beifall bei der CDU/CSU und der FDP –"
133316,"Dafür hätten Sie ihn aber auch loben können, Herr Präsident!",SPD,Jörg Tauss,SPD,Willi Brase,2003-12-12,64407,tionsfähig bleibt und die Wirtschaft ihrer gesellschaftspolitischen Verantwortung gerecht wird. Genau darum geht es und genau deshalb werden wir handeln. Vielen Dank für Ihre Aufmerksamkeit. (Beifall bei der SPD und dem GRÜNE – Klaus Barthel [Starnberg] [SPD]: Sie haben nur 13 Sekunden überzogen! – 
339906,Das war die Position von Merz und Scholz!,FDP,Christian Dürr,CDU/CSU,Alexander Dobrindt,2018-11-21,153395,"ristian Lindner [FDP]: Ablehnung!) die dazu führen soll, dass die Beiträge der deutschen Arbeitnehmerinnen und Arbeitnehmer (Christian Lindner [FDP]: Das ist die Position von Friedrich Merz!) für die Arbeitslosigkeit in anderen europäischen Staaten verwandt werden sollen? (Beifall bei der CDU/CSU – "
417190,Lassen Sie uns doch Geld von China nehmen! Die können uns doch was geben!,AfD,Enrico Komning,GRÜNE,Deborah Düring,2023-01-18,189124,"AfD]: Genau so ist es!) Ich hätte ja eigentlich wissen müssen, dass Sie an der Lösung von globalen Problemen, die wir nur gemeinsam lösen können, wie zum Beispiel der Klimakrise, eher weniger interessiert sind, weil ja auch nicht alle in Ihrer Fraktion an den menschengemachten Klimawandel glauben. ("
137160,Nur durch  Ökosteuererhöhung!,CDU/CSU,Hans Michelbach,SPD,Franz Müntefering,2004-03-25,65878,"den Euro.  (Dietrich Austermann [CDU/CSU]: Die Löcher sind bisher nicht gestopft! Ihr sucht noch die Milliarden!) Sie können sich darauf verlassen, dass wir erreichen, was wir vorhaben: die Lohnnebenkosten niedrig zu halten und die Renten- und Krankenversicherungsbeiträge nicht steigen zu lassen.  ("
82181,Das machen wir jetzt ja!,SPD,Joachim Stünker,SPD,Dr. Herta Däubler-Gmelin,2000-07-07,48809,"renzierte Rechtsmittelsystem sollte in seiner Gesamtheit überdacht werden. Dabei könnte der Instanzenzug grundsätzlich einheitlich ausgestaltet werden, und zwar mit einer Tatsachen- und mit einer Rechtsmittelinstanz. Notwendig wäre zunächst die Absicherung durch eine rechtsstaatliche Untersuchung. ("
371064,Sie haben sich ja richtig Arbeit gemacht!,GRÜNE,Steffi Lemke,CDU/CSU,Thomas Heilmann,2020-06-17,167563,"erkschaften, dann der Umweltverbände usw. Nur Ihre eigenen gibt es da irgendwie nicht. Das bedeutet: Auf der Homepage der Linken findet man mehr dazu, was die CDU zum Konjunkturpaket sagt, als dazu, was Ihre eigene Partei sagt – zu meiner großen Überraschung. (Beifall bei Abgeordneten der CDU/CSU – "
39576,So ist das!,FDP,Uwe Lühr,CDU/CSU,Julius Louven,1995-09-28,25435,"hrt zu Wettbewerbsverzerrungen, dies  führt - trotz eines Baubooms in Deutschland - zu Arbeitslosigkeit.  (Joseph Fischer [Frankfurt] [GRÜNE]: Und zu Ausbeutung!)  Sie, meine Damen und Herren von der SPD, setzen  mit Ihrem Gesetzentwurf - wen kann dies wundern? -  voll auf staatlichen Dirigismus.  ("
85826,"Wenn Sie keinen Humor haben, können wir nichts dafür!",CDU/CSU,Heinrich-Wilhelm Ronsöhr,SPD,Leyla Onur,2000-11-16,50166,"en Beitrag von Herrn Zeitlmann dem Thema nicht angemessen. (Beifall bei der SPD und dem GRÜNE) Die fünfte Jahreszeit hat zwar begonnen, wie wir auch in Norddeutschland festgestellt haben. Es ist aber einfach unerhört, zu diesem Thema eine Büttenrede abzuliefern. (Beifall bei der SPD und dem GRÜNE – "
209612,Welchen nehmen wir?,GRÜNE,Renate Künast,SPD,Uwe Beckmeyer,2010-01-22,96616,"bin im Übrigen gespannt auf die Anträge aus den  Regierungsfraktionen, insbesondere auf die zahlreichen  Kürzungsanträge aus den Reihen der FDP à la 2009, in  denen zum Beispiel die Streichung der Mittel für die  Stelle eines Parlamentarischen Staatssekretärs (Heiterkeit bei Abgeordneten der SPD –  "
303051,Beschränkte Sichtweise!,DIE LINKE,Dr. Rosemarie Hein,CDU/CSU,Tankred Schipanski,2016-01-14,136212,"ie Stärkung unserer schulischen Bildung. Nein, es geht ihr nur um Geld für die Bundesländer. Dann sollte die Linke einen Antrag stellen, die Bund-Länder-Finanzbeziehungen neu zu ordnen, aber keinen Antrag auf Verfassungsänderung mit dem Ziel, dass die Bundesländer noch mehr Geld vom Bund erhalten. ("
229589,Stimmt!,SPD,Rüdiger Veit,SPD,Aydan Özoğuz,2011-01-20,103463,"ch offensichtlich auch bei Ihnen ein Stück weit etwas ändert. Wir werden sehen, ob das auch tatsächlich so geschehen wird. (Rüdiger Veit [SPD]: Wir freuen uns über die reuigen Sünder! – Gegenruf des Abg. Reinhard Grindel [CDU/CSU]: Da schließen Sie den SPD-Innenminister mit ein! – Gegenruf des Abg. "
181337,"Das  ist unerträglich, Herr Gysi!",SPD,Christel Riemann-Hanewinckel,DIE LINKE,Dr. Gregor Gysi,2007-09-20,82975,"aten standen, betrug die Wahlbeteiligung 10 Prozent, darunter nur 1 Prozent Frauen. Das ist die Wahrheit: Er braucht nicht den Schutz der Soldaten; er braucht die Soldaten nicht, um seine Aufbauarbeit in Afghanistan zu leisten. (Beifall bei der LINKEN) Das sagt ein ehemaliger Arzt der Bundeswehr.  ("
386437,Ich auch nicht!,DIE LINKE,Simone Barrientos,CDU/CSU,Melanie Bernstein,2021-04-22,176494,"d- und Schamkultur“, die Zerstörung der „uralten Solidargemeinschaft zwischen Mann und Frau“, die „zerbröselt unter schrillen feministischen Attacken“. Sie sehen eine „Erosion unserer kulturellen Grundlagen“, der „entschiedener Widerstand“ entgegenzusetzen sei. Ich kann mich dem nicht anschließen. ("
59577,Das stimmt!  Sehr richtig! Das ist wahr!,SPD,von Larcher,CDU/CSU,Dr. Peter Ramsauer,1998-03-27,38844,"zitiert!)  mit den Praktikern in den Arbeitsämtern - was ich regelmäßig tue -, mit Unternehmern, mit Gewerkschaftern - mit Gewerkschaftern allerdings am besten unter vier Augen, weil sie dann viel offener über die  wirtschaftlichen Realitäten und die Realitäten des Arbeitsmarktes sprechen,  (Detlev "
333696,Beim letzten Mal waren es 15 Sekunden Energie!,GRÜNE,Oliver Krischer,FDP,Reinhard Houben,2018-07-03,150851,"Frau Präsidentin! Meine Damen und Herren! Liebe Kolleginnen und Kollegen! Herr Minister Altmaier, ich habe mal auf die Uhr geschaut: Ihre 9 Minuten haben Sie in 7 Minuten Energie und 2 Minuten Wirtschaft aufgeteilt. ("
423491,Wenn das schon so losgeht!,AfD,Dr. Götz Frömming,SPD,Carmen Wegge,2023-03-17,191165,Sehr geehrte Frau Präsidentin! Sehr geehrte Kolleginnen und Kollegen der demokratischen Fraktionen! Sehr geehrte Damen und Herren! (
120501,Sie machen Politik für Spekulanten!,CDU/CSU,Dr. Michael Meister,SPD,Reinhard Schultz,2003-02-21,60464," wirklich nicht herangehen. (Beifall bei der SPD sowie bei Abgeordneten des GRÜNE) Das gilt für Wertpapiere genauso, wobei da noch das Halbeinkünfteverfahren gilt, das heißt, dort greift der halbe persönliche Steuersatz, weil die andere Hälfte der Besteuerung bereits im Unternehmen geschehen ist.  ("
160952,Mit wem hat er regiert?,FDP,Dirk Niebel,CDU/CSU,Eckhardt Rehberg,2006-02-09,73672,"heraus. Deswegen müssen wir uns fragen: Warum ist das Überbrückungsgeld seit 20 Jahren relativ erfolgreich? (Dirk Niebel [FDP]: Weil wir es eingeführt haben! Sie gemeinsam mit uns!) – Sehr geehrter Herr Kollege Niebel, ich habe in Erinnerung, dass 1986 der Bundesarbeitsminister Norbert Blüm hieß.  ("
36515,"Na, wer macht  es denn so kompliziert? Seit wann habt ihr  denn die Mehrheit?",SPD,von Larcher,CDU/CSU,Gunnar Uldall,1995-03-31,23294,"all bei der CDU/CSU)  Wenn wir die Gewerbekapitalsteuer abgeschafft  haben, dann haben wir Hunderte Seiten von Kommentaren und Erläuterungen überflüssig gemacht.  Müssen wir in Deutschland wirklich unseren ganzen  Ehrgeiz dafür einsetzen, das komplizierteste Steuersystem der Welt zu haben?  (Detlev "
411133,Hier sind wir! Huhu!,AfD,Klaus Stöber,GRÜNE,Emilia Fester,2022-11-10,187317,"Vielen Dank, Herr Präsident. – Liebe Kolleginnen und Kollegen der demokratischen Fraktionen! ("
435814,Wie beim Heizungsgesetz!,CDU/CSU,Patrick Schnieder,SPD,Dr. Wiebke Esdar,2023-09-06,195098,"ch überzeugt; diese Vereinbarung gibt es unter den Haushälterinnen und Haushältern bereits – relativ geräuschlos, vielleicht vollkommen geräuschlos vereinbaren, an welchen Stellen wir noch Änderungen vornehmen werden. Wir werden das unaufgeregt, an der Sache orientiert und konstruktiv diskutieren. ("
21827,Schauen wir uns doch einmal  die verschiedenen Regionen unserer Bun desrepublik an!,CDU/CSU,ried Hornung,FDP,Ulrich Heinrich,1993-06-23,13421,ellen  Krise derzeitigen Fehlens von außerlandwirtschaftlichen Perspektiven für die ländliche Bevölkerung sind  unsere Vorstellungen für die Zukunft der Landwirtschaft in Deutschl and noch zu verschwommen und zu  widersprüchlich.  (Zuruf von der SPD: Wer trägt denn dafür die  Verantwortung? — Siegf 
277268,Hat aber lange gedauert!,DIE LINKE,Wolfgang Gehrcke,SPD,Dr. Frank-Walter Steinmeier,2014-01-16,123878,"keimt, wird das Leiden der Menschen dort ein Ende haben. Für diese politische Lösung müssen wir uns mit aller Kraft einsetzen, die Bundesregierung, aber auch das Hohe Haus. Ich danke Ihnen für die Unterstützung.  (Beifall bei der SPD und der CDU/CSU sowie bei Abgeordneten der LINKEN und des GRÜNE – "
157427,Die PDS sollte einmal ihre Parteiakten offen legen!,GRÜNE,von Neuforn,fraktionslos,Petra Pau,2005-06-03,72335,stimmung enthalten.  (Dr. Max Stadler [FDP]: Das ist auch richtig!) Natürlich hat sich längst herumgesprochen: Nahezu alle Ministerien der rot-grünen Bundesregierung haben auf die Bremse getreten und ein besseres Gesetz verhindert.  (Jörg Tauss [SPD]: Legende! Konstruktiv mitgewirkt! – Silke Stokar 
407500,"Die Gaskommission heißt „Gaskommission“, weil sie sich mit Gas beschäftigt! Der Rest ist unsere Aufgabe!",SPD,Timon Gremmels,CDU/CSU,Dr. Andreas Lenz,2022-10-12,186291,"ch gerecht. Da muss doch, lieber Matthias Miersch, das Herz eines aufrechten Sozialdemokraten bluten. (Dr. Matthias Miersch [SPD]: Ich warte auf Ihre Vorschläge!) Gleichzeitig werden die Haushalte, die unter hohen Preisen für Heizöl und Pellets leiden, nicht entlastet. Wie passt denn das zusammen? ("
293673,"Es geht erst einmal darum, ehrlich zu sagen, was falsch gelaufen ist!",GRÜNE,Katrin Göring-Eckardt,CDU/CSU,Dr. Hans-Peter Friedrich,2015-04-22,131708,"l Kommissar Avramopoulos zitieren, der am Montag zu Recht gesagt hat: Es geht nicht um Schuldzuweisungen, sondern es geht jetzt darum, Verantwortung für die Zukunft zu tragen.  (Ulla Jelpke [DIE LINKE]: Ach, das sagt er doch jedes Mal!)  Darum geht es. Um diese Verantwortung ringen wir gemeinsam.  ("
328284,Das werden Sie nicht schaffen!,CDU/CSU,Paul Lehrieder,GRÜNE,Stefan Schmidt,2018-04-18,148416,". Sie haben angesprochen – ich kenne die Beispiele nicht so gut wie Sie; aus regionaler Verbundenheit kennen Sie sie wahrscheinlich besser –, dass es ein Bildungsangebot gab. Sie sagen, dass es nicht ausreichend war, aber vielleicht können wir mit den neuen Projekten noch besser werden als Bayern. ("
87347,Aber zitieren Sie ihn vollständig!,CDU/CSU,Dr. Christian Ruck,SPD,Waltraud Lehn,2000-11-30,50504,"mm und auch die Ökosteuer. Anstatt mit billiger Polemik gegen die ökologische Steuerreform zu wettern, sollten Sie von der CDU/CSU lieber auf das hören, was Ihnen Ihr früherer Umweltminister und der heutige Exekutivdirektor des UNO-Umweltprogramms UNEP, Klaus Töpfer, ins Stammbuch geschrieben hat. ("
362657,"Oh Jesses, es wird immer schlimmer!",AfD,Sebastian Münzenmaier,GRÜNE,Canan Bayram,2019-12-18,163331,"nen, reicht mir das nicht. Ich wünsche mir auch, dass wir gerade bei den großen Wohnungsbaukonzernen enteignen. Denn wir müssen ihnen die Instrumente nehmen, mit denen sie die Mieterinnen und Mieter quälen. Danke schön, meine Damen und Herren. (Beifall beim GRÜNE sowie bei Abgeordneten der LINKEN – "
395835,Das bestreitet doch auch keiner!,CDU/CSU,Thorsten Frei,AfD,Kay Gottschalk,2022-04-08,182007," nur zu garantieren ist, wenn man entsprechend eine systematische Indexbindung vornimmt. Wir werden Sie kritisch und fair durch die Beratungen begleiten. Wir freuen uns darauf, insbesondere weil die CDU/CSU – ich kann mich nur wiederholen – in der Opposition angekommen ist. Herzlichen Glückwunsch! ("
403218,Das stimmt! Da hat er recht!,DIE LINKE,Dr. Gesine Lötzsch,AfD,Rüdiger Lucassen,2022-09-07,185023,"Damen und Herren, dieser Verteidigungshaushalt ist im Grunde ein Verwaltungshaushalt; nur 19 Prozent gehen in Kampfkraft und Weiterentwicklung. Frau Lambrecht sagte im Ausschuss: Beschafft wird, was die Soldaten brauchen, und nicht, was die Industrie verkaufen will. – Das Gegenteil aber geschieht. ("
385191,"Ja, war ja bisher auch so! Das hat sich geändert!",AfD,Stephan Brandner,CDU/CSU,Stefan Müller,2021-03-26,175515," angerufen, dann tagt er und soll anschließend einen Vermittlungsvorschlag präsentieren. Ich finde, dieser Hinweis ist deswegen so wichtig, weil sich Herr Brandner, wie er gerade selber eingeräumt hat, sonst immer hierhinstellt und sagt, das sei in irgendwelchen Kungelrunden ausgemauschelt worden. ("
460236,"Genau,  und jetzt ist alles besser! Jetzt ist alles besser!",CDU/CSU,Alexander Hoffmann,SPD,Dr. Nina Scheer,2024-04-26,202700,"ber zehn Jahren Mitglied des  Deutschen Bundestages, in der dritten Legislatur. Ich  habe zwei Koalitionen mit der CDU/CSU erlebt und  durchlebt, (Heiterkeit bei Abgeordneten des GRÜNE und der FDP – Dr. Julia  Verlinden [GRÜNE]:  Und überlebt!) und es war manchmal schon eine große Herausforderung. ("
5482,Das habt ihr schon einmal ge macht!,CDU/CSU,Karl Lamers,SPD,Norbert Gansel,1991-11-06,3455," nimmt, ob sie sich weiter an den Überlegungen der  NATO beteiligen will, 1995 — nach einer Bundestagswahl — neue luftgestützte taktische Atomwaffen mit  einer Reichweite von fast 500 km in der Bundesrepublik zu stationieren.  (Anke Fuchs [Köln] [SPD]: Das entscheiden  wir dann! — Gegenruf des Abg. "
110984,Was ist eigentlich mit der Maxhütte?,GRÜNE,Dr. Thea Dückert,CDU/CSU,Matthäus Strebl,2002-06-06,57928,"itgeber und die Wirtschaftsverbände gemeinsam geschafft haben, den gesamten Arbeitsmarkt in Bayern zu modernisieren. Überstunden werden abgebaut, Mobilitätshilfen für Arbeitnehmerinnen und Arbeitnehmer, ein Fortbildungsprogramm für Behinderte und eine Existenzgründungsoffensive wurden geschaffen.  ("
305414,Sie malen den Teufel an die Wand!,CDU/CSU,Maria Michalk,GRÜNE,Elisabeth Scharfenberg,2016-03-17,137221, die rote Karte zeigen. (Maria Michalk [CDU/CSU]: Das ist ja gar nicht wahr!) Dieser Gesetzentwurf ist handwerklich schlecht gemacht. Dieser Gesetzentwurf ist viel zu wenig durchdacht. (Hilde Mattheis [SPD]: Sprechen Sie mit den privaten Anbietern!) Bei der Umsetzung wird es massiv Probleme geben. (
104716,Das ist Volksverdummung!,CDU/CSU,Siegfried Hornung,CDU/CSU,Norbert Schindler,2002-01-31,56115,"n behandelt wurden. In Deutschland sind diese Präparate und Mittel verboten. Das wollen Sie so. Wir sollen bei diesem Wettbewerb in Frankfurt, Berlin oder Hamburg vorgeführt werden, weil deutsche Gemüse- und Obstarten illegal produziert wurden. Dazu kommt dann noch der Importdruck aus dem Ausland. ("
38770,Sie können nicht re,FDP,Ina Albowitz,SPD,Dr. Herta Däubler-Gmelin,1995-09-06,24816,"ht immer das, was anderen  hier im Haus nicht paßt; aber so ist das Leben.  Daneben liegt seine Bedeutung auch da rin, daß  das Bundesverfassungsgericht die letzte, wichtigste  Instanz, der letzte Rettungsanker für Bürger ist,  wenn Grundrechtsverletzungen der staatlichen Gewalt zu besorgen sind.  ("
453660,Das Gegenteil ist der Fall!,CDU/CSU,Yannick Bury,SPD,Michael Thews,2024-02-02,200448,"chen, Deutschland zu destabilisieren, das Ende der Ampel herbeizureden und andere Dinge. Ich finde, heute muss von hier die Botschaft ausgehen: Die Ampel steht. Wir legen heute einen stabilen, nachhaltigen, in die Zukunft gerichteten Haushalt vor. Das ist die Botschaft, die heute von hier ausgeht, ("
363837,Das ist doch eine Illusion!,AfD,Gerold Otten,CDU/CSU,Roderich Kiesewetter,2020-01-15,163803,"uppe besteht. Unser Interesse ist es doch, dass diese drei Gruppen verbunden mit vielen anderen Religionen friedvoll zusammenleben. Unser Beitrag ist, dafür zu sorgen, dass der Irak als Land zusammenhält und eine friedvolle Zukunft hat; deswegen sind wir dort. (Beifall bei der CDU/CSU und der SPD – "
369242,Wegen der EZB!,GRÜNE,Dr. Franziska Brantner,FDP,Frank Schäffler,2020-05-14,166713,"iterien beseitigt. Nicht mehr die Stabilität des Währungsraumes als Ganzes oder strenge Auflagen sind der Maßstab für Gelder aus dem ESM, sondern faktisch bekommen jetzt alle Geld. Das Ziel ist hier nicht, Italien zu helfen. Italien kann sich ja derzeit ohne Probleme am Kapitalmarkt refinanzieren, ("
294611,Eine gute Frage!,DIE LINKE,<unknown>,CDU/CSU,Hans Michelbach,2015-05-20,132250,"Herr Präsident! Liebe Kolleginnen und Kollegen! Es wurde die Frage gestellt: Warum gibt es heute diese Aktuelle Stunde? Ja, warum denn?  "
269634,Wer hat es erfunden? Die Schweizer!,GRÜNE,Renate Künast,CDU/CSU,Ralph Brinkhaus,2013-03-15,120063,"der CDU/CSU und  der FDP) Sie wollen, dass ein Trennbankensystem eingerichtet  wird. Wer hat einen Vorschlag gemacht, dass eine Trennbankenregulierung hier in Deutschland stattfindet, bevor  in Europa überhaupt darüber nachgedacht wird, einen  Gesetzentwurf auf den Weg zu bringen? Diese Koalition. ("
52143,Rentnerinnen!,SPD,gitte Lange,CDU/CSU,Roland Richter,1997-03-20,34466,"rgung, weil da alle Beteiligten sehr genau aufpassen.  Dann bleibt ein weiteres Drittel übrig für Menschen, die Sozialhilfe brauchen, weil sie arbeitslos  sind. Der größere Teil dieser Gruppe besteht aus  Frauen: geschiedene Frauen, alleinerziehende Mütter.  (Waltraud Lehn [SPD]: Arbeitslose! - Bri "
110026,Interessante Aussage!,SPD,Klaus Brandner,CDU/CSU,Julius Louven,2002-05-16,57681,"en, das Ganze wäre weniger kompliziert und könnte einfacher gestaltet sein. Ich persönlich – auch das sage ich – hätte die Eigenvorsorge verpflichtend gemacht. Aber auch dazu gab es in unserer Partei wie bei Ihnen sehr unterschiedliche Meinungen. Alles in allem war das jedoch ein richtiger Ansatz. ("
413554,Wir haben das Erbe von Peter Altmaier verwaltet! Mein Gott!,SPD,Timon Gremmels,CDU/CSU,Jens Spahn,2022-11-25,187934,"inals: Das war gut, das war richtig. Es ist gelungen, die Gasspeicher zu füllen; auch das ist gut für den Winter. Aber da haben Sie eben alles beiseitegelassen, was Sie bisher als Parteiprogrammatik hatten, was Sie bisher gesagt haben, haben auf das geschaut, was notwendig ist, und haben es getan. ("
276616,"Kann ich das  Lied noch einmal hören, Frau Nahles?",FDP,Dr. Heinrich L. Kolb,SPD,Andrea Nahles,2013-09-03,123420," Frau Kanzlerin, Sie entwickeln sich zum absoluten politischen Couchpotato der Bundesrepublik Deutschland.  Sie sollten dafür sorgen, dass in diesem Land angepackt  wird. Ich glaube, dass Sie das nicht mehr können, weil Sie keine Mehrheiten haben und es keine Einigkeit in Ihrem eigenen Laden gibt. ("
244170,Jawohl!,CDU/CSU,Ernst Hinsken,CDU/CSU,Dr. Joachim Pfeiffer,2011-10-28,109493,"ng habe zu den Finanzproblemen in Europa durch ihre „Politik des Zögerns und Zauderns“ beigetragen. Jetzt sind wir noch nicht am Ende der Krise, sondern noch mittendrin. Aber von Zögern und Zaudern kann nicht die Rede sein. Ich würde das eher eine Politik des Überlegens und des Überzeugens nennen. ("
299927,"Sollen sie mal sagen, was sie mit unserem Geld machen!",SPD,Sönke Rix,CDU/CSU,Gudrun Zollner,2015-11-05,134689,"erden genau darauf achten, wie die Länder diese Gelder verwenden. Deshalb fordern wir die Bundesregierung in unserem Entschließungsantrag auf, darzustellen, wofür die Länder diese Mittel einsetzen. (Beifall bei Abgeordneten der CDU/CSU und der SPD – Norbert Müller (Potsdam) [DIE LINKE]: Wir auch! – "
136648,"Das stimmt doch  nicht! Was zu tun war, haben wir doch getan!",SPD,Uwe Benneter,CDU/CSU,Karl-Josef Laumann,2004-03-11,65638,"t die, die es nicht tun. Das ist Ihnen bis jetzt noch nicht gelungen. Ich will auch sagen, warum es Ihnen nicht gelungen ist. Wir alle wissen, dass wir selbstverständlich auch beim Arbeitsrecht Veränderungen gegenüber dem heutigen Stand brauchen, wenn wir zu mehr Beschäftigung kommen wollen. (Klaus "
394100,Das sagt jemand aus einer Fraktion mit Maskenaffäre und Spendenaffäre!,SPD,Sönke Rix,CDU/CSU,Mechthild Heil,2022-03-18,181243,"aus der Ministerpräsidentin Dreyer gesagt. Ich habe sie für ihre Unverfrorenheit kritisiert, und ich kritisiere heute Frau Spiegel hier an der gleichen Stelle. Und ich werde auch nicht aufhören, diejenigen Politiker zu kritisieren, denen es in erster Linie immer nur um die eigene Performance geht, ("
437946,Das haben Sie früher auch mal so gemacht!,CDU/CSU,Nina Warken,GRÜNE,Katrin Uhlig,2023-09-21,195728,"t halt zu langsam alles!) Man kann das als Opposition so machen. (Nina Warken [CDU/CSU]: Ja, weil Sie zu langsam sind!) Man kann einfach eine Debatte mit der anderen verbinden und pauschale Vorschläge in einem Entschließungsantrag vorlegen und dann sagen, der Gesetzentwurf erfülle das alles nicht. ("
204953,Wenn sie sie denn schon hätten!,GRÜNE,Christine Scheel,SPD,Bernd Scheelen,2009-07-01,94885,"t eine tolle Sache. Es hilft den Kommunen. Wenn man mit Vertretern der Kommunen spricht, dann hört man eigentlich nur Lob für dieses Konjunkturpaket II. Den Kommunen werden Mittel zur Verfügung gestellt, die der Bund alleine schultert. Das finden die Kommunen gut, und das kann man auch verstehen.  ("
322378,Großalbanien!,DIE LINKE,Sevim Dağdelen,CDU/CSU,Josef Jung,2017-06-22,145124,"en unterstützt wird, sodass alle Bürger des Kosovo in Frieden und in sicheren Grenzen leben können. (Sevim Dağdelen [DIE LINKE]: Mit Erpressungen!) Kosovo muss ein stabiler multiethnischer Staat sein, in dem alle Minderheiten, auch die Serben, in Frieden und Freiheit gleichberechtigt leben können. ("
24519,"Das sagt man auch  nicht, das denkt man nur!",SPD,Barbara Weiler,CDU/CSU,Dr. Alexander Warrikoff,1993-10-01,14890,"ung aus dem Gedächtnis. Ich hatte diese Zusatzinformation, die ich ähnlich bewerte wie Sie, so verstanden, daß das eine Information des Fernsehsenders ist.  Ich habe es nicht so verstanden, daß die Firma  Mercedes-Benz erklärt hätte, wir gehen nach Alabama, weil es dort keine Gewerkschaften gibt.  ("
295236,Es wird ja noch nicht einmal nach rechtsstaatlichen Prinzipien beraten!,GRÜNE,Renate Künast,SPD,Dagmar Freitag,2015-05-22,132417,"Gesetzentwurf, liebe Kolleginnen und Kollegen, ist ein Signal einer Null-Toleranz-Politik, die ihren Namen auch verdient. Und das Gesetz wird nach rechtsstaatlichen Prinzipien die unbestritten schnellere Sportgerichtsbarkeit flankieren und ergänzen  (Matthias Schmidt [Berlin] [SPD]: Sehr richtig! – "
439326,Ja! Läuft doch alles!,SPD,Dr. Johannes Fechner,CDU/CSU,Michael Brand,2023-09-28,196269,"(Dr. Johannes Fechner [SPD]: Was hat denn Seehofer hinbekommen?) Was soll eigentlich noch passieren? Die EU-Kommission, die anderen EU-Regierungschefs, die EU-Parlamentspräsidentin – alle fordern Deutschland seit Wochen auf, die Blockade auf europäischer Ebene zu beenden. (Beifall bei der CDU/CSU – "
432518,… sondern in eine Stundungsregelung umwandelt!,GRÜNE,Katharina Beck,CDU/CSU,Sebastian Brehm,2023-06-22,194249,"s kam jetzt aber spät! – Frauke Heiligenstadt [SPD]: Wie wär’s mit einer Verteilung an die Mitarbeiterinnen und Mitarbeiter über die Erbschaftsteuer?) Insofern glaube ich: Man sollte aufpassen, gerade bei Ihrer Diskussion um die betriebliche Verschonung, dass man diese Verschonung nicht abschafft. ("
6875,Richtig!,CDU/CSU,Michael Glos,CDU/CSU,Bartholomäus Kalb,1991-11-28,4128,"eiter in die Tiefe zu drücken.  (Freiherr Carl-Detlev von Hammerstein  [CDU/CSU]: Wie die Amerikaner!)  Der entscheidende und für uns Deutsche wichtigste  Punkt in der GAP-Reform wie in den GATT- Verhandlungen wird sein: Gelingt es, einen ausreichenden  und wirksamen Außenschutz zu gewährleisten?  ("
176563,"Na ja, ich hätte das schneller gekonnt!",GRÜNE,von Neuforn,SPD,Jörg Tauss,2007-03-29,80686,"chtlinie umgesetzt werden. Da haben wir bewusst reingeschrieben – übrigens auch gegen manchen Widerstand –, dass wir ein Datenschutzaudit wollen. Dann kam das Informationsfreiheitsgesetz. Wir haben uns damit Zeit gelassen, und es ist ein gutes Gesetz, ein gründliches Gesetz geworden.  (Silke Stokar "
331819,Das glauben Sie doch selber nicht!,CDU/CSU,Peter Beyer,AfD,Stephan Brandner,2018-06-14,150078,"en werden können, um viele weitere Menschen davor zu bewahren, Opfer einer völlig aus dem Ruder gelaufenen Politik zu werden, so wie es beispielsweise Mia und Julia geworden sind. (Beifall bei Abgeordneten der AfD) Ich bitte Sie daher, unserem Antrag zuzustimmen. Vielen Dank. (Beifall bei der AfD – "
153957,Richtig!,SPD,Dr. Peter Danckert,CDU/CSU,Peter Rzepka,2005-03-18,71332,l eines tragfähigen Flugverkehrskonzepts im Interesse der wirtschaftlichen Entwicklung Berlins anzuerkennen. (Beifall bei der CDU/CSU und der FDP) Die zur Begründung der vorzeitigen Stilllegung Tempelhofs geltend gemachten Verluste in Höhe von etwa 16 Millionen Euro im Jahr sind nie belegt worden. (
373431,Sie sollten vielleicht mal zuhören!,AfD,Thomas Ehrhorn,SPD,Mathias Stein,2020-09-11,168903,"fD beim Thema Autobahn mal etwas Grundsätzliches erklären: (Zurufe von der AfD: Oh!) Kein Bauwerk ist auf ewig gebaut, auch deutsche Autobahnen nicht. Wer eine sichere und gute Infrastruktur will, der muss auch gelegentlich mit Baustellen leben, sonst sind die Straßen nämlich ganz schnell Schrott. ("
84434,Wir reden doch jetzt über Biarritz!,SPD,Joachim Poß,CDU/CSU,Dr. Gerd Müller,2000-10-25,49577,"was machen die Länder? Gibt es eine Finalität dieser Europäischen Union? (Günter Gloser [SPD]: Es gibt keine Finalität!) Wohin steuert diese Europäische Union – auf 15, auf 25, auf 30? Das waren die großen Themen; die hier im Deutschen Bundestag mit uns zu diskutieren haben Sie sich nicht getraut. ("
81373,Haben Sie auch nicht!,CDU/CSU,Bartholomäus Kalb,SPD,Manfred Hampel,2000-06-28,48385,"als ich von der Ankündigung dieser Aktuellen Stunde gehört habe, die von der CDU/CSU-Fraktion beantragt worden ist. Genau vor einem Jahr, im Sommer 1999, hat uns die Opposition mit sehr viel Theaterdonner nachweisen wollen, dass wir erstens das Sparvolumen von 30 Milliarden DM nie erreichen würden ("
391492,Wir erwarten den Änderungsantrag!,CDU/CSU,Michael Frieser,AfD,Stephan Brandner,2021-12-16,179645,"ert: § 31 des Abgeordnetengesetzes verbietet es, darauf zu verzichten. Also: Wir könnten gar nicht, selbst wenn wir wollten. Sie verbieten, dass auf diese üppigen Bezüge verzichtet werden darf; wir als Rechtsstaatspartei halten uns daran. Was Sie tun, ist einfach weltfremd, bürgerfremd, abgehoben. ("
117361,FDP!,FDP,Dr. Dieter Thomae,CDU/CSU,Horst Seehofer,2002-12-05,59526,"ten – das ist eine CDU/CSU-Position –, Beitragsermäßigung für gesund lebende Menschen – das ist eine CDU/CSU-Position – (Dr. Dieter Thomae [FDP]: FDP!) und schließlich Stunden- oder Fallpauschalen bei den Arzthonoraren, damit der sinkende Punktwert ein Ende hat; auch das ist eine CDU/CSU-Position. ("
461103,So ist es!,CDU/CSU,Dr. Christoph Ploß,FDP,Jürgen Lenders,2024-05-16,203020,"ren, es ist eine spannende Branche, die mit einem schwierigen Marktumfeld  durchaus umzugehen weiß. (Beifall bei Abgeordneten der FDP, der SPD  und des GRÜNE) In Ihrem Antrag, meine Damen und Herren von der  Union, analysieren Sie, dass die Standortkosten im internationalen Vergleich zu hoch sind. ("
379172,Wie sollen die Kommunen das ersetzen? Schlaumeier!,GRÜNE,Daniela Wagner,AfD,Marc Bernhard,2020-11-26,171980,"Wagner [GRÜNE]: Was sollen denn die Kommunen dazu sagen?) Denn gegen Wohnungsnot hilft einzig und allein nur bauen, bauen, bauen und nochmals bauen und nichts anderes, meine sehr geehrten Damen und Herren. Herzlichen Dank. (Beifall bei der AfD – Ulli Nissen [SPD]: Gut, dass diese Rede vorbei ist! – "
197139,Dr. No!,FDP,Dr. Guido Westerwelle,CDU/CSU,Michael Glos,2008-11-28,90664,"lerin, Sie sind vor kurzem als „Madame Non“ bezeichnet worden. In diesem Zusammenhang würde ich mich Ihnen als „Mister No“ zur Seite stellen. (Heiterkeit bei der CDU/CSU – Dr. Peter Ramsauer [CDU/CSU]: James Bond! – Steffen Kampeter [CDU/CSU]: Genau! James Bond! Mit der Lizenz zum Steuern senken! – "
412480,"Frankreich ist auf uns angewiesen, Herr Dobrindt!",SPD,Dr. Matthias Miersch,CDU/CSU,Alexander Dobrindt,2022-11-23,187686," wir in den letzten Tagen und Wochen intensiv diskutiert, übrigens auch mit unseren Nachbarländern, weil wir auf Stromlieferungen dieser Nachbarländer angewiesen sind. Sie, Herr Habeck, haben allerdings ganz offensichtlich eine hohe Bereitschaft, unsere europäischen Partner vor den Kopf zu stoßen. ("
24877,Das ist  wahr!,CDU/CSU,Erwin Marschewski,CDU/CSU,Norbert Geis,1993-10-21,15142,"lität doch deshalb zu verzeichnen,  weil die Täter nicht damit rechnen müssen, entdeckt  zu werden. Immer noch richtet sich der Täter nicht so  sehr nach der Strafnorm, die im abstrakten Gesetz  steht, sondern bei seiner Handlung wohl mehr  danach, welche Chance er hat, nicht entdeckt zu  werden.  ("
443619,Sie verantworten die Zerschlagung der Jobcenter!,CDU/CSU,Hermann Gröhe,SPD,Jens Peick,2023-11-09,197796,"abe gehören, mal Lösungen und Konzepte zu präsentieren (Beifall bei der SPD sowie bei Abgeordneten des GRÜNE und der FDP) und die Rahmenbedingungen zu akzeptieren und zu würdigen, unter denen wir arbeiten. Das tun Sie aber nicht. Zur Oppositionsarbeit gehört aber auch, Verantwortung zu übernehmen. ("
168220,Jetzt wird es langsam unerträglich!,FDP,Dr. Werner Hoyer,CDU/CSU,Thomas Silberhorn,2006-09-06,76608,"Boot wiederfinden.  (Dr. Werner Hoyer [FDP]: Ziemlich  dümmlich!) Vor dem Hintergrund der langen Tradition liberaler Außenpolitik von Theodor Heuss bis Otto Graf Lambsdorff, der sich bei der Entschädigung jüdischer Verfolgter Verdienste erworben hat, sollten Sie Ihre Position nochmals überdenken.  ("
233650,Eben nicht!,SPD,Dr. Barbara Hendricks,CDU/CSU,Gunther Krichbaum,2011-03-24,105085,"hat sie nicht! – Thomas Oppermann [SPD]: Da haben Sie wieder nicht zugehört!) im Gegensatz zu Ihrem Kollegen Steinbrück. Ich kann Ihnen in aller Deutlichkeit sagen: Wer hier diese Baustelle aufmacht, der muss sich dann auch anhören, warum wir diesen Schlamassel heute überhaupt zu beseitigen haben. ("
84521,So ist es!,FDP,Jürgen Koppelin,CDU/CSU,Dirk Fischer,2000-10-26,49607,"e verehrten Kolleginnen und Kollegen! Jetzt reden wir einmal wieder über Klimmt. (Beifall des Abg. Jürgen Koppelin [FDP]) Klimmt ist ein Minister, der viel verspricht und alles bricht: Mitte September hat er der Bahn zusätzliche 25 Milliarden DM versprochen. Ende Oktober hat er das Wort gebrochen. ("
410602,Keine Ahnung von nichts!,AfD,Enrico Komning,SPD,Esra Limbacher,2022-11-09,187193,"fgrund der explodierenden Energiepreise in Not geraten sind, zu unterstützen. Wir machen das, (Enrico Komning [AfD]: Sie machen den Mittelstand abhängig vom Staat!) wir lassen niemanden allein, wir reden nicht nur. Herzlichen Dank. (Beifall bei der SPD sowie bei Abgeordneten des GRÜNE und der FDP – "
146735,Dann muss es wohl mehr Kinder geben!,FDP,Ina Lenke,GRÜNE,Anna Lührmann,2004-11-23,69049,"ben Höhe wie bisher abgerufen werden. (Ina Lenke [FDP]: Bisher tun Sie ja auch  nichts dafür!) Anna LührmannDaher glaube ich, dass man von den Prozentzahlen nicht darauf schließen kann, wie viel die Regierung für Familien, Kinder, Jugendliche und Senioren tut.  (Beifall beim GRÜNE und bei der SPD – "
17823,Wer hat denn  den Schalck geschützt? Herr Modrow!,CDU/CSU,Joachim Hörster,DIE LINKE,Andrea Lederer,1993-01-22,10688,"Jahres gekürt zu werden.  (Beifall bei der DIE LINKE)  Das alles ist der Ausschußmehrheit natürlich auch  bekannt. Sie tat sich über Monate schwer, mit dem  Dilemma fertig zu werden, daß die Marktwirtschaft  immer gleich mit auf der Anklagebank saß, wo doch  nur über KoKo gerichtet werden sollte.  ("
50456,Das ist rich,SPD,Werner Schuster,CDU/CSU,Jochen Feilcke,1997-01-16,33275,"einige Industrieländer wie zum Beispiel Großbritannien. Aber die „strengen Geldverwalter"" sind sehr  skeptisch. Das ist kein Vorwurf an den Finanzminister, Herr Entwicklungsminister. Aber man muß  sich in der Entwicklungspolitik gelegentlich fragen,  ob es immer buchhalterisch zugehen muß.  (Dr. R. "
290873,Dann können wir nach Hause gehen! Dann braucht es die Politik ja nicht!,GRÜNE,Dr. Julia Verlinden,CDU/CSU,Dr. Herlind Gundelach,2015-02-05,130381,"siv produzieren, sind weltweit Vorreiter, wenn es um energieeffiziente Lösungskonzepte und Produktionsweisen geht. Dafür gibt es auch hinlänglich Belege. Die Gründe dafür sind denkbar einfach: Das Eigeninteresse der Firmen und der Markt steuern die Unternehmen fast zwangsläufig in diese Richtung.  ("
222749,Sie haben doch damit angefangen!,FDP,Ulrike Flach,SPD,Dr. Karl Lauterbach,2010-09-30,100989," wenn das nicht geändert wird, weil die Arbeitnehmer den technischen Fortschritt und die Kosten aufgrund der demografischen Entwicklung alleine bezahlen sollen; das ist die Wahrheit. (Beifall bei der SPD und dem GRÜNE – Wolfgang Zöller [CDU/ CSU]: Das stimmt doch nicht! Sie wissen es doch besser! – "
97720,Thema verfehlt!,SPD,<unknown>,CDU/CSU,Wolfgang Bosbach,2001-09-19,54253,"nd dass wir uns selber schaden würden, wenn wir bei dem weltweiten Wettbewerb um die klügsten Köpfe nicht mitmachten. Dies kann aber im Umkehrschluss nicht bedeuten, dass wir sowohl unter humanitären als auch unter wirtschaftlichen Gesichtspunkten ständig mehr Zuwanderung nach Deutschland zulassen. "
20466,Wir sind ja  auch größer geworden!,CDU/CSU,Dr. Jürgen Rüttgers,GRÜNE,Dr. Wolfgang Ullmann,1993-04-29,12365,"chulterklopfen angebracht —:  „Während sich die Finanzierungsbeträge pro Kopf an  Parteien seit 1966 etwa vervierfacht haben, haben sich  diejenigen an Fraktionen versechzehnfacht.""  Ich denke, das ist ein Prüfungsergebnis, auf das die  Öffentlichkeit von diesem Hause eine Reaktion erwarten darf.  ("
213235,Schön wäre es!,CDU/CSU,Bartholomäus Kalb,SPD,Uwe Beckmeyer,2010-03-16,97692,"ce beim Transrapid, frage ich mich, was Sie bauen wollen. Wollen Sie den Starnberger See umrunden mit einer Gedächtnisbahn für Edmund Stoiber mit Halt in Wolfratshausen, oder was soll daraus werden? (Beifall bei der SPD sowie bei Abgeordneten der LINKEN und des GRÜNE – Zurufe von der CDU/CSU: Oh! – "
98697,Das will keiner!,CDU/CSU,Norbert Geis,FDP,van Essen,2001-10-11,54472,"ber 2001 Jörg van Essen 18706 Wer die Bundeswehr zusätzlich zu den immer neuen Aufgaben auf dem Balkan und bei der Bekämpfung des Terrorismus zum Lückenfüller, zur billigen Hilfspolizei machen will, der hat die Zeichen der Zeit nicht verstanden. (Beifall bei der FDP sowie bei Abgeordneten der SPD  "
84074,Stimmt!,CDU/CSU,Dietmar Kansy,SPD,Wolfgang Spanier,2000-10-12,49412,"cher Haushalte gibt, ein Stück weit zu beseitigen. Ich denke in diesem Zusammenhang nur an die Kappungsgrenze. (Beifall bei der SPD und dem GRÜNE) 11925 An dieser Stelle eine kurze Bemerkung zum Gesetzentwurf der FDP Die alte Koalition hat es nicht geschafft, das Mietrecht zu reformieren. (Dr.-Ing. "
206431,Sie missbrauchen gerade unsere Verfassung!,CDU/CSU,Gitta Connemann,SPD,Hubertus Heil,2009-11-11,95553,"menwechsel, weg vom sozialen Rechtsstaat, weg von sozialen Bürgerrechten, hin zu Almosen.  (Widerspruch bei der CDU/CSU) Das ist nicht in Ordnung. Es widerspricht dem Geist unserer Verfassung. Es wäre eigentlich vernünftig, sich daranzumachen, den Geist der Verfassung mit neuem Leben zu erwecken.  ("
17818,Das ist im  zweiten Fall leider zutreffend!,CDU/CSU,Joachim Hörster,FDP,Arno Schmidt,1993-01-22,10687,"rschwenden könnten, uns zu zerstreiten.  Vorwürfe der Art, der bayerische Ministerpräsident  Strauß habe Landesverrat begangen oder der nordrhein-westfälische Ministerpräsident Johannes Rau  hätte Wahlkampfhilfe bei Honecker erbettelt, sind zu  vordergründig, um wirklich ernst genommen zu werden.  ("
245842,Sie kürzen ja um 30 Millionen Euro!,GRÜNE,Sven-Christian Kindler,CDU/CSU,Marie-Luise Dött,2011-11-22,110017,"rden weitere Anreize schaffen, um Investitionen in Technologien in diesem Bereich zu initiieren. Mit dem Marktanreizprogramm haben wir bereits ein wirkungsvolles Förderinstrument, das im Jahr 2012 mit 250 Millionen Euro ausgestattet wird. Das ist auf den ersten Blick weniger als im laufenden Jahr. ("
335990,Das ist leider komplett falsch!,CDU/CSU,Sebastian Brehm,AfD,Albrecht Glaser,2018-09-27,151697,"ob es sich um einen soliden Unternehmer handelt, wenn er also nicht jeden Morgen das Konkursverzeichnis oder das Handelsregister liest, dann haftet er. Er muss praktisch seine gesamten Anbieter und Akteure ständig im Fokus haben, jenseits der Frage, ob er die Mitteilungen gesammelt hat oder nicht. ("
190963,Das ist eine Einheitsrede!,GRÜNE,Philip Winkler,DIE LINKE,Sevim Dağdelen,2008-05-29,87760,"lsch!) Es geht nicht an, immer nur nach jungen, männlichen, dynamischen, gesunden Ingenieuren im Ausland Ausschau zu halten! (Beifall bei der LINKEN)Schaffen Sie die soziale Ungleichheit beim Hochschulzugang ab – mit bundesweiten Regelungen zur Hochschulzulassung können Sie das erreichen –,  (Josef "
213979,Wie ist denn  das mit der Odenwaldschule?,CDU/CSU,Norbert Barthle,GRÜNE,Hans-Christian Ströbele,2010-03-18,97864,"Die entscheidende Frage ist doch: Wie gehen die damit um? Die Kritik an der katholischen Kirche – gerade seitens katholischer Laienorganisationen, der Katholischen Jugend und anderer – betrifft den Umgang der katholischen Kirche damit, dass solche Vorwürfe gemacht werden und sich Opfer melden. ("
50645,Was  wollen Sie denn machen?,CDU/CSU,Wolfgang Zeitelmann,GRÜNE,Cem Özdemir,1997-01-17,33407,"lechterung sei nicht beabsichtigt. Da  kann ich nur sagen: Guten Morgen! Guten Morgen  auch allen Kolleginnen und Kollegen in der Koalition,  all denen, die dem Propagandamärchen von Herrn  Kanther aufgesessen sind und nicht gemerkt haben,  wer die tatsächlich Leidtragenden dieser Regelung  sind.  ("
270314,Das Märchen glauben Sie  doch selber nicht!,SPD,Heinz Paula,CDU/CSU,Dieter Stier,2013-03-21,120281,sein  muss. (Sylvia Kotting-Uhl [GRÜNE]: Der Tierschutz interessiert Sie einfach  überhaupt nicht!) Die rot-grünen Landesregierungen haben im Bundesratsverfahren also aus polemischen Gründen einen  rechtskonformen Kompromiss bewusst an die Wand fahren lassen. (Beifall bei der CDU/CSU und der FDP –  
394562,"Ach, lesen kann der auch?",SPD,<unknown>,FDP,Jens Beeck,2022-03-23,181380,"e verwechseln Entwicklungshilfe und wirtschaftliche Zusammenarbeit mit den Aufgaben der humanitären Hilfe. Sie zeigen, dass Sie keine Ahnung davon haben, wie Länder in Lateinamerika und der Karibik aufgestellt sind, und verbinden das mit ein paar Dingen, die Sie in der „Bild“-Zeitung gelesen haben. "
341031,Das ist so unterirdisch!,GRÜNE,Dr. Franziska Brantner,AfD,Dr. Marc Jongen,2018-11-29,153970,Herr Präsident! Sehr geehrte Abgeordnete! Zu sehr später Stunde beraten wir heute über einen feuchten Traum der Linken. (
120094,Machen Sie doch mal einen Vorschlag!,CDU/CSU,Dr. Michael Fuchs,SPD,Walter Hoffmann,2003-02-14,60302," Das sage ich klar und deutlich. Frau Homburger, ich bin sehr gespannt – ich sage dies nicht arrogant –, wie Sie reagieren werden, wenn es bei der Forderung nach Bürokratieabbau an die Besitzstände Ihrer Klientel gehen wird. Und das wird kommen. (Birgit Homburger [FDP]: Wir haben keine  Klientel! – "
382125,"Das ist doch Unsinn, die gleichzustellen! Das Gegenteil!",AfD,Dr. Bernd Baumann,FDP,Stephan Thomae,2021-01-28,173511," diesen bürgerlichen Ehen noch die religiösen Ehen, und wir müssen, um zu der Strafbarkeit zu kommen, auch noch die religiösen Ehen – die „faktischen“ Ehen, wie Sie im Antrag schreiben – den rechtlichen, den bürgerlichen Ehen gleichstellen, damit wir auch diese noch verbieten und bestrafen können. ("
88449,Jetzt können Sie das leicht sagen! Das hätten Sie früher machen sollen!,SPD,Erika Lotz,CDU/CSU,Johannes Singhammer,2000-12-08,50797,nat zu vereinbaren und dabei die bisherigen Leistungen wie Erziehungsgeld und Kindergeld zusammenzufassen. (Horst Kubatschka [SPD]: Warum haben Sie das nicht vor fünf Jahren gesagt?) – Sie brauchen hier nicht so laut zu schreien. Sie müssen nur einfach diesen Vorschlag aufgreifen. Das wäre besser. (
400728,Vielleicht sollten Sie mal lesen!,CDU/CSU,Julia Klöckner,AfD,Bernd Schattner,2022-06-23,184091," muss man der Union eines lassen: Ihre Anträge sind mittlerweile fast deckungsgleich mit denen, die wir als AfD-Fraktion schon vor Wochen und Monaten gestellt haben. (Julia Klöckner [CDU/CSU]: Ich lache mich kaputt! – Johannes Steiniger [CDU/CSU]: Unsinn!) Vielleicht sollten Sie mal in sich gehen, ("
377779,Peinlich!,GRÜNE,von Notz,AfD,Volker Münz,2020-11-05,171041,"ne Damen und Herren. (Beifall bei der AfD – Hermann Gröhe [CDU/CSU]: Da müssen sie erst die AfD fragen!) So leistet sich zum Beispiel die EKD ein Gender-Institut und ein Schiff auf dem Mittelmeer, das Migranten nach Europa bringt. (Philipp Amthor [CDU/CSU]: Und das bei der Debatte! – Dr. Konstantin "
48898,Mineralölsteuer!  Steuern! Steuern!,FDP,Dr. Gisela Babel,CDU/CSU,Dr. Maria Böhmer,1996-11-14,32226,"olf Dreßler [SPD]: Ich bin schon lange  dabei!)   Die Vorschläge, die Sie bieten, sind dürftig. Denn  wer heute von 15 Milliarden DM mehr an Bundesmitteln spricht und die Frage, wo man diese Mttel hernehmen solle, mit der Einführung einer Vermögensabgabe, Ökosteuern und Benzinsteuern beantwortet,  ("
186309,Nokia!,DIE LINKE,Ulla Lötzer,CDU/CSU,Michael Glos,2008-01-24,85360,"e Unternehmungen können erfolgreich sein und den Menschen Arbeit und die Sicherheit geben, die sie gerne hätten. (Beifall bei der CDU/CSU) Bundesminister Michael GlosDie Reformen zahlen sich auch für die Arbeitnehmerinnen und Arbeitnehmer in Form von zusätzlichen und sichereren Arbeitsplätzen aus, ("
214656,"Ich  denke, wir haben keine gemacht!",FDP,Ulrike Flach,SPD,Dr. Karl Lauterbach,2010-03-24,98056,"t es in der Gesundheitspolitik noch nie gegeben. Die Kosten laufen davon. Es ist kein Ende in Sicht.  (Heinz Lanfermann [FDP]: Aber Sie sind doch  der Verunsicherungsprofessor!) – Verunsichernd sind Ihre Vorschläge. Wir machen damit nur Wahlkampf, und das ist auch richtig so. (Beifall bei der SPD – "
360326,Die niedrigste Investitionsquote im Euro,AfD,Dr. Alice Weidel,CDU/CSU,Dr. Angela Merkel,2019-11-27,162564,"den, wenn sie Schulden verursachen. Ein ordentlicher Haushalt heißt doch: Investitionen in einem ausgeglichenen Haushalt. Liebe Kolleginnen und Kollegen, alles andere ist doch absurd. (Beifall bei der CDU/CSU, der SPD und der FDP – Dr. Marco Buschmann [FDP]: Deshalb kürzen Sie bei Frau Karliczek! – "
13561,Wieviel ist das?,SPD,Günther Heyenn,FDP,Dr. Gisela Babel,1992-09-11,7763,"lfen für  Aussiedler werden gestrichen. Einsparvolumen:  1,5 Milliarden DM.  Zweitens. Begrenzung der Rehabilitation für  Behinderte: 500 Millionen DM.  Drittens. Senkung der Einarbeitungszuschüsse:  1,5 Milliarden DM.  Viertens. Abschaffung der Möglichkeit der Förderungen zum Hauptschulabschluß.  ("
407668,"Schön, dass Sie Gesetze von anderen Ländern lesen können!",GRÜNE,Stephanie Aeffner,AfD,Gerrit Huy,2022-10-13,186365,"h einer neuen Arbeitsstelle umsehen und ausreichend Bewerbungen verschicken. Wer Arbeit gefunden hat, muss die Sozialhilfe wieder zurückzahlen. (Beifall bei Abgeordneten der AfD) Unsere Nachbarn achten also streng darauf, dass ihre Mindestsicherung nur als vorübergehende Hilfe genutzt werden kann. ("
10874,Applaus für den Realismus!,CDU/CSU,von Waldburg-Zeil,SPD,Stephan Hilsberg,1992-05-07,6348,"nur akklamatorische Dinge mit hineinzubringen, sondern man  muß sich auf diesen schmalen Grat besinnen, der  realistisch machbar ist. Es gehört zu den Mängeln, daß  Schüler-BAföG nicht vorhanden ist, und es wird wieder auf der Tagesordnung stehen, sobald andere  Verhältnisse vorliegen.  (Alois Graf "
163309,Das ist alles die Erblast von Herrn Tauss!,CDU/CSU,Steffen Kampeter,CDU/CSU,Klaus-Peter Willsch,2006-03-28,74691,"r eine Föderalismusreform, die die Zuständigkeiten von Bund und Ländern klärt; denn vieles von dem, was bei der Vorgängerregierung völlig falsch gelaufen ist, ist der Tatsache geschuldet, dass die Kompetenzen nicht klar waren  (Dr. Ernst Dieter Rossmann [SPD]: Protest! Was erzählt da der Willsch? – "
100859,Selbstkritik!,FDP,Dr. Helmut Haussmann,SPD,Winfried Mante,2001-11-15,55143,ramm für die Grenzregionen gehabt hätte. Aber wir sind hier leider nicht bei Wünsch dir was. Leider ist auch das von der EU-Kommission im Juli auf den Weg gebrachte Aktionsprogramm bisher mehr als bescheiden ausgefallen. Hier sollten wir gemeinsam auf Nachbesserung dringen. (Beifall bei der SPD  
243643,Soziale Marktwirtschaft bei der Deutschen Bank! Ackermann!,DIE LINKE,Dr. Diether Dehm,CDU/CSU,Dr. Joachim Pfeiffer,2011-10-27,109315,"fall bei der CDU/CSU – Beifall bei Abgeordneten der LINKEN – Dr. Dagmar Enkelmann [DIE LINKE]: Das glauben Sie doch selber nicht! – Zuruf von der LINKEN: Dafür sind Sie noch zu jung!) Durch einen demokratischen Sozialismus wollen Sie das erfolgreichste System ersetzen, die soziale Marktwirtschaft, ("
375422,Ja und? Ist doch gut!,DIE LINKE,Matthias W. Birkwald,FDP,Johannes Vogel,2020-10-02,169772,"Krise mutig und entschlossen reagieren muss. Das Problem ist: Im BMAS-Haushalt sind die Ausgaben für die Rente der größte Posten. (Peter Weiß [Emmendingen] [CDU/CSU]: Richtig!) Liebe Kolleginnen und Kollegen, Sie übergeben einen Bundeshaushalt mit alleine 100 Milliarden Euro Zuschuss in die Rente. ("
344082,Du meine Güte!,FDP,Graf Lambsdorff,DIE LINKE,Kathrin Vogler,2019-02-13,155440,"rden ist, als legitimen Präsidenten anerkennt. Das ist wirklich eine derart absurde Argumentation. Kann es sein, dass es der Bundesregierung hierbei in erster Linie darum geht, dem Bündnispartner USA Zugriff auf das venezolanische Öl zu ermöglichen? (Beatrix von Storch [AfD]: Ah, jetzt! – Alexander "
84974,"Es fragt sich nur, wer die ist!",CDU/CSU,Karl-Josef Laumann,SPD,Erika Lotz,2000-11-08,49833,"mographiefaktor war willkürlich (Lachen bei der CDU/CSU) und wird von uns nicht verfolgt werden. Unser Weg ist der richtige. Ich will Ihnen noch eines sagen, Herr Laumann: Die CDU hat ein Problem mit der Leitkultur, aber wir haben kein Problem mit der Leitfigur. (Beifall bei der SPD und dem GRÜNE – "
324314,Nö!,AfD,Armin-Paulus Hampel,CDU/CSU,Dr. Hendrik Hoppenstedt,2017-12-13,146152,"Sie wahrscheinlich zum Ausdruck bringen, dass Sie in hohem Maße verfassungstreu sind. Möglicherweise wollten Sie auch zum Ausdruck bringen, dass das für die anderen Parteien nur eingeschränkt gilt. Ich will auf jeden Fall darauf hinweisen, dass es nicht verboten ist, Grundgesetztexte zu verteilen. ("
303112,Das stimmt doch gar nicht!,CDU/CSU,Ingrid Pahlmann,DIE LINKE,Karin Binder,2016-01-15,136243,"Herr Präsident! Liebe Kolleginnen und Kollegen! Meine Damen und Herren! Obst und Gemüse sind wichtige Bestandteile einer gesunden und ausgewogenen Ernährung. Umso schlimmer ist, dass immer mehr Rückstände von Pflanzenschutzmitteln in unseren wichtigsten Lebensmitteln festgestellt werden. ("
416221,Nein! Nein! Nein! Sie wurden etwas gefragt!,CDU/CSU,Julia Klöckner,GRÜNE,Dr. Wolfgang Strengmann-Kuhn,2022-12-15,188810,Sie müssen sich mal klar werden: Stehen Sie noch zu dem Lieferkettengesetz oder nicht? (
344570,Schutzkleidung für die Soldaten!,CDU/CSU,Henning Otte,DIE LINKE,Matthias Höhn,2019-02-14,155608,"ch gerne von der Verteidigungsministerin schlank gerechnet. Es werden Preisgleitklauseln eingeführt, die den Steuerzahler zusätzlich 8,2 Milliarden Euro kosten. Wie wäre es denn mit Schutzklauseln für die Steuerzahlerinnen und Steuerzahler bei den großen Rüstungsprojekten? (Beifall bei der LINKEN – "
297994,"Es ist die Frage, was wir tun!",CDU/CSU,Max Straubinger,SPD,Bernd Rützel,2015-09-24,133856,"n. Ich sehe überall Zustimmung, auch in Teilen der Union. Die CDA hat einen Antrag auf Ihrem Bundesparteitag gestellt. Es ist schade, dass es nicht geklappt hat. Wir haben noch zwei Jahre Zeit. Vielleicht können wir noch einmal darüber reden. (Volker Kauder [CDU/CSU]: Reden können wir über alles! – "
245238,Warum machen Sie es nicht bei den Abgaben?,GRÜNE,Lisa Paus,CDU/CSU,Hans Michelbach,2011-11-11,109847,"teuerwillkür zulässt. Vielmehr haben die Bürger Anspruch auf einen Ausgleich, und ein Tarif auf Rädern ist die richtige Entwicklung. Es hat mit Steuergerechtigkeit nichts zu tun, wenn ein Arbeitnehmer 1 Prozent mehr Gehalt bekommt und dann 2 Prozent mehr Steuern zahlen muss. Das ist nicht gerecht. ("
351536,"Ich glaube, das hatten wir schon!",AfD,Martin Hebner,FDP,Gyde Jensen,2019-05-17,158849,"bot der sogenannten Homo-Heilung beschlossen, das auf einen Antrag unter anderem aus Schleswig-Holstein zurückgeht. Denn so unfassbar es auch klingt: In über 70 Ländern ist Homosexualität immer noch strafbar. Im Sudan, in Saudi-Arabien, im Jemen und im Iran droht Homosexuellen gar die Todesstrafe. ("
101825,Sehr richtig! Sehr wahr!,CDU/CSU,Steffen Kampeter,CDU/CSU,Christian Schmidt,2001-11-28,55344,"ßenminister, bei dem von uns allen begrüßten Israel-Engagement auf dem auf, was in den 90er-Jahren von der damaligen Bundesregierung, insbesondere durch Bundeskanzler Kohl, entwickelt worden ist. Es ist schade und schlimm, dass Yitzhak Rabin nicht mehr da ist. Er hätte darauf angemessen reagiert,  ("
156325,Sie werden gekürzt! Das ist das Skandalöse!,CDU/CSU,Thomas Rachel,SPD,Andrea Wicklein,2005-05-13,72076,"leunigen. Aus meiner Sicht ist das alles schizophren. (Beifall bei Abgeordneten der SPD) Auch ist es grandios, dass Sie sich im selben Antrag darüber besorgt zeigen, dass die Bundesmittel für den Hochschulbau gekürzt werden könnten. Wir haben heute wieder Ihre diesbezüglichen Befürchtungen gehört. ("
257722,Aha!,DIE LINKE,<unknown>,CDU/CSU,Dr. Angela Merkel,2012-06-29,115109," Wochen, sondern das  ist ein längerer Prozess. Ein Vorschlag dazu soll bis  Ende des Jahres vorliegen. Wenn diese Aufsicht geschaffen ist, dann haben wir  eine europäische Institution im Euro-Raum, die in der  Lage ist, Kontrolle auszuüben, und gleichzeitig auch befugt sein muss, Auflagen zu erteil"
12856,Sehr richtig!,CDU/CSU,<unknown>,CDU/CSU,Dr. Wolfgang Bötsch,1992-09-09,7535,"/CSU)  Nur, meine Damen und Herren, wir tragen die Verantwortung für die Herausforderungen in dieser Zeit  des Umbruchs nicht allein. Denn auch Sie, meine  Damen und Herren von der SPD, tragen mit Ihrer  Mehrheit im Bundesrat und als stärkste Oppositionspartei im Deutschen Bundestag Verantwortung.  "
231741,Was ist das für eine Logik?,DIE LINKE,Dr. Rosemarie Hein,GRÜNE,Kai Gehring,2011-02-11,104322,"derstand gegen Studiengebühren geschwächt, weil die Akzeptanz der Studiengebühren damit gestärkt würde. (Dr. Rosemarie Hein [DIE LINKE]: Die Logik  ist sehr seltsam!) Das ist völlig absurd. Damit leisten Sie den Zielen der Bildungsstreikbewegung nachträglich einen Bärendienst. (Beifall beim GRÜNE – "
212144,Stimmt doch alles  nicht!,SPD,Dr. Karl Lauterbach,FDP,Heinz Lanfermann,2010-03-04,97391,"ch. Soweit wir wissen, soll bei Ihrer Bürgerversicherung die Bemessungsgrundlage verbreitert werden,  nicht nur bezüglich der Personen, sondern auch bezüglich der Einkommen. Die Zinsen aus Bausparverträgen,  das, was die Oma für die Enkel anlegt, die Mieteinnahmen und anderes werden dazugerechnet. ("
367261,Jawoll!,DIE LINKE,Thomas Lutze,AfD,Steffen Kotré,2020-03-06,165299,"Sehr geehrte Frau Präsidentin! Sehr geehrte Damen und Herren! Die staatliche Plankommission zur Lenkung der Wirtschaft, genannt Kommission für „Wachstum, Strukturwandel und Beschäftigung“, hat getagt und uns ihren Fünfjahresplan vorgelegt. Die Genossen vom Zentralkomitee, genannt Bundesregierung, ("
92514,Wir müssen die Arbeit der Opposition auch noch machen!,SPD,Iris Gleicke,SPD,von Renesse,2001-03-29,52400,"s das zum Beispiel für die Zweitwohnung oder für die Drittwohnung so nicht gelten müsste? Das wäre doch ein FDP-Argument gewesen; aber das ist nicht gekommen. Ich bringe es, nachdem ich mir überlegt habe, was Sie heute vielleicht einwenden könnten. (Heiterkeit und Beifall bei Abgeordneten der SPD – "
388788,Sehr richtig!,SPD,Dr. Lars Castellucci,DIE LINKE,Ulla Jelpke,2021-06-10,178149,"t gepflegten reaktionären Auslegung des Islam halte ich eine solche Forderung schlicht für grundgesetzwidrig. Dem Staat ist es nicht gestattet, Religionsinhalte zu kontrollieren. Glaubensinhalte sind selbst dann von der Religionsfreiheit geschützt, wenn sie als verfassungsfeindlich anzusehen sind. ("
411008,"Sie meinen das Wohngeld, nicht das Bürgergeld?",SPD,Saskia Esken,FDP,Daniel Föst,2022-11-10,187297," er nicht übernommen? Also, auch die Kommunen und die Länder haben bitte die Verantwortung, ihre Verwaltung zu optimieren und vor allen Dingen zu digitalisieren, damit es schneller geht und zielgerichteter ankommt. (Beifall bei der FDP sowie bei Abgeordneten des GRÜNE) Das ist ein wichtiger Punkt. ("
343222,Wen?,CDU/CSU,David Wadephul,AfD,Armin-Paulus Hampel,2019-01-30,155032,"einen Präsidenten fallen und erkennt einen anderen an, übrigens ohne dass man sich vorher mit den Vereinigten Staaten abgesprochen hat. (Dr. Johann David Wadephul [CDU/CSU]: Wen haben wir denn anerkannt?) – Natürlich haben wir ihn anerkannt, indem wir uns auf seine Seite gestellt haben. (Dr. Johann "
11493,Hier gibt es auch  rechtsstaatliche Bedenken! Das wissen  Sie!,CDU/CSU,Norbert Geis,SPD,Johannes Singer,1992-06-04,6772,"enberater sagt eines Tages vor Ge richt gegen ihn aus? Das  ist eine Forderung, die von allen in der Therapie und  in der Beratung, in der Prävention Tätigen seit Jahren  erhoben wird. Sie haben sich unheimlich schwergetan, hier zuzustimmen. Vollen Herzens tun Sie es auch  jetzt nicht, Herr Geis.  ("
395517,Das ist wirklich ekelhaft!,GRÜNE,Ulle Schauws,AfD,Dr. Gottfried Curio,2022-04-07,181841,"etzt mit ankommen, müssen, wie es die Massenzustromrichtlinie vorsieht, in ihr Heimatland zurück. Das alte Hunderttausender-Heer – die es sich nach wie vor auf Steuerzahlerkosten in Deutschland wohlergehen lassen –, die 300 000 vollziehbar ausreisepflichtigen Ausländer sind endlich zurückzuführen! ("
188375,Aber auch finanzierbar!,SPD,Jörg Tauss,FDP,Hans-Joachim Otto,2008-03-07,86414,"-Kabel, DSL, Satellit oder Funk, es bedarf jeweils einer anderen technologischen Lösung, um zum Beispiel die Ostfriesischen Inseln – den Ort, den Sie genannt haben, habe ich leider vergessen – (Dr. Martina Krogmann [CDU/CSU]:  Oederquart!) oder bayerische Alpendörfer ans Breitbandnetz zu bringen.  ("
348321,In drei Schritten!,GRÜNE,Kai Gehring,CDU/CSU,Anja Karliczek,2019-04-05,157420,"ritt. Dabei konzentrieren wir uns darauf, die wesentlichen Aspekte aufzugreifen: Erstens. Wir erhöhen den Förderhöchstsatz von heute 735 Euro auf 861 Euro im Jahr 2020. Das ist ein Plus von 17 Prozent. Zweitens. Wir erhöhen die Einkommensfreibeträge bis 2021, und zwar ebenfalls um fast 17 Prozent. ("
94212,Haben gelogen!,FDP,Dr. Dieter Thomae,SPD,Regina Schmidt-Zadel,2001-05-17,52966," der Bundestagswahl 1998 mit der Abwahl der alten Regierung quittiert. (Beifall bei der SPD) Meine sehr verehrten Damen und Herren, wir alle wissen, dass die Bundesrepublik in vielen Ländern um ihr solidarisches Krankenversicherungssystem beneidet wird. Wir Sozialdemokratinnen und Sozialdemokraten ("
47946,So wird man doch  bekannt!,FDP,Lisa Peters,SPD,Wilhelm Schmidt,1996-10-10,31428,"eehrten Damen und Herren! Liebe  Kolleginnen und Kollegen! Der Antrag verdient natürlich eine ordentliche Behandlung, wenngleich man sich wundert, wie intensiv er in den letzten Wochen und Monaten durch die Medien gegeistert ist  und wie sehr er dort eine überproportionale Beachtung gefunden hat.  ("
365565,Oh!,DIE LINKE,Alexander Ulrich,CDU/CSU,Max Straubinger,2020-01-31,164563,"den Herausforderungen, die die Digitalisierung mit sich bringt. Die Chancen, die damit verbunden sind, werden leider ausgeblendet. Ich glaube nicht, dass wir die entsprechende Transformation bzw. den Umbau des Arbeitsmarktes dadurch erreichen können, dass wir die Menschen von der Arbeit entwöhnen. ("
20060,Das war der  Punkt!,CDU/CSU,Karl Lamers,CDU/CSU,Dr. Wolfgang Schäuble,1993-04-21,12030,"geteiltes Deutschland an Blauhelm-Einsätzen  nicht zu beteiligen, zu einer Entscheidung, die — da  stimmen wir ja auch überein — im vereinten Deutschland politisch so nicht mehr richtig ist,  (Zuruf von der DIE LINKE: Nein!)  eine unzutreffende verfassungrechtliche Begründung  gegeben worden ist,  ("
268918,Was haben Sie denn da gerade mit der  „totalen Mobilmachung“?,GRÜNE,Renate Künast,CDU/CSU,Dorothee Bär,2013-03-01,119761,"n – ich finde, das ist ein ganz besonders furchtbares Wort – von Frauen stagniert, weil viele  nur in Teilzeit arbeiten. Da frage ich mich: Ist es wirklich Ihr Ziel, wie in der Wirtschaftswoche vom 9. Februar zu lesen war – ich zitiere –, dass „die totale Mobilmachung aller Arbeitskräfte“ erfolgt? ("
296851,Das habe ich nicht gesagt! Ich habe eine Frage gestellt!,GRÜNE,von Notz,CDU/CSU,Stephan Mayer,2015-07-03,133330,"so einfach machen wie Sie, Herr Kollege von Notz, indem Sie sagen: Na ja, es gibt hier eine deutliche Zunahme gewaltorientierter Bestrebungen im Bereich des Rechtsextremismus, auch mehr Gewalttaten, und dies zeigt ganz klar, dass der Einsatz von V-Leuten obsolet und untauglich ist.  (Dr. Konstantin "
76271,16 : 0 ist Frau Fischer untergegangen!,FDP,Walter Hirche,GRÜNE,Kerstin Müller,1999-12-16,46092,"nmal!) Kerstin Müller (Köln) Jetzt komme ich zur Gesundheitspolitik. Nicht hinnehmbar ist, wie Sie sich, meine Damen und Herren von CDU/CSU und FDP, der Verantwortung für die dringend notwendigen Veränderungen in der gesetzlichen Krankenversicherung verweigern. (Beifall beim GRÜNE und bei der SPD – "
207563,Unverschämt!,DIE LINKE,Dr. Dagmar Enkelmann,SPD,Ulrich Kelber,2009-12-03,95956," Mittel für den Klimaschutz, damit Herr Niebel in der Statistik besser dasteht, ohne für die Menschen und die Sache wirklich etwas erreicht zu haben. (Michael Kauch [FDP]: Stimmt doch gar  nicht!) Dafür werden Sie unsere Stimme nicht bekommen. (Beifall bei der SPD sowie bei Abgeordneten des GRÜNE – "
34555,Das war genauso schlimm!,FDP,Dr. Gisela Babel,CDU/CSU,Volker Kauder,1995-01-26,21934,"! So zynisch und menschenverachtend ist  Ihr Satz.  (Beifall bei der CDU/CSU und der FDP)  Herr Dreßler, ich sage Ihnen noch eines.  (Joseph Fischer [Frankfurt] [GRÜNE]: Mein lieber Kauder, ihr habt doch immer zu unsereins gesagt: Geht doch  nach drüben! Jahrzehntelang habe ich mir  das angehört! — "
39105,Weil im,CDU/CSU,Siegfried Hornung,CDU/CSU,Hansjörgen Doss,1995-09-21,25057,"organg ist abgeschlossen.  Dauerthema der Mittelstandspolitik ist die Senkung der Lohnzusatzkosten. Deutsche Arbeitnehmer  verdienen nicht zuviel; sie kosten nur zuviel. Es ist  die Differenz zwischen Nettolohn und Stundenverrechnungssatz, die legale Arbeit in Deutschland fast  unbezahlbar macht.  ("
206961,Das ist nur vergiftet! Ein „tolles“ Klima in der Koalition!,SPD,Bernd Scheelen,FDP,Otto Fricke,2009-11-12,95639,Sie haben bei Ihrer Amtseinführung – ich habe Ihren Worten sehr wohl gelauscht – sehr klar und präzise gesagt: Ich bringe den Mitarbeitern des Finanzministeriums Vertrauen entgegen bis zum Beweis des Gegenteils. – Für die FDP-Fraktion gilt im Verhältnis zu unserem Finanzminister genau das Gleiche. (
439291,Sie wollten das doch immer auflösen!,GRÜNE,Maik Außendorf,CDU/CSU,Dr. Reinhard Brandl,2023-09-28,196264,Weniger Geld für Digitalisierung ist die Realität. Drittens – das ist jetzt der eigentliche Hammer –: Die Bundesregierung löst das Sondervermögen „Digitale Infrastruktur“ auf. (Stefan Müller [Erlangen] [CDU/CSU]: Was?) Das hört sich jetzt ein bisschen technisch an. Aber was verbirgt sich dahinter? (
6080,Und die Men schen müssen bräver werden!,CDU/CSU,Norbert Geis,SPD,Dr. Jürgen Meyer,1991-11-14,3851,"ig. Diese ist nach unserer Überzeugung nur möglich, wenn künftig nicht mehr dieselbe  Masse, sondern weniger Strafprozesse, aber unter  voller Wahrung rechtsstaatlicher Garantien durchgeführt werden. Dazu bedarf es zukunftsweisender  Reformen des materiellen Strafrechts und des Strafprozeßrechts.  ("
324197,Sie sollten nicht so viel Ihren Schmutz da lesen!,GRÜNE,Steffi Lemke,AfD,Stephan Protschka,2017-12-12,146050," gerade bei der sonst so umweltbewegten Grünenfraktion keine große Rolle. (Zuruf vom GRÜNE: Was? – Harald Ebner [GRÜNE]: Hätten Sie mal die Debatten im Hohen Haus verfolgt!) Bloß nicht den brüchigen Frieden mit der profitmaximierenden FDP brechen! Dafür opfert man ja nicht nur die Kohlekraftwerke, ("
261601,Das ist eine Selbstverständlichkeit!,GRÜNE,Beate Müller-Gemmeke,CDU/CSU,Frank Heinrich,2012-10-26,116683,", dass da ein Problemfeld besteht, und dies hat  eine hohe Priorität bekommen. Neu ist, dass sich die  Bundesagentur in der Zielvereinbarung für dieses Jahr  auf die Steigerung der Integrationsquote dieser Personengruppe verpflichtet hat. Ja, es ist nachdenkenswert,  dass das fortgeschrieben wird. ("
346889,Doch!,GRÜNE,Annalena Baerbock,CDU/CSU,Dr. Angela Merkel,2019-03-21,156795,"ben Sie denn gemacht in den 14 Jahren?) sondern wir müssen proaktiv und ausbrechend aus dem klassischen Beihilferahmen, der uns das nicht ermöglicht, Projekte – – (Annalena Baerbock [GRÜNE]: Natürlich ermöglicht er das!) – Nein, Frau Baerbock, der klassische Beihilferahmen ermöglicht es uns nicht. ("
289218,Ihre Schwesterpartei!,DIE LINKE,Dr. Diether Dehm,SPD,Carsten Schneider,2014-12-18,129585,"n in Griechenland, die dazu führten, dass Leopard-Panzer angeschafft wurden, dass über Jahrzehnte auf Pump gelebt wurde, dass es keine ordentliche Steuerverwaltung gab und ein Unmaß an Korruption herrschte.  (Dr. Dietmar Bartsch [DIE LINKE]: Da haben Christdemokraten und Sozialdemokraten regiert! – "
217100,Das ist doch  ein alter Hut!,SPD,René Röspel,CDU/CSU,Dr. Annette Schavan,2010-05-07,98831,"den Wettbewerb darum, wer wie viele Stipendien vergibt, wir wollen eine Stipendienkultur entwickeln, und wir wenden uns keineswegs nur an die großen Unternehmen, sondern wir wenden uns auch an unsere Ehemaligen. Wir haben damit die wunderbare Möglichkeit, endlich eine Ehemaligenkultur aufzubauen.  ("
195095,Sie sind doch Gewerkschaftssekretär!,FDP,Dirk Niebel,DIE LINKE,Werner Dreibus,2008-10-16,89726,"as!) Eine Friseurin in Brandenburg, um ein zugegebenermaßen extremes, aber leider nicht gering verbreitetes Beispiel zu nennen, bekommt 2,75 Euro die Stunde per Tarifvertrag. Das wollen Sie mit diesen Gesetzen zum Mindestlohn erklären. Das ist zynisch und menschenunwürdig. (Beifall bei der LINKEN – "
264740,Aber wir sind lernfähig!  Das ist doch jetzt eine ganz andere Wohnungssituation! Es war damals falsch!,SPD,Sören Bartol,CDU/CSU,Gero Storjohann,2012-11-30,117895,"e und daher verhindert werden müsse. (Beifall bei der LINKEN) Diese Auffassung teilen wir (Beifall bei der LINKEN) von der CDU/CSU nicht. Ich erinnere an den Verkauf von 114 000 bundeseigenen Eisenbahnerwohnungen im Jahre 2000, der damals  von der rot-grünen Bundesregierung vorgenommen worden ist. ("
164597,Lesen Sie mal vernünftig nach!,SPD,Jörg Tauss,DIE LINKE,Lutz Heilmann,2006-04-06,75102,"lleginnen und Kollegen von der CDU/CSU: Übernehmen Sie die politische Verantwortung, wenn es in der Bundesrepublik Deutschland zu einem GAU kommt? Herr Mißfelder, Ihre Einlassung von eben schreibe ich ganz einfach Ihrem jugendlichen Alter zu. Mit 22 Jahren unterlag auch ich noch solchen Irrtümern. ("
405284,"Ja, hätten Sie mal zugehört, Frau Staffler!",GRÜNE,Kai Gehring,CDU/CSU,Katrin Staffler,2022-09-22,185601," bedeutet: Wir sprechen heute über ein Instrument, welches in den kommenden Monaten, wo es ganz hart wird für unsere Studenten, überhaupt keine Rolle spielen wird. Schlimm genug! (Beifall bei der CDU/CSU – Ria Schröder [FDP]: Wenn Sie zugehört hätten, hätten Sie mitbekommen, was wir alles machen! – "
159439,"Es wäre auch nicht gut, wenn Sie da mitmachen würden!",CDU/CSU,Bartholomäus Kalb,DIE LINKE,Dr. Lukrezia Jochimsen,2005-12-01,72922,"tensiv und sehr widersprüchlich für ein Vertriebenenzentrum in Berlin geworben, als Geste der Versöhnung. Das ist eine seltsame Geste. Wer soll sich da eigentlich mit wem versöhnen? Bei so etwas machen wir jedenfalls nicht mit.  (Beifall bei der LINKEN – Zuruf von der FDP: Wo machen Sie denn mit? – "
352861,Die können auch mal lernen!,DIE LINKE,Matthias W. Birkwald,AfD,Kay Gottschalk,2019-06-27,159555,"ie die Steuerausfälle ausgleichen? – Keine Antwort!) Kommen wir zum sogenannten Gesetzentwurf der GroKo. Sie wollen die Grundsteuer C wieder einführen. Meine Damen und Herren, das ist ebenfalls ein Relikt, etwas, was schon einmal gescheitert ist. Das entspricht schon fast linkem Gedankenpotenzial. ("
383389,"Nein, das steht da nicht!",FDP,Otto Fricke,CDU/CSU,Eckhardt Rehberg,2021-02-25,174326,"reter im Wirtschafts- und Finanzausschuss das Petitum geben, dass er ablehnen muss? (Stefan Keuter [AfD]: Das ist ja unser Geld!) Wollen wir das im Haushaltsausschuss wirklich? Und Ihr Gesetzentwurf geht ja noch weiter. Sie wollen alle halbe Jahre alle 26 Pläne im Haushaltsausschuss durcharbeiten. ("
139693,"Ich weiß nicht,  ob die das verstehen!",FDP,Dr. Wolfgang Gerhardt,FDP,Rainer Brüderle,2004-05-27,66809,"elstand keine faire Chance hat, sich positiv zu entwickeln. Die Bedingungen stimmen nicht. Selbst diese schlechten Bedingungen sind nicht berechenbar. Aber Wirtschaften beruht auf Kalkulation. Am Schluss müssen Sie rechnen: Zwei und zwei sind vier. Wer nicht rechnen kann, kann auch nicht steuern.  ("
55145,So ist das! Sehr  richtig!,SPD,Dr. Peter Struck,GRÜNE,Annelie Buntenbach,1997-09-25,36236,"chäftigung. Die Sozialversicherung darf  nicht weiter durch unverantwortliche Deregulierungspolitik ausbluten.  (Ulrich Heinrich [FDP]: Das ist ja unglaub lich!)  Über Sonntagsreden kommen auch Sie, Herr Mekkelburg, nicht hinaus, wenn es um die Sozialversicherungspflicht für die 610-DM-Jobs geht.  ("
428026,Wir haben die meisten Akademiker in unseren Reihen!,AfD,Enrico Komning,DIE LINKE,Nicole Gohlke,2023-05-11,192741,"ngen Menschen außen vor lässt, die man für eine berufliche Ausbildung gewinnen muss. Beide Fehler macht konsequent die AfD. (Beifall bei der LINKEN, der SPD, dem GRÜNE und der FDP) Ich muss auch sagen: Den Einsatz der AfD für die berufliche Bildung, den nehme ich Ihnen wirklich überhaupt nicht ab. ("
152276,Er  kommt sofort wieder!,CDU/CSU,Konrad Fromme,GRÜNE,Philip Winkler,2005-02-24,70789,"rklich selten vor. Dadurch, dass wir im Zuge der Ausschussberatungen den beiden Empfehlungen des Bundesrates gefolgt sind, können wir uns hoffentlich auch der Zustimmung der Länderkammer sicher sein. Ich freue mich auch, dass die Union, vertreten durch Herrn Marschewski – wo ist er denn? –  (Jochen–"
247792,Und bei den 64,DIE LINKE,Klaus Ernst,FDP,Johannes Vogel,2011-12-15,110793,uf dem deutschen Arbeitsmarkt war doch grandios: Es gibt mehr Perspektiven für Ältere. Den Weg müssen wir fortsetzen. Wie gesagt: Es gibt mehr Perspektiven. Bei den 60- bis 65-Jährigen hat sich in den letzten fünf Jahren die Zahl der sozialversicherungspflichtig Beschäftigten um 40 Prozent erhöht. (
101845,Das glaubt kein Mensch außer Kröning!,CDU/CSU,Paul Breuer,SPD,Volker Kröning,2001-11-28,55348,"en Personalbudget wird das Attraktivitätsprogramm verwirklicht, das zentraler Bestandteil der Bundeswehrreform und Ausfluss des Neuausrichtungsgesetzes und des Besoldungsänderungsgesetzes ist, die vom Haus bereits beschlossen worden sind. Das Programm eröffnet allein im militärischen Bereich 2002  ("
316043,Toller Name!,SPD,Michaela Engelmeier,DIE LINKE,Dr. André Hahn,2017-01-19,142207,"uch wenn der Deutsche Behindertensportverband, wie von den Linken gefordert, (Michaela Engelmeier [SPD]: Von uns auch!) 2017 mehr Geld vom Bund bekommen wird, ist es dennoch ein sehr langer Weg bis hin zu einer wirklichen Gleichbehandlung. Der Paralympicssieger im Triathlon von Rio, Martin Schulz, ("
95240,Von vorne bis hinten!,FDP,Ina Lenke,SPD,Nicolette Kressl,2001-06-01,53433,"Offensichtlich haben Sie noch nicht richtig reingeschaut, Frau Lenke. ("
302749,Das gehört zur Landespolizei!,CDU/CSU,Max Straubinger,GRÜNE,Katrin Göring-Eckardt,2016-01-13,136027,"rren. Es kommt darauf an, dass wir klarmachen: Unser Staat ist handlungsfähig, und wir lassen das nicht zu. Deswegen bitte ich Sie sehr herzlich: Sorgen Sie dafür, dass es mehr Einsatzkräfte bei der Polizei gibt. (Volker Kauder [CDU/CSU]: Das müsst ihr machen! Ihr seid dort doch an der Regierung! – "
65856,Warum denn nicht?,SPD,<unknown>,CDU/CSU,Maria Eichhorn,1999-02-25,41877,", dann handeln Sie verfassungswidrig. Auch die Kappung des Ehegattensplittings, die Sie vorsehen, ist verfassungsrechtlich höchst bedenklich. In den Haushaltsdebatten der letzten Jahre – dafür haben wir Verständnis, weil wir selbst gerne das Erziehungsgeld erhöht hätten; wir konnten es aber nicht – "
277531,Darüber kann man reden!,DIE LINKE,Wolfgang Gehrcke,CDU/CSU,Thomas Strobl,2014-01-29,123995,"“, die vermutlich eher eine Polizeieinheit als eine klassische Armee sein wird.  (Beifall bei Abgeordneten der CDU/CSU)  Das würde uns den gleichen Sicherheitsgewinn bringen und würde Milliarden an Einsparungen bringen. Es würde Geld frei, das wir in Europa für andere Dinge gut verwenden könnten.  ("
279662,Aber gerecht!,DIE LINKE,Heike Hänsel,CDU/CSU,Johannes Selle,2014-03-21,125139,tliche Entwicklungspolitik allein nicht zu den gewünschten Zielen führen wird. Wichtig ist der Ausbau der euro-afrikanischen Wirtschafts- und Handelsbeziehungen. Ohne eine Entwicklung der afrikanischen Wirtschaft gibt es keinen Fortschritt.  (Beifall bei der CDU/CSU sowie bei Abgeordneten der SPD – 
26103,So ist es!,CDU/CSU,<unknown>,CDU/CSU,Dr. Wolfgang Schäuble,1993-11-24,15960,"erbe  keine Arbeitskräfte finden,  (Zustimmung bei der CDU/CSU)  in Baden-Württemberg nicht und in Mecklenburg- Vorpommern nicht. Bei einer Arbeitslosenzahl von  vier Millionen ist das nicht erklärbar. Und wenn wir  weder in der Landwirtschaft noch im gastronomischen  Gewerbe Arbeitskräfte finden,  "
433704,Maut,SPD,Dr. Jens Zimmermann,CDU/CSU,Patrick Schnieder,2023-07-05,194613,"er Vergangenheit dafür gesorgt, dass wir in Ausschüssen natürlich Landesverwaltungshandeln begutachtet haben. Sie haben dafür gesorgt, dass wir auf Bundes- und Landesebene – zum Beispiel im Breitscheidplatz-Untersuchungsausschuss, im NSU-Untersuchungsausschuss – diese Doppelbefassung gehabt haben. ("
3220,So ist es! Die  Handwerker haben gar nichts davon!,SPD,Dr. Hans-Jochen Vogel,SPD,Ingrid Matthäus-Maier,1991-09-03,2173,ital.  (Dr. Hans-Jochen Vogel [SPD]: Großvermö-gen!)  Auch der Mittelstand hat nichts davon.  (Dr. Kurt Faltlhauser [CDU/CSU]: Sie haben  von den Grundlagen keine Ahnung!)  Wegen der hohen Freibeträge sind nämlich die meisten kleinen und mittleren Unternehmen von der Gewerbekapitalsteuer befreit.  (
259754,"Was überragend  wichtig ist, gehört ins Grundgesetz!",SPD,Dr. Dieter Wiefelspütz,GRÜNE,Jerzy Montag,2012-09-28,115887,"der für eine Grundgesetzänderung sowieso schon  kurzen Begründung fast ausschließlich mit der Darstellung der Bedeutung von Kultur und Sport – unbenommen. Aber der Frage, warum Sie das dann ins Grundgesetz schreiben wollen, widmen Sie bei der Kultur und  beim Sport jeweils nur einen einzigen Satz. ("
321482,Das glaube ich nicht!,CDU/CSU,Clemens Binninger,GRÜNE,Brigitte Pothmer,2017-06-01,144687,"s so wäre, dann wüssten Sie ein bisschen genauer darüber Bescheid, was auf dem deutschen Arbeitsmarkt eigentlich los ist. (Max Straubinger [CDU/CSU]: Wir wissen besser Bescheid!) Der Fachkräftemangel droht zur stärksten Wachstumsbremse in Deutschland zu werden. (Beifall bei Abgeordneten des GRÜNE – "
29705,Was?,FDP,Georg Gallus,SPD,Elke Ferner,1994-04-14,18625,"m überhaupt in einer Geschäftsordnungsdebatte  noch einmal debattiert zu werden.  Wir wissen alle, daß es eine parlamentarische Mehrheit für diesen Antrag gibt. Die FDP ist im wesentlichen diejenige Partei in unserem Parlament, die die  Beratung und auch die Abstimmung dieses Antrages  blockiert.  ("
427170,Jetzt geht das wieder los!,AfD,Tino Chrupalla,DIE LINKE,Clara Bünger,2023-04-28,192442,"ag geschaut. Darin haben Sie gesagt: Die meisten haben offensichtlich keinen Anspruch auf Schutz in Deutschland. – Da wollte ich Sie noch mal fragen: Wie geht das überein mit der Realität – heute wird ganz wenig über Realität gesprochen –, dass die bereinigte Schutzquote bei über 70 Prozent liegt? ("
21282,Das hätten  die auch nicht verdient!,SPD,<unknown>,CDU/CSU,Wolfgang Schulhoff,1993-05-27,13049,"  (Zuruf von der SPD: Ja!)  einer Politik am Markt vorbei. Dies haben die Herren  Vorstände zu verantworten. Im übrigen, meine sehr  verehrten Damen und Herren: Die Anzahl unserer  Staatssekretäre und Minister ist auch nicht so groß, um  die Produktion der 5-Klasse völlig aufzunehmen.  (Heiterkeit —"
225632,"Das, was Sie da erzählen,  ist nicht das, was im Gesetz steht!",FDP,Ulrike Flach,SPD,Elke Ferner,2010-11-12,102186,"für einen Vorteil für den Patienten? Der Einzige, der einen Vorteil hat, ist der Arzt, weil er mehr bekommt, als er von der Kasse bekommen würde. (Beifall bei der SPD) Ich will Ihnen einmal deutlich machen, wie das in Facharztkreisen – etwa in Internetforen des Facharztverbandes – diskutiert wird. ("
422152,Wer denn?,SPD,<unknown>,CDU/CSU,Friedrich Merz,2023-03-16,190883,"r Vereinigten Staaten von Amerika einzureihen, ist, um es zurückhaltend zu sagen, eine leichte Übertreibung. (Hermann Gröhe [CDU/CSU]: Peinlich, einfach peinlich!) Denn bemessen an ihrer Wirtschaftskraft haben eine ganze Reihe von Ländern, auch und gerade in Europa, deutlich mehr geleistet als wir. "
248615,Sie müssen die Antenne erden!,CDU/CSU,Thomas Jarzombek,FDP,Jimmy Schulz,2012-01-20,111238,r geehrten Kolleginnen und Kollegen! Natürlich begrüße ich auch die Zuschauerinnen und Zuschauer und Zuhörerinnen und Zuhörer auf den Zuschauerrängen und zu Hause ganz herzlich. (Thomas Oppermann [SPD]: Die im Netz bitte auch begrüßen! – Renate Künast [GRÜNE]: Und zu Hause an den Rundfunkgeräten! – 
290793,"So wie bisher, ja?",GRÜNE,Annalena Baerbock,CDU/CSU,Detlef Seif,2015-02-05,130362,"tsprogramm auf den Weg gebracht hat, kann sich sehen lassen. Wenn Juncker und sein Team so weitermachen, dann werden sie von Deutschland zu 100 Prozent unterstützt.  (Beifall bei Abgeordneten der CDU/CSU sowie des Abg. Heinz-Joachim Barchmann [SPD] – Andrej Hunko [DIE LINKE]: Nein! Nicht von uns! – "
19426,Soll der Verkehr  nun teurer werden oder nicht?,CDU/CSU,Horst Gibtner,SPD,Reinhold Hiller,1993-03-11,11639," Fachverbände  im Urteil über dieses Steuertheater ernst nehmen.  Alle sind sich darin einig, daß das Autobahn- Abkassier-Modell der Bundesregierung verkehrs- und umweltpolitisch sinn- und nutzlos ist. Hier soll  eine Kopfsteuer für Autofahrer als Füllmasse für  Haushaltslöcher eingeführt werden.  ("
181384,"WennSie mich bitte entschuldigen wollen, Frau Kollegin!",FDP,Dr. Guido Westerwelle,DIE LINKE,Petra Pau,2007-09-20,83003," es übrigens am Sonnabend in Berlin eine bundesweite Demonstration geben. Ich lade Sie alle dazu ein. 14.30 Uhr am Brandenburger Tor: Gegen Überwachung und Datenklau, für Freiheit und Bürgerrechte.  Ich werde jedenfalls dabei sein.  (Beifall bei der LINKEN sowie des Abg. Wolfgang Wieland [GRÜNE]  "
141675,"Erzählen sollen Sie mir nichts! Und wenn, dann aus Nordrhein",CDU/CSU,Beatrix Philipp,GRÜNE,von Neuforn,2004-09-07,67588,"Frau Präsidentin! Meine Damen und Herren! Frau Philipp, ich habe Ihren Ausführungen zum Thema Polizei sehr interessiert zugehört. Ich will Ihnen etwas aus Niedersachsen, dem Bundesland, aus dem ich komme, erzählen.  ("
453050,Klare Ansage!,CDU/CSU,<unknown>,GRÜNE,Dr. Wolfgang Strengmann-Kuhn,2024-02-01,200311,"rschlag gemacht. (Beifall beim GRÜNE) Beim Eingliederungstitel habe ich eine Bitte an den Finanzminister und an den Arbeitsminister. Es gab diesen Kürzungsvorschlag, der durchaus Schaden angerichtet hat. Ich würde Sie bitten, beim nächsten Haushaltsentwurf auf diesen Kürzungsvorschlag zu verzichten "
362784,"„Nie wieder Faschismus, nie wieder Krieg“, so heißt das!",DIE LINKE,Matthias W. Birkwald,AfD,Jürgen Braun,2019-12-18,163360,"ist, arbeitet solide und zuverlässig. Staatlich verordnete Folter aber muss auch in Zukunft unmöglich bleiben. Der Sozialismus, der im vergangenen Jahrhundert so viele Menschen auch hierzulande zu Opfern von Folter werden ließ, darf nicht zurückkommen. Nie wieder Sozialismus! (Beifall bei der AfD – "
295078,Sehr gut!,GRÜNE,Oliver Krischer,SPD,Johann Saathoff,2015-05-21,132349,"e Evolution frei.  Ich sagte eingangs, dass bei der Energieklimapolitik ständig nachjustiert werden muss. Das Verständnis dafür ist nicht überall vorhanden, um das einmal ganz vorsichtig zu sagen. Deswegen möchte ich noch einige Worte zu dem Vorschlag von Frau Aigner zum Energieleitungsbau sagen.  ("
417137,Was?,GRÜNE,Renate Künast,CDU/CSU,Christina Stumpp,2023-01-18,189105,Herr Minister Özdemir. Bei uns in Deutschland bricht gerade die Schweinehaltung zusammen. Und was tun Sie? Mit Ihrem Tierhaltungskennzeichnungsgesetz zerstören Sie alles bisher Erreichte und machen sich mitschuldig am Niedergang der Tierhaltung in Deutschland. (Beifall bei der CDU/CSU und der AfD – 
444470,Die sind immer noch drin!,GRÜNE,Nyke Slawik,CDU/CSU,Ulrich Lange,2023-11-15,198080,"[CDU/CSU]: So ist es!) Das kann nicht sein. „Mogelticket“ kann ich an dieser Stelle nur sagen. (Beifall bei der CDU/CSU) Dann zu dem Vorwurf, dass die Länder die Regionalisierungsmittel nicht ausgeben. Liebe Kolleginnen und Kollegen der SPD, zunächst mal waren Sie viele Jahre mit in der Regierung. ("
79715,"Ja, klar!",SPD,Klaus Lennartz,FDP,Carl-Ludwig Thiele,2000-05-10,47767,"rsteuert worden, und zwar von denjenigen, die das Vermögen angesammelt bzw. aufgebaut haben. (Klaus Lennartz [SPD]: Wer bestreitet das?) Insofern brauchen wir hier keine stärkere Besteuerung. Im Gegenteil: Wir brauchen eine erhebliche Erleichterung für Betriebsnachfolger beim Erbschaftsteuerrecht. ("
20582,Jetzt hören  Sie doch zu!,GRÜNE,Vera Wollenberger,GRÜNE,Ingrid Köppe,1993-04-29,12496,"verantwortlich und sonst gar nichts!)  Ein drittes Argument, das immer vorgebracht wird,  lautet: Wir sind mit der Bannmeilenregelung sehr gut  hingekommen.  (Georg Gallus [FDP]: Sie brauchen sich  nicht zu wundern, daß wir Politikverdrossen-heit haben! — Zurufe von der CDU/CSU —  Gegenruf der Abg. "
50282,Herr Weng  hat doch keine Ahnung!,SPD,Ingrid Matthäus-Maier,SPD,Dr. Peter Struck,1996-12-12,33170,"ormen Erhebung einer Vermögensteuer für natürliche Personen eingebracht.  (Dr. Wolfgang Weng [Gerlingen] [FDP]:  Das ist doch unwahr!)   - Nun reden Sie doch keinen Stuß! Das ist natürlich  wahr. Waren Sie denn dabei, als wir diesen Gesetzentwurf eingebracht haben? Herr Weng, hören Sie  doch auf!  ("
77140,Dank Ihrer Gesundheitsreform!,FDP,Walter Hirche,SPD,Monika Ganseforth,2000-01-27,46514,", in der Atemwegs- therapie eingesetzt. Diese sind dann wieder FCKW- getrieben. Die Ursache ist das Arzneimittelsparprogramm, denn die Generika sind erheblich preiswerter  als die Pulverinhalatoren. Das führt dazu, dass das, was  möglich wäre und was es inzwischen gibt, zu wenig  eingesetzt wird.  ("
152126,Die hat Ihnen wehgetan!,GRÜNE,Hans-Josef Fell,CDU/CSU,Helge Braun,2005-02-24,70748,"elig! Da haben Sie die Finger aufgemacht!) Helge BraunIn der Debatte heute haben Sie immer wieder den Präsidenten der Hochschulrektorenkonferenz als Kronzeugen angeführt und die gestrige Pressekonferenz von Hochschulrektorenkonferenz, Wissenschaftsrat und Deutscher Forschungsgemeinschaft erwähnt.  ("
52469,Sie erzählen ein konfuses Zeug!,SPD,Rudolf Bindig,CDU/CSU,Dr. Dietrich Mahlo,1997-04-17,34710,"at mit umgekehrtem Vorzeichen in der Tat  sehr viel mit unserem Thema zu tun, Herr Kollege,  obwohl ich zugebe, daß Ihre Politik damals erfolgreich war, weil sie zur Erosion dieser Regime beigetragen hat. Aber - das sage ich dazu - es war nicht  Ihre Absicht, es war Ihnen am Anfang fast peinlich.  ("
329997,Welche Werte?,AfD,<unknown>,CDU/CSU,Volker Kauder,2018-05-16,149229,"e Kolleginnen! Liebe Kollegen! Ich möchte mit dem Thema Europa kurz anfangen, weil es sowohl für unsere Zukunft von großer Bedeutung ist, weil es auch in dieser Haushaltsdebatte eine Bedeutung hat und weil die Werte dieses Europas für die allermeisten in diesem Hohen Haus von großer Bedeutung sind. "
140779,Unstrittig!,CDU/CSU,<unknown>,GRÜNE,Christine Scheel,2004-06-18,67250,"t getroffen wurde. Die unionsgeführten Länder wollten gar nichts für die Alleinerziehenden tun. Die rot-grüne Regierung hat einen Vorschlag unterbreitet, der allerdings nicht 100-prozentig das umfasst, was wir politisch erreichen wollten. Deswegen ist es richtig, dass dieser Waggon angehängt wird.  "
46953,"Ich gebe zu, daß  Haushaltsplan und Stellenplan schwer zu  lesen sind!",CDU/CSU,<unknown>,SPD,Elke Ferner,1996-09-10,30754,rsacher regeln.  (Matthias Wissmann [CDU/CSU]: Das  stimmt doch nicht!)  - Natürlich stimmt es. Im Verhältnis zum letzten Jahr  gibt es überhaupt keine Veränderung. Der Hinweis  auf das von Ihnen selbst verursachte Chaos in der  Haushaltspolitik hilft Ihnen an dieser Stelle überhaupt nicht weiter.  
437303,Kommen Sie mal nach Niedersachsen!,SPD,Dunja Kreiser,CDU/CSU,Philipp Amthor,2023-09-20,195573," reagieren. Ich finde, offen gesagt, gerade als bayerische Abgeordnete, selbst von der SPD, könnten Sie eigentlich ein bisschen stolz sein auf Ihr Bundesland. (Beifall bei der CDU/CSU) Denn eins muss man mal sagen: Wenn es in vielen SPD-regierten Ländern nur halb so gut laufen würde wie in Bayern, ("
200145,Was soll das denn heißen? Sie müssen sich unsere Kritik schon anhören!,GRÜNE,Irmingard Schewe-Gerigk,CDU/CSU,Michaela Noll,2009-03-05,92247,"h begehen und feiern sollten, genauso wie den Festakt „90 Jahre Frauenwahlrecht“. Diese beiden Ereignisse sind Meilensteine für die politische und gesellschaftliche Partizipation von Frauen gewesen. Deswegen bin ich der Meinung, dass diese Debatte in falsche Bahnen läuft. (Beifall bei der CDU/CSU – "
369333,"Das ist einfach, weil es ja so ist!",FDP,Dr. Marco Buschmann,CDU/CSU,Philipp Amthor,2020-05-14,166746,"Frau Präsidentin! Liebe Kolleginnen und Kollegen! Eines muss man ja wirklich zugestehen: Die Opposition ist wirklich beharrlich und auch durchaus erfolgreich darin, den Eindruck zu perpetuieren, als würden CDU und CSU per se gegen eine Verkleinerung des Bundestages sein, ("
249559,Richtig!,DIE LINKE,Dr. Ilja Seifert,GRÜNE,Tabea Rößner,2012-01-27,111629,"bersetzt wurde. Ich finde es daher vorbildlich, dass die SPD diesen Antrag so vorgelegt hat. Ich weiß, dass es das in Rheinland-Pfalz auch schon gab. Gleichzeitig finde ich es aber auch sehr schade, dass ich das herausstellen muss; denn aus meiner Sicht sollte das eine Selbstverständlichkeit sein. ("
374453,So ein Quatsch!,FDP,Bettina Stark-Watzinger,DIE LINKE,Klaus Ernst,2020-09-29,169489,"Herzlichen Dank, Herr Präsident. – Herr Fricke, Sie haben mit großem Enthusiasmus vorgetragen, dass Sie jetzt in der Krise die Sparpolitik der FDP in den Vordergrund stellen würden. ("
376566,Aber das Vertrauen in mich vielleicht!,CDU/CSU,Sebastian Brehm,FDP,Katja Hessel,2020-10-09,170264,"zu beheben. (Lisa Paus [GRÜNE]: Ja!) Ich finde, das ist ein richtiges Zeichen. Lieber Kollege Brehm, ganz ehrlich, trotz alldem, was Sie ausgeführt haben: Meine Fraktion kann das Vertrauen in die Bundesregierung, dass da noch was passiert, nicht wirklich teilen. (Beifall bei der FDP und dem GRÜNE – "
76108,Wie unehrlich man miteinander umgeht!,CDU/CSU,Dr. Wolfgang Schäuble,CDU/CSU,Michael Glos,1999-12-16,46061,". Das ist schon ein gewaltiger Unterschied zu Luxemburg. Ich sage das nur, weil es vorhin in der Diskussion war. Ecevit hat laut „Hürriyet“ erklärt, in spätestens fünf Jahren werde die Türkei Vollmitglied in der EU sein. Das zeigt aber auch, wie weit die Erwartungen letztendlich auseinanderliegen. ("
319790,"Ja! Aber das ist Ihre Sache, die Regierungserklärung!",DIE LINKE,Heike Hänsel,CDU/CSU,Dr. Gerd Müller,2017-04-26,143925,"tzung das Dokument verteilen können. Ich weiß nicht, warum dies nicht passiert ist. (René Röspel [SPD]: In der Zeit kann man es sowieso nicht lesen!) Unabhängig davon wiederhole ich meine Aussage: Wir sollten und müssen das Thema in einer Regierungserklärung oder in einer großen Debatte vertiefen. ("
344834,Das fordern wir immer noch aus voller Überzeugung!,FDP,Nicole Bauer,AfD,Jens Maier,2019-02-15,155695,"en Schwangerschaftsabbruch Als ich das gelesen hatte, dachte ich mir: Das hätte ja noch viel schlimmer kommen können. Denn die Linken, die Grünen und zuletzt auch die FDP – das fand ich ganz besonders schlimm und peinlich – standen da wie eine Phalanx und forderten die Abschaffung des § 219a StGB. ("
192089,Doch!,CDU/CSU,Reinhard Grindel,SPD,Dr. Lale Akgün,2008-06-19,88392," Der Ausländerbericht schlägt die richtigen Instrumente vor. Darauf möchte ich jetzt aber nicht näher eingehen, weil ich auf einen dritten Punkt zu sprechen kommen möchte. Ich meine die Einbürgerung. Wir müssen endlich begreifen, dass Einbürgerung nicht der Schlusspunkt gelungener Integration ist, ("
245263,Ja!,DIE LINKE,Dr. Axel Troost,CDU/CSU,von Stetten,2011-11-11,109852,"ndern auch in anderen Bereichen Gift. Die in Ihrem Antrag vorgesehene Verdoppelung der Erbschaftsteuer bedeutet ebenso eine Enteignung. (Dr. Axel Troost [DIE LINKE]: Da ist was  dran!) Sie wollen die Einnahmen aus der Erbschaftsteuer von momentan 4,5 Milliarden Euro auf 10 Milliarden Euro erhöhen. ("
151299,Weil die  Menschen alle arbeitslos werden!,CDU/CSU,Helmut Heiderich,SPD,Gabriele Hiller-Ohm,2005-02-17,70470,"erem Land schlichtweg falsch versichert. So meinen sie, mit einer Kapitallebensversicherung die richtige Wahl getroffen zu haben. Fehlanzeige, denn fast 80 Prozent dieser Versicherungen werden – mit erheblichen Kosten für den Versicherungsnehmer – vor Vertragsablauf gekündigt oder auf Eis gelegt.  ("
54278,Das ist der ent,CDU/CSU,<unknown>,CDU/CSU,Julius Louven,1997-06-27,35817,"und die  steigende Lebenserwartung, die ich natürlich jedem  gönne, haben ein solches Gewicht, daß weder mit einer guten Beschäftigungslage noch durch eine deutlich steigende Erwerbsbeteiligung oder durch noch  so hohe Zuwanderungszahlen langfristig ein starker  Beitragsanstieg zu verhindern wäre.  "
413699,Bitte nicht!,FDP,Dr. Marie-Agnes Strack-Zimmermann,CDU/CSU,Stefan Müller,2022-11-25,187957,"ungssitzung, sondern an der Intransparenz Ihres Haushaltes, (Beifall bei der CDU/CSU sowie des Abg. Wolfgang Wiehle [AfD]) dass Sie selbst nicht mehr wissen, wie die Zahlen zustande kommen, und in einer Bundespressekonferenz nicht einmal mehr einfache Fragen beantworten können. Ich fasse zusammen: ("
847,Leider wahr!,CDU/CSU,Ernst Hinsken,FDP,Dr. Helmut Haussmann,1991-04-25,750,"ndesländern der Regierung nur weiteres  Standvermögen bei den Bemühungen wünschen, die  Zusagen von Ministerpräsident Pawlow nun auch  durchzusetzen. Die erst heute wieder bekanntgewordenen großen Zahlungsverzögerungen im deutschsowjetischen Wirtschafts- und Zahlungsverkehr sind  kein gutes Omen.  ("
399206,Die werden jedenfalls nicht vom Verfassungsschutz beobachtet!,SPD,Daniel Baldy,AfD,Ulrike Schielke-Ziesing,2022-05-31,183470,"gend, Grüne Jugend, Jusos und Co bekommen Steuergeld für ihre nicht parteipolitische Arbeit. Ein Unwort in sich! Anstatt das Geld zu streichen, wie wir vorgeschlagen haben, haben Sie die Gelder dafür sogar verdoppelt: Zack – 4 Millionen weg! Sie geben Ihren eigenen Jugendorganisationen Steuergeld, ("
420100,Zur Sache!,AfD,<unknown>,SPD,Esra Limbacher,2023-02-09,190103,"it hier zu nutzen, um nur über die AfD zu sprechen. Es lohnt sich nicht. (Beifall bei der SPD, dem GRÜNE und der FDP sowie bei Abgeordneten der CDU/CSU – Stephan Brandner [AfD]: Machen Sie ruhig weiter! – Enrico Komning [AfD]: Nee! Reden Sie mal über Bürokratieentlastung! Das wäre besser! – Weiterer"
72776,Als Zuschuß oder Darlehen?,SPD,Dieter Rossmann,CDU/CSU,Werner Lensing,1999-10-29,44941,"zuständigen Verwaltungsstellen zirka 160 000 Parl. Staatssekretär Wolf-Michael Catenhusen Förderanträge bewilligt worden sein. Ich darf Ihnen weiterhin sagen, daß die Gefördertenzahl von über 70 000 Personen mit einer Gesamtfördersumme von 780 Millionen DM eine deutliche Sprache spricht. (Dr. Ernst "
210266,"Wollen wir einmal gucken, wie der Lehrieder sich da rauswindet!",SPD,Anton Schaaf,SPD,Katja Mast,2010-01-28,96813," Lösung des Problems  angeboten. (Paul Lehrieder [CDU/CSU]: Die ist immer  noch ausgestreckt!) Wir von der SPD schlagen ein, geschätzte Regierungskoalition. (Beifall bei der SPD – Paul Lehrieder [CDU/ CSU]: Wir hatten gesagt: bis Mitte des Jahres!) Wir nehmen Sie beim Wort und messen Sie an Taten. ("
324478,So ist es!,FDP,<unknown>,FDP,Michael Theurer,2017-12-13,146204,"f die Amerikaner zugehen müssen, Druck machen müssen. Aber wenn wir feststellen, dass wir uns nicht durchsetzen können, dann müssen wir einen Rat der OECD auch berücksichtigen. Die OECD empfiehlt nämlich als besten Kampf gegen Steuervermeidung ein Steuersystem, das einfach ist und niedrige Sätze hat"
104702,Als bayerische Abgeordnete betreiben Sie nur Nestbeschmutzung; anders sind Sie nicht zufrieden! ,CDU/CSU,<unknown>,SPD,Heidemarie Wright,2002-01-31,56114,"atsministerium in eklatanter Weise seine Aufgaben nicht wahrgenommen. Man glaubt es ja nicht, dass immer noch und immer wieder via Bayern der Verbraucherschutz auf die leichte Schulter genommen wird.  (Heinrich-Wilhelm Ronsöhr [CDU/CSU]: Staatssekretär Müller hat das aber immer ganz anders gesagt! –"
320869,Sie wollen das Kooperationsverbot ja abschaffen!,GRÜNE,Oliver Krischer,CDU/CSU,Carola Stauche,2017-05-18,144374,hts zu teuer sein. (Oliver Krischer [GRÜNE]: Ach? – Nicole Maisch [GRÜNE]: Aber?) Aber: Eine direkte Finanzierung von Kindergarten- und Schulverpflegung durch den Bund ist nicht möglich. (Karin Binder [DIE LINKE]: Warum?) Das lassen die föderalen Strukturen der Bundesrepublik Deutschland nicht zu. (
66861,"Es kommt immer darauf an, wer etwas sagt!",SPD,Joachim Poß,FDP,Otto Solms,1999-03-18,42326,"n haben, was Sie damit angerichtet haben. Es wäre eben besser – das habe ich in der letzten Debatte schon gesagt –, erst einmal nachzudenken, bevor Sie handeln. Die Politik nach dem Motto „Erst entscheiden und hinterher nachdenken“ muß in die Irre führen. Aber Sie scheinen nicht belehrbar zu sein. ("
340257,Ist ja auch so!,AfD,Tino Chrupalla,CDU/CSU,Dr. Carsten Linnemann,2018-11-22,153523,"lkontrollen, Ausbildungsnachweis, Hygieneampel, neue Sonnenschutzregeln, verschärfte Arbeitsstättenverordnung, Arbeitszeitdokumentation, Allergenkennzeichnung. Ich könnte fortsetzen. Ich sage das deshalb, weil diese kleinen Betriebe das Gefühl haben, dass sie hier nicht mehr ernst genommen werden. ("
303974,Das stimmt nicht! Alltäglich ist das nicht!,CDU/CSU,Manfred Grund,GRÜNE,Dr. Anton Hofreiter,2016-02-18,136659,"n sich sicher fühlen sollen, Menschen, die bei uns Schutz suchen vor Gewalt, vor Folter, vor Bomben und vor Krieg. Ein Staat versagt, wenn er seine Schutzverantwortung für alle Menschen im Land nicht ernst nimmt. Rechte Gewalt ist in unserem Land tragischerweise wieder etwas Alltägliches geworden. ("
15032,Darüber werden wir  noch reden!,SPD,Günter Rixe,CDU/CSU,Wolfgang Meckelburg,1992-11-06,8861,"n  zunächst keine großen Schwierigkeiten sehen, das  Gremium funktionsfähig zu erhalten. Aber wenn nach  dem Hinzukommen der neuen Bundesländer die  Parität erhalten werden soll, wird das Gremium sehr  groß und eigentlich arbeitsunfähig. Es geht also  darum, dieses Gremium effizient zu gestalten.  ("
289082,Das können Sie ja alles in Thüringen beschließen! Alles Gute können Sie jetzt in Thüringen beschließen!,CDU/CSU,Manfred Grund,DIE LINKE,Eva Bulling-Schröter,2014-12-05,129447,"Deutschland nicht. Wir leben in einem Europa. Ich frage mich daher: Warum gibt es so etwas bei uns nicht? Es wurde explizit ausgeführt, dass dort im Winter keine Strom- und Heizungssperren vorgenommen werden, dass das ausgeschlossen ist. Dann gab es noch den Zusatz: Es gibt keine Mitnahmeeffekte.  ("
410580,"Ich habe Ihnen doch gerade gesagt, wie es geht!",AfD,Marc Bernhard,FDP,Daniel Föst,2022-11-09,187187,"imawandel, im 21. Jahrhundert in dieser Welt noch erleben? (Beifall bei der FDP sowie bei Abgeordneten der SPD und des GRÜNE – Zuruf des Abg. Marc Bernhard [AfD]) Ich mache einen Haken daran, dass Kernenergie momentan noch eine Übergangstechnologie ist, wie es die Europäische Union festgelegt hat. ("
376992,Können Sie mal auf das Thema eingehen?,CDU/CSU,<unknown>,FDP,Dr. Wieland Schinnenburg,2020-10-29,170517,"te Punkt. Der Staat verzichtet auf mindestens 1 Milliarde Euro. Der Schwarzmarkt macht viel, nur eins macht er nicht: Steuern zahlen. Meine Damen und Herren, wenn wir den Schwarzmarkt zumindest reduzieren, haben wir auch als Staat mehr Einnahmen. (Beifall bei der FDP sowie bei Abgeordneten der LINKE"
16217,Meinst du da den Btx,CDU/CSU,Gerhard O. Pfeffermann,SPD,Arne Börnsen,1992-11-26,9508,"sten, dann kann das  allerdings so behauptet werden. Aber die Kostenunterdeckung wird weiterhin von der Telekom getragen  werden müssen. — Ich verweise in diesem Zusammenhang auf das Sondergutachten des Bundesrechnungshofes. Aber ich schenke mir einmal die Begründung; wir wissen das sowieso alle.  ("
146732,Sie nennen die Stimmen aus der Opposition nicht! Die würde ich auch noch alle aufzählen!,GRÜNE,Jutta Dümpe-Krüger,FDP,Ina Lenke,2004-11-23,69048,"ertönt geradezu ein hysterischer Schrei nach mehr Zwangsdiensten. Sigmar Gabriel, der ehemalige Ministerpräsident Niedersachsens, der Innen- und damit Verfassungsminister Schily und die Justizministerin Frau Zypries wünschen sich einen Zwangsdienst für alle jungen Frauen und Männer in Deutschland. ("
264829,Da kann der Herr Sensburg einmal zuhören!,GRÜNE,Monika Lazar,CDU/CSU,Norbert Geis,2012-11-30,117926,"esser zu lösen. Sie können einfachgesetzlich auf  die einzelnen Ansprüche eingehen und sie vernünftig regeln. Das haben wir auch getan. Im Übrigen ist im Gesetzentwurf der Grünen in wunderbarer Weise aufgezählt – Frau Dörner, Sie sollten zuhören; das ist nämlich  ein Lob für Ihren Gesetzentwurf –, ("
452167,Aber Vorschläge gab es von Ihnen nicht!,FDP,Christoph Meyer,CDU/CSU,Stephan Albani,2024-01-30,200144,"Krise heraus“ –; denn das wären diese Bereiche gewesen. Nun aber wäre es an Ihnen gewesen, Frau Ministerin, innerhalb Ihres Haushaltes eben intelligent zu sparen. Meint: Prioritäten setzen, das Einsparen einerseits hart vornehmen und andererseits die Luft schaffen, um Investitionen zu ermöglichen. ("
424422,Monate!,CDU/CSU,<unknown>,SPD,Dr. Nils Schmid,2023-03-31,191519," Ansatz der vernetzten, der integrierten Sicherheit ausbuchstabieren. Das ist weitaus mehr als nur die Wiederauflage eines Weißbuchs der Verteidigung. Deshalb wollen wir mal nicht so streng sein: Auf ein paar Wochen mehr oder weniger kommt es da nicht an. (Lachen der Abg. Andrea Lindholz [CDU/CSU] –"
43828,Das ist doch  wichtig! Es gibt immer noch diesen Unterschied!,SPD,Rudolf Körper,CDU/CSU,Hans-Otto Wilhelm,1996-03-06,28298,"ht um die Frage, ob jemandem das Recht  verwehrt werden soll, die Bundesregierung zu kontrollieren oder sie zu befragen. Das ist doch eine Binsenweisheit. Forudastan heißt der Journalist der  „Frankfurter Rundschau"" .  (Fritz Rudolf Körper [SPD]: Die Journalistin!)  - Oder die Journalistin.  (Fritz "
357920,"Sie wissen es doch besser, Herr Kessler!",CDU/CSU,Karin Maag,DIE LINKE,Dr. Achim Kessler,2019-11-07,161767,"z klar, dass die Krankenkassen vor allem digitale Anwendungen empfehlen werden, in die sie selbst investiert haben. Es muss aber nur eine Anwendung floppen, und die Versichertengelder sind komplett futsch. Diese Zweckentfremdung von Beiträgen der Versicherten als Spekulationskapital lehnen wir ab. ("
357006,Haben Sie dazu einen Antrag vorgelegt? Bis drei gezählt?,DIE LINKE,Matthias W. Birkwald,FDP,Hagen Reinhold,2019-10-24,161409,"us denkbar, dass man zu anderen Lösungen kommen kann. Ich bitte Sie, darauf hinzuwirken. Das Erste, was mir am Herzen liegt, ist: So schön es ist, dass wir heute über Studenten reden. Aber mir sind Azubis und Lehrlinge gleichermaßen wichtig. (Nicole Gohlke [DIE LINKE]: Da widersprechen wir nicht! – "
81048,Hört! Hört!,SPD,Peter Dreßen,CDU/CSU,Michael Glos,2000-06-08,48177,"en aufs Spiel zu setzen.  (Peter Dreßen [SPD]: Ihr habt das alles  zugelassen!) – Der Zwischenruf war: Ihr habt das alles zugelassen! (Peter Dreßen [SPD]: Glos verfängt sich in der Warteschleife!) Natürlich gibt es Defizite, die auch zu der Zeit, in der CDU und CSU regiert haben, entstanden sind.  ("
264375,Sie beantworten ja gar nicht mehr meine  Frage!,GRÜNE,Bärbel Höhn,CDU/CSU,Dr. Georg Nüßlein,2012-11-29,117664,"sind dafür, diese Befreiungen zu machen. Dahinter stehen wir auch, mit Verlaub. Es ist doch richtig, die energieintensive Industrie in diesem Land zu befreien. (Abg. Bärbel Höhn [GRÜNE] nimmt wieder Platz) – Sie dürfen gern noch stehen bleiben, ich bin immer  noch bei der Beantwortung Ihrer Frage. ("
349664,Das merkt man nur gar nicht!,DIE LINKE,Sabine Leidig,CDU/CSU,Michael Donth,2019-04-12,157960,"Abbau geht weiter!) Der Bund hat mit dem Investitionshochlauf für die Verkehrsinfrastruktur schon in der vergangenen Legislatur damit begonnen, die Mittel für Investitionen in die Schieneninfrastruktur zu erhöhen. Aktuell investieren der Bund und die Bahn mehr Geld in die Schiene als jemals zuvor. ("
11536,Aus welcher Partei  kommen Sie denn? ,SPD,<unknown>,CDU/CSU,Susanne Jaffke,1992-06-04,6792,"Berlin] [SPD]: Das ist  doch kein Denkmodell! Das ist ein prakti-scher Vorschlag!)  — Das ist ein Denkmodell, Herr Nils Diederich. Sie  wissen doch, daß ich aus dem anderen Teil Deutschlands komme. Das macht unsere Unterschiede in den  Auffassungen deutlich. Deshalb bin ich in der anderen  Partei.  "
413172,Ist das jetzt hier der Werbeblock?,AfD,Stephan Brandner,DIE LINKE,Susanne Hennig-Wellsow,2022-11-24,187844,"e sich dagegen wehren können. (Zuruf von der AfD: Viel zu wenige! – Stephan Brandner [AfD]: Die können doch ausreisen!) Wenn man aber mal mit Leuten redet, die sich damit auskennen, zum Beispiel dem Rechtsanwalt Peter Fahlbusch, der über 2 000 Menschen in Abschiebehaft begleitet und vertreten hat, ("
6,Das wird sich zei gen!,CDU/CSU,<unknown>,SPD,Frau Becker-Inglau,1991-01-31,9, dem Oppositionsführer!)  Sie haben mit dieser seltsamen Vermehrung der Ministerien den Bürgern und Bürgerinnen unseres Landes  eine der teuersten steuerverschwendenden Null- Lösungen bereitet.  (Beifall bei der SPD)  Den Frauen in den eigenen Reihen haben Sie vermutlich einen Bärendienst erwiesen  
101423,Wer bestreitet das?,CDU/CSU,<unknown>,SPD,Dieter Wiefelspütz,2001-11-27,55307,"sungsschutz. Darüber muss nach meiner Auffassung gesprochen werden können. Da kann es keine Schieflage geben. Aber dann muss auch darüber gesprochen werden, Herr Uhl, dass in Bayern bzw. in München die gleichen Mechanismen für die Kontrolle von Diensten gelten, wie das hier in Berlin der Fall ist.  "
430490,Die spielen zu schlecht!,CDU/CSU,<unknown>,FDP,Gerald Ullrich,2023-05-26,193482,"n, was bei den Bayern etwa die Basketballmannschaft betreffen würde, die ja durch Gelder aus dem Fußballgeschäft quersubventioniert wird. Jetzt kann man sich fragen: Will man all diese Bereiche auf die Wirtschaft anwenden? Der FC Bayern hat ja nicht gegen das Gesetz verstoßen; das ist ganz richtig. "
220023,In Doppelzüngigkeit sind Sie Weltmeister!,SPD,Elke Ferner,CDU/CSU,Jens Spahn,2010-07-07,100216,"konkreten Vorschlag gemacht, nämlich den Rabatt bei den Arzneimitteln um 10 Prozentpunkte zu erhöhen. Diesen Vorschlag haben wir sogar umgesetzt, aber Sie haben dagegengestimmt. Frau Kollegin Ferner, doppelzüngiger als Sie an dieser Stelle kann man kaum sein.  (Beifall bei der CDU/CSU und der FDP – "
102901,Sehr richtig!,CDU/CSU,Dr. Theodor Waigel,SPD,Jörg-Otto Spiller,2001-12-12,55492,"m Rahmen der Konstruktion der Europäischen Wirtschafts- und Währungsunion übernommen worden.  Unsere Partner in der Union haben – was durchaus nicht selbstverständlich war – diese Grundlagen übernommen. Die Europäische Zentralbank ist sozusagen spiegelbildlich zur Deutschen Bundesbank konstruiert, ("
427893,Das ist ein organisiertes Schleusen!,CDU/CSU,Andrea Lindholz,DIE LINKE,Clara Bünger,2023-05-11,192709," verpflichtende Grenzverfahren an den Außengrenzen, sichere Herkunftsstaaten, Grenzkontrollen, Zäune, Mauern. Bei den Plänen, die momentan diskutiert werden, haben wir es tatsächlich mit nie dagewesenen Asylrechtsverschärfungen zu tun. Frau Lindholz, Sie sprechen hier von Schleusung von Migranten. ("
345562,"Das machen wir schon! Wer schon mal da war, weiß das!",GRÜNE,Britta Haßelmann,CDU/CSU,Dr. Patrick Sensburg,2019-02-21,156067,"rschlägen gemeinsam. Da gibt es keinen Dissens, wenn ich das richtig sehe. Dass kein Thema vorgegeben wird, ist auch allen Anträgen gemeinsam. Auch da gibt es keinen Dissens. Eine Verlängerung der Befragung der Bundesregierung auf 60 Minuten wünschen sich auch alle. Da gibt es auch keinen Dissens. ("
393851,Sagen Sie auch etwas zu dem Gesetz?,FDP,Michael Kruse,CDU/CSU,Fabian Gramling,2022-03-17,181110,"ben würde. Ich will Ihnen dazu nur eines sagen: Es geht uns, der CDU/CSU-Fraktion, nicht darum, einen Minister ins Fadenkreuz zu nehmen. Aber wir erwarten, dass Sie Ihrer Verantwortung als Energieminister gerecht werden, und die Menschen in unserem Land erwarten das auch. (Beifall bei der CDU/CSU – "
420687,Und recht hat er da!,AfD,Enrico Komning,SPD,Katrin Zschau,2023-03-01,190336,"kann Ihnen auch sagen, was die Menschen vor Ort erwarten. Sie erwarten, dass diese Pipeline Nord Stream 2 fertiggestellt wird. … Denn die Menschen vor Ort möchten keine Bau- und Investitionsruine, (Zuruf von der SPD: Hört! Hört!) und das möchte ich als Bundestagesabgeordneter in Lubmin auch nicht. ("
221513,Lesen Sie den nächsten Satz auch!,SPD,Rainer Arnold,GRÜNE,Alexander Bonde,2010-09-15,100695,"n, die keine Funktion mehr haben. In dieser Frage ist übrigens die Haltung der SPD interessant. Ich habe heute Morgen gelesen, dass der Kollege Bartels gesagt hat, auch bei Aussetzung der Wehrpflicht brauche man die Musterung, um Kontakt zu potenziell Freiwilligen zu haben. (Heiterkeit beim GRÜNE – "
128927,Das tun wir  nicht!,CDU/CSU,Dr. Peter Paziorek,SPD,Michael Müller,2003-10-22,63261,"t einmal dazu sind Sie imstande. Wie soll Politik dann ernsthaft betrieben werden? Ich kann das nicht nachvollziehen; tut mir Leid. Lassen Sie mich auch noch etwas zur Konsequenz sagen. Sie stellen sich hinter die Lobbygruppen, denen Sie das Gefühl geben, sie könnten sich gegen das Gesetz stellen. ("
278719,Das wollen wir jetzt gar nicht kritisieren!,CDU/CSU,Dr. Joachim Pfeiffer,CDU/CSU,Klaus-Peter Willsch,2014-02-20,124669,"on 2002 bis 2005, beliefen sich die Rüstungsexporte nach Saudi- Arabien, obwohl es nur drei Jahre waren, auf 130 Millionen Euro, darunter Pistolen, Gewehre, Scharfschützengewehre, Maschinenpistolen, Dekontaminationsausrüstung, Munition usw. usw.  (Ingo Gädechens [CDU/CSU]: Ist ja nicht zu fassen! – "
56473,Ein starkes Stück!,FDP,Walter Hirche,CDU/CSU,Kurt-Dieter Grill,1997-11-13,37044,"können. Ich möchte es gerne  vorher wissen.  Sie haben überhaupt keine Veranlassung, hier  über die Einhaltung von Recht und Gesetz durch  diese Regierung zu lamentieren. Heute mittag ist in  Hannover ein Vertrag zwischen der GNS und der  niedersächsischen Umweltministerin veröffentlicht  worden.  ("
437875,Ist die Belastungsgrenze überschritten?,CDU/CSU,Detlef Seif,GRÜNE,Julian Pahlke,2023-09-21,195724,"ef Seif [CDU/CSU]: Genau! Verantwortung!) Teil dieser Verantwortung ist eben auch, seine Worte abzuwägen, seine Ideen abzuwägen und sich ganz genau zu überlegen: Welche Folgen könnten meine Vorschläge haben? Wen treffe ich damit? Löst es Probleme, oder gehen davon möglicherweise auch Gefahren aus? ("
139832,Das machen wir  nicht!,CDU/CSU,Arnold Vaatz,SPD,Ludwig Stiegler,2004-05-27,66836, gibt es in ganz Deutschland. Wir lösen die Probleme in ganz Deutschland und jagen die Menschen nicht gegeneinander. – Mit Ihren Eifersüchteleien können Sie in den Wahlkreisen Punkte machen. Die CSU in Bayern kann gegen den Osten schimpfen und Sie können in den Wahlkreisen auf den Westen schimpfen.(
127563,Ihre konsistente inhaltliche Diskussion beeindruckt wirklich!,SPD,Ulla Burchardt,CDU/CSU,Klaus-Peter Willsch,2003-09-11,62712,"ie einen auf realistischen Annahmen basierenden Haushalt vor. (Beifall bei der CDU/CSU sowie bei Abgeordneten der FDP) Weil aber die verantwortungslose Politik bei Rot- Grün System hat und uns eine illusionsfreie Lagebewertung wahrscheinlich nicht vorgelegt, sondern weiter verweigert werden wird,  ("
113406,Das ist Herrn  Eichels Umgang mit der Wahrheit!,CDU/CSU,Michael Glos,CDU/CSU,Friedrich Merz,2002-08-29,58749,", die Finanzierung der Flutkatastrophe durch die Verschiebung der Steuerreform zu finanzieren. Dies haben Sie an diesem Abend zweimal ausdrücklich ausgeschlossen. Weniger als 20 Stunden später hat das Bundeskabinett der Bundesrepublik Deutschland unter Ihrer Beteiligung etwas anderes beschlossen.  ("
75114,Wohl wahr!,CDU/CSU,Steffen Kampeter,CDU/CSU,Jochen Borchert,1999-11-25,45680,"itig zu, was auf der Hand liegt: Der Ausstieg aus der Kernenergie ist gleichbedeutend mit dem Ausstieg aus der internationalen Klimaschutzpolitik. (Beifall bei der CDU/CSU) Diese Politik ist unverantwortlich. Ich denke, sie ist erst recht unverantwortlich, wenn man über den Tellerrand hinaussieht. ("
202205,"Das war anders! Handwerk, Mittelstand, alles angesprochen!",SPD,Dieter Rossmann,FDP,Uwe Barth,2009-04-23,93215,"lständischen Unternehmen belastet werden. Das sind nämlich diejenigen, die die Hauptlast der Ausbildung tragen, und nicht, Herr Minister Scholz, die DAX-30-Unternehmen, die Sie hier erwähnt haben. Sie haben nicht einmal das Wort „Mittelstand“ verwendet. (Jörg van Essen [FDP]: So ist es! – Dr. Ernst "
96251,Da war Herr Kanther vor!,SPD,Jörg Tauss,FDP,Dirk Niebel,2001-06-28,53802,"itregiert haben. Oder sehe ich das falsch? (Beifall bei Abgeordneten des GRÜNE und der SPD) Ich frage mich in der Tat: Warum haben Sie in der Zeit, in der Sie handeln konnten, dies nicht getan und halten stattdessen jetzt nur Volksreden? Das ist doch die Frage. (Beifall beim GRÜNE und bei der SPD – "
453533,Gute Investition!,SPD,Esther Dilcher,SPD,Rita Hagl-Kehl,2024-02-01,200413,"t es. – Außerdem gab es noch Holzbuden für unsere Vereine – das wurde vom Regionalbudget bezahlt – und Trachten für unsere Blaskapelle. Das alles wurde aus GAK-Mitteln finanziert, von denen 60 Prozent vom Bund stammen. (Beifall bei Abgeordneten der SPD und der Abg. Dr. Anne Monika Spallek [GRÜNE] – "
354221,Das gibt es bei den evangelikalen Christen auch! Die machen das auch!,FDP,Dr. Jürgen Martens,AfD,Martin Hohmann,2019-09-12,160044,"ime angesehen werden; das zeigt der Anschlag in Kabul auf eine Hochzeitsgesellschaft: 63 Tote, 180 Verletzte. (Dr. Manuela Rottmann [GRÜNE]: Für Justiz interessieren Sie sich weniger, oder?) Da sind zum anderen die Bestimmungen des Korans, wonach Frauen bei Unbotmäßigkeit geschlagen werden dürfen. ("
13579,"Ich habe nicht gesagt:  „nur""!",SPD,Adolf Ostertag,CDU/CSU,Heinz Schemken,1992-09-11,7765,"men gegründet werden,  halte ich für sehr wesentlich.  (Beifall bei Abgeordneten der CDU/CSU und  der FDP)  Herr Ostertag, ich finde es eigentlich nicht ganz  korrekt, die Asylfrage und diese Verwerfungen, die  wir aufs schärfste verurteilen, nur mit der Arbeitslosigkeit in Verbindung zu bringen.  ("
225512,Es geht um die Anweisung! Wer kriegt es und wer nicht?,GRÜNE,Beate Müller-Gemmeke,CDU/CSU,Paul Lehrieder,2010-11-11,102076,"sagt hat und was, wie ich annehme, Kollegin Lösekrug-Möller am Schluss harmonisierend darstellen wird: Wir sind gut beraten, hier mit den bestehenden Einrichtungen der Jugendhilfe, der Kommunen, aber auch mit den Schulen in Kontakt zu treten, um zu erreichen, dass unsere Gelder zielgenau ankommen. ("
258373,Das ist doch  Ihre Rede vom letzten Jahr!,FDP,Jürgen Koppelin,DIE LINKE,Paul Schäfer,2012-09-12,115342,"ich Sie richtig verstanden habe, um  wirtschaftliche Interessen durchzusetzen. Ich sage Ihnen  dazu: Es ist ein gefährlicher Aberwitz, unsere konfliktverschärfende Lebensweise militärisch absichern zu  wollen. Sie muss umgestellt werden. Darum geht es. Anders wird es nicht funktionieren. (Dr. h. c. "
341607,Das ist schwer!,GRÜNE,Britta Haßelmann,FDP,Graf Lambsdorff,2018-12-13,154323,"hre Bemerkung, dass das Abkommen über den Austritt Großbritanniens aus der Europäischen Union angeblich nicht öffentlich sei, womit Sie hier so einer Art Verschwörungstheorie den Boden zu bereiten versuchen, konnten wir irgendwie nicht glauben. Wir haben es gerade überprüft: Sie können es googeln. ("
262880,Ach so!,FDP,Dr. Rainer Stinner,GRÜNE,Priska Hinz,2012-11-21,117270,"net wird; denn das wollte ich eh sagen. Vielen herzlichen Dank! – Ja, wir waren der Meinung, dass  es keinen Sinn macht, die 144 Millionen Euro, die beim  Europäischen Entwicklungsfonds nicht gebraucht werden, dort verfallen zu lassen. Dass die Mittel da gekürzt  werden müssen, ist völlig logisch. ("
7286,Richtig! Wir be kommen die Prügel!,CDU/CSU,Michael Glos,CDU/CSU,Dr. Martin Meyer,1991-12-05,4340,"die nationalen Parlamente dann zwangsläufig das umsetzen müssen, was  in Gremien wie dem Rat beschlossen worden ist; denn  die Frage ist, wer dann verantwortlich ist.  (Michael Glos [CDU/CSU]: So ist es!)  Der Deutsche Bundestag sagt dann: ich mußte das  umsetzen, was dort beschlossen worden ist.  ("
103133,Wer sagt denn das?,SPD,Peter Dreßen,CDU/CSU,Franz Obermeier,2001-12-13,55596,"lle spielt. (Jörg Tauss [SPD]: Das müssen Sie der FDP sagen!) Deutschland ist in der Kohletechnologie – sowohl in der Gewinnung als auch in der Verarbeitungstechnologie – mit an der Weltspitze. Wir unterstützen Rot-Grün nicht, wenn sie propagiert, dass sie aus der Kohletechnologie aussteigen wird. ("
460018,Ach! Finden Sie  jetzt die Programme von Frau von der Leyen  auf einmal nicht toll?,FDP,Konrad Stockmeier,CDU/CSU,Tilman Kuban,2024-04-26,202656,"Monate lang über einen Resilienzbonus  diskutiert; Sie haben vier Monate lang die Solarwirtschaft  in Unsicherheit gelassen, und Sie haben vier Monate lang  Erwartungen geweckt. Am Ende stellen Sie sich heute  mit leeren Händen hin und verweisen eventuell, potenziell auf irgendwelche EU-Programme. ("
96024,Die SPD,FDP,Dr. Dieter Thomae,SPD,Dr. Hansjörg Schäfer,2001-06-22,53709,"ht nichts bewegt. Es wird Zeit, dass dieses wichtige Anliegen in den nächsten Wochen ein wesentliches Stück vorangebracht wird.  (Beifall bei der SPD sowie bei Abgeordneten der FDP) Hier müssen sich vor allem auch die Länder bewegen, (Dr. Dieter Thomae [FDP]: Uns müssen Sie das nicht sagen!) auch  ("
415022,"Nein, haben wir nicht!",FDP,Maximilian Mordhorst,SPD,Armand Zorn,2022-12-02,188524," bei Ihnen sind, aber dem nicht zustimmen können. Das ist nicht unsere Vorstellung von Politik. Liebe FDP – das ist vielleicht das, was uns unterscheidet –, wir haben zwar unterschiedliche Meinungen, wenn es beispielsweise in der Steuerpolitik darum geht, wen wir in diesen Zeiten entlasten müssen, ("
298579,Das ist doch Heuchelei!,GRÜNE,Sylvia Kotting-Uhl,SPD,Niels Annen,2015-09-30,134112,"ist nett, dass Sie uns an diesen guten Antrag erinnern. Das wäre nicht nötig gewesen, (Steffi Lemke [GRÜNE]: Doch, sehr nötig!) weil sich unsere Haltung gar nicht verändert hat. Unsere Fraktion und auch die Große Koalition sprechen sich weiterhin eindeutig für das Ziel der nuklearen Abrüstung aus. ("
97085,Aber es reicht nicht!,FDP,Dirk Niebel,SPD,Iris Gleicke,2001-07-05,54056, gelassen werden  und wir lassen sie nicht im Stich. Genau deshalb gehen seit Jahresbeginn 50 Prozent der Mittel für das JUMP-Programm in die neuen Länder. Derzeit kommen mehr als 50 Prozent aller Teilnehmer am JUMP- Programm aus Ostdeutschland. Das ist aktive Arbeitsmarktpolitik für junge Leute. (
109925,Stinkende Laster in der Fußgängerzone haben mit Umweltstrategien auch nichts zu tun!,SPD,Jörg Tauss,FDP,Birgit Homburger,2002-05-16,57665,"er Rede, die der Bundeskanzler hier gehalten hat, ging es in keiner Weise um eine Nachhaltigkeitsstrategie. Er hat ein Sammelsurium an Schlagworten genannt und eine Vernebelungstaktik angewandt. Sie hatte mit einer Nachhaltigkeitsstrategie nichts, aber auch gar nichts zu tun. (Beifall bei der FDP – "
151514,Ihr Kanzler kannte die Küste überhaupt nicht!,SPD,Annette Faße,CDU/CSU,Wolfgang Börnsen,2005-02-17,70522,"erung, günstigere Steuer-, günstigere Lohn- und günstigere Arbeitsbedingungen. Es ist ganz offensichtlich: Die Rahmendaten der deutschen Politik stimmen nicht mehr. Doch wir haben kein Erkennt-nisproblem; wir haben ein Führungsproblem – sowohl in Berlin als auch in Kiel.  (Beifall bei der CDU/CSU – "
85052,"Dass anschließend etwas passiert, ist auch wichtig! Nicht nur Diagnose, sondern auch Therapie!",CDU/CSU,Beatrix Philipp,SPD,Helga Kühn-Mengel,2000-11-08,49841,"Beifall der Abg. Regina Schmidt-Zadel [SPD]) Deshalb werden wir Screenings nicht einführen, bevor nicht die Qualität gesichert ist, denn Frauen nehmen Screenings nur an, wenn sie sich darauf verlassen können, dass das System transparent ist und dass sie auf qualitativ hohem Niveau versorgt werden. ("
283258,Nicht als Tischvorlage!,GRÜNE,Dr. Julia Verlinden,SPD,Thomas Jurk,2014-06-26,126689,"chen in diesem Land, Unternehmen und Privatpersonen, Klarheit über die Änderungen bekommen. Dringend notwendig ist auch, dass beispielsweise die Besondere Ausgleichsregelung durchgesetzt werden kann und dass die entsprechenden Bescheide verschickt werden können.  (Beifall bei Abgeordneten der SPD – "
187415,Aber gleiches Recht für  alle!,SPD,Sönke Rix,CDU/CSU,Stephan Mayer,2008-02-15,85829,"Verehrte Frau Kollegin Dağdelen, zunächst möchte ich festhalten: Deutschland ist nicht das Haupteinreiseland für Bürger aus Nicaragua.  ("
368923,Möchtegernpräsident!,GRÜNE,Harald Ebner,AfD,Karsten Hilse,2020-05-07,166451," lächerlich machte, als er behauptete, dass sich die Inkubationszeit bei einer Infizierung mit dem Coronavirus alle zwei Tage verdoppelt. Er glänzt also wie der Rest der Umweltzerstörer nicht nur in Fragen des Klimas und der Ursachen für Klimaveränderungen mit ideologisch motivierter Unwissenheit. ("
421759,"Es ist mittlerweile erwiesen, dass das falsch ist!",AfD,Norbert Kleinwächter,SPD,Mehmet Ali,2023-03-03,190649," ist. Aber das alles ignorieren Sie. Es geht letztendlich auch darum, (Carolin Bachmann [AfD]: Sie ignorieren den freien Willen der Bewohner!) dass 2028 – das war von vornherein der Plan gewesen – dieser Wohnblock abgerissen werden kann. Man hat es aufgrund der hohen Baukosten erst hinausgezögert, ("
183685,"Nein, die  Bereicherung der Reichen!",DIE LINKE,Oskar Lafontaine,CDU/CSU,Dr. Günter Krings,2007-11-16,84304," Offenbar sehen Sie und einige andere das inzwischen wieder anders. Das spricht für die Geschichtsvergessenheit Ihrer Partei. Sie erinnern sich nicht einmal mehr daran, was von Ihnen vor einem Jahr gesagt worden ist.  Soziale Marktwirtschaft bedeutet in unserer Gesellschaft: Schutz der Schwachen.  ("
350150,Das machen wir auch!,SPD,Bärbel Bas,DIE LINKE,Ulla Jelpke,2019-05-09,158209,"eraterinnen und Berater schätzen die Situation so ein, dass die Aufhebung der Wohnsitzverpflichtung oft nicht genehmigt wird. Das muss sich ändern, meine Damen und Herren. Das hätte man im Rahmen eines solchen Gesetzes evaluieren können. (Beifall bei der LINKEN sowie der Abg. Ulle Schauws [GRÜNE] – "
256205,Richtig!,DIE LINKE,Christine Buchholz,DIE LINKE,Ulrich Maurer,2012-05-25,114373," Horrorszenario gemalt. Natürlich  kann man auch Gerichte beeindrucken und zu falschen  Entscheidungen führen. Sie haben es sogar geschafft, ein  Informationszelt unserer Fraktion, in dem wir über unsere politischen Vorschläge zur Bewältigung der Finanzmarktkrise informieren wollten, zu verbieten. ("
270093,FDP!,DIE LINKE,<unknown>,SPD,Gabriele Groneberg,2013-03-21,120231,"stellen, wie es sich mit den ganzen Ausnahmeregelungen verhält? Bis dahin ist es noch lange hin. Im Zweifelsfall werden Sie nicht mehr regieren. Das es nicht hilft, wenn wir Ihnen dies vorhalten, zitiere ich aus der Rede von Sven Morlok, Staatsminister  in Sachsen, nicht unserer Fraktion zugehörig, "
416927,"Das war jetzt aber „Thema verfehlt“, Kollegin!",CDU/CSU,Nina Warken,DIE LINKE,Gökay Akbulut,2023-01-18,189076,"ndliche, die hier geboren und hier aufgewachsen sind. Und wenn hier jemand abgeschoben werden sollte, dann bitte die AfD-Fraktion, damit wir auch wirklich an den wichtigen Themen arbeiten können. Vielen Dank. (Beifall bei der LINKEN sowie bei Abgeordneten der SPD und der Abg. Canan Bayram [GRÜNE] – "
241043,„Kritisch“  ist noch viel zu optimistisch!,DIE LINKE,Dr. Dietmar Bartsch,CDU/CSU,Dr. Wolfgang Schäuble,2011-09-09,108075,ushaltsdebatte zum Treffen der Finanzminister und Notenbankgouverneure der G-7-Staaten in Marseille fahre. Wir werden schwierige Debatten führen. Sie alle haben die Rede des amerikanischen Präsidenten heute Nacht zur Kenntnis genommen. Wir befinden uns an einem kritischen Punkt der Weltkonjunktur. (
30034,So etwas  Dummes habe ich hier selten gehört!,CDU/CSU,Otto Regenspurger,DIE LINKE,Dr. Ilja Seifert,1994-04-21,18921,"  sind, nicht Behinderte, die u. a. Menschen sind. Das ist  ein gewaltiger Unterschied.  Der Dritte Bericht zur Lage der Behinderten in der  Bundesrepublik Deutschland — ich würde mich freuen, wenn der Herr Kollege Regenspurger auch  etwas sagen würde; aber er darf hier ja offenbar nicht  reden —  ("
454783,Horst Seehofer hat immer über den C64 gesprochen!,SPD,Dr. Jens Zimmermann,CDU/CSU,Nadine Schön,2024-02-23,200937,"rmann [FDP]) Seitdem hält man beim Thema „Staatsmodernisierung und Verwaltungsdigitalisierung“ einen Dornröschenschlaf. Deshalb hat es auch zweieinhalb Jahre gedauert, bis wir dieses wichtige und entscheidende Gesetz endlich im Parlament hatten. Das ist deutlich zu lange. (Beifall bei der CDU/CSU – "
271112,Haben  wir etwa das Zugangserschwerungsgesetz verantwortet?,CDU/CSU,Thomas Jarzombek,SPD,Brigitte Zypries,2013-04-18,120589,"h. (Beifall bei der SPD sowie bei Abgeordneten  des GRÜNE –  Michael Kretschmer [CDU/CSU]: Wir können  nichts dafür, dass die SPD nicht so lernfähig  ist!) – Die SPD hat es vielleicht nicht so nötig; das kann man  an verschiedenen anderen Dingen sehen. (Zuruf von der CDU/CSU: Das ist dünnes  Eis! – "
59747,Sehr  bedenkenswert!,SPD,Heidemarie Wieczorek-Zeul,GRÜNE,Joseph Fischer,1998-04-02,38955,"er geschrieben hat, in  dem er für eine Verschiebung der Europäischen Wirtschafts- und Währungsunion plädiert: Kurt Biedenkopf. Ich gehe deswegen auf ihn ein, weil ich die Argumente, die er in sechs Punkten zusammenfaßt -  ich komme zu völlig anderen Konsequenzen -, für  sehr bedenkenswert halte.  ("
101326,Seien Sie doch nicht so gnädig!,CDU/CSU,Norbert Geis,SPD,Dr. Herta Däubler-Gmelin,2001-11-27,55284,"nen, Herr Feibel, noch einmal zu zwei Dingen, die Sie erwähnt haben, etwas sagen: Ich habe schon gemerkt, dass es keine richtige Kritik war, die Sie vorgebracht haben, sondern Sie jetzt etwas in den Raum stellen mussten.  (Lachen bei der CDU/CSU) – Ja, natürlich. (Beifall bei Abgeordneten der SPD – "
94337,Das stimmt doch nicht! Das ist blanker Unsinn!,SPD,Sabine Kaspereit,CDU/CSU,Dr. Michael Luther,2001-05-17,52989,"en im Rahmen des Solidarpaktes abgestimmt – Bernhard Vogel hat gesagt: „ausgekungelt“ – hat, die den aufgestellten Forderungen der Wirtschaftsinstitute nicht mehr entsprechen, ist ein wichtiges und positives Signal wieder einmal ins Negative verkehrt worden.  (Beifall bei Abgeordneten der CDU/CSU – "
132396,Allen voran die FDP!,GRÜNE,Michaele Hustedt,GRÜNE,Winfried Hermann,2003-11-27,64098,"n Koalitionsfraktionen unterstützt, aber im Bundesrat schwer bekämpft.  (Elke Ferner [SPD]: So ist das!) Die Bundesländer als Eigner von Flughäfen haben uns signalisiert, dass sie da nicht mitmachen, da das zu viel koste usw. Genau dieselben Argumente, die ich vorhin angeführt habe, sind gekommen. ("
72525,"Was das den EuGH angeht, frage ich mich!",CDU/CSU,Dr. Gerd Müller,FDP,Friedrich Nolting,1999-10-28,44875,". (Beifall bei der FDP sowie der Abg. Angelika Volquartz [CDU/CSU]) Die Frau hatte sich für den Dienst in den Streitkräften beworben, wurde aber nur wegen ihres Geschlechts abgelehnt. (Dirk Niebel [FDP]: Skandalös!) Im Frühjahr wird die Entscheidung des EuGH im Fall der deutschen Klägerin gefällt. ("
457403,Na ja! Na ja!,CDU/CSU,Dr. Jan-Marco Luczak,FDP,Daniel Föst,2024-03-22,201794," (Zuruf der Abg. Christina-Johanne Schröder [GRÜNE]) Und wissen Sie, wer es verhindert? Die Bundesländer, genauso wie sie auch die Sonder-AfA verhindert haben. Das ist tatsächlich eine weitere Geiselhaft, die Sie überwinden müssen. (Beifall bei der FDP sowie bei Abgeordneten der SPD und des GRÜNE – "
319961,Es ist die Umweltministerin! Vorsicht!,SPD,Ulli Nissen,CDU/CSU,Carsten Müller,2017-04-27,144012," Behrens [DIE LINKE]: Aber gesundheitsschädlich ist es schon! Gehen Sie da mit?) Es hilft in einer Diskussion, die man sehr sachlich führen soll, die Dinge in einen Rahmen einzuordnen. (Oliver Krischer [GRÜNE]: Warum tut denn der Umweltminister dann so viel, wenn es so klar ist? – Gegenruf der Abg. "
140455,Das war überflüssig!,GRÜNE,Philip Winkler,CDU/CSU,Bernhard Kaster,2004-06-17,67086,"eißt nichts anderes, als dass Sie, wenn eine Vergabe nicht nach Ausschreibung erfolgt, natürlich nicht die Möglichkeit haben, einen Schaden anhand einer Vergleichsberechnung festzustellen. Das wollte ich der Vollständigkeit halber hier noch gesagt haben. (Beifall bei der CDU/CSU und der FDP – Josef "
172626,Hätten Sie doch gesagt:  eine Kate!,SPD,Joachim Poß,FDP,Otto Fricke,2006-11-24,78503,"er FDP sowie der Abg. Anja Hajduk  [GRÜNE]) Der Haushalt der Bundesrepublik Deutschland wirkt in dieser großen Koalition ein wenig wie ein altes Haus. Es hat ein schwarzes undichtes Dach, etwas mürbe rote Backsteine und es zieht. Die Leitungen sind undicht und die Elektrik funktioniert nicht mehr. ("
206675,Welches Geld denn?,SPD,<unknown>,FDP,Patrick Meinhardt,2009-11-11,95601,ig. Für uns sind berufliche und akademische Ausbildung gleichwertig. (Beifall bei der FDP und der CDU/CSU sowie  bei Abgeordneten der SPD) Für den Wettbewerb um die beste Bildung muss auch mutig Geld in die Hand genommen werden. (Krista Sager [GRÜNE]: Das Geld haben Sie doch gerade erst verstreut! –
185299,"Ja, genau!",SPD,Andrea Nahles,SPD,Anette Kramme,2007-12-14,84930,"Wir wissen, dass in dieser Branche die Löhne in Westdeutschland momentan um 40 Prozent und in Ostdeutschland um 50 Prozent unterhalb der Einstiegsgehälter bei der Deutschen Post liegen. (Andrea Nahles [SPD]: Jawohl!) Wir wissen, dass dort in skandalöser Weise Minijobverhältnisse ausgenutzt werden. ("
450029,"Sie wollen doch die ganzen Kameradinnen und Kameraden abschieben lassen, deportieren lassen, wenn sie einen Migrationshintergrund haben!",GRÜNE,Sara Nanni,AfD,Hannes Gnauck,2024-01-17,199641,"Meine Damen und Herren! Die Bundeswehr ist immer noch nicht in der Lage, dem Auftrag der Landes- und Bündnisverteidigung nachzukommen – das ist in aller Kürze und Härte das Fazit der Wehrbeauftragten des Deutschen Bundestages. Es fehlt weiterhin an Material. Beim Personal ist auch nichts passiert. ("
170662,Aber ich gehe noch nicht in Rente!,SPD,Jörg Tauss,SPD,Klaus Hagemann,2006-10-26,77736,".  (Beifall des Abg. René Röspel [SPD]) Er – ich spreche ihn als Symbolfigur an – (Beifall bei Abgeordneten der SPD – Zurufe  von der CDU/CSU: Oh!) hat es bei der Föderalismusreform durchgesetzt, dass uns das – im Gegensatz zum Schulbereich – im Hochschulbereich möglich ist.  (Beifall bei der SPD – "
147062,Davon merkt man aber nichts mehr!,CDU/CSU,Bartholomäus Kalb,SPD,Franz Müntefering,2004-11-24,69112,"Jahrzehnte und Jahrhunderte hinweg eine Erfahrung gemacht, die wir nicht beiseite schieben dürfen. Leute meiner Altersklasse sind noch in eine katholische oder – zwei Straßen weiter – evangelische Grundschule gegangen. (Peter H. Carstensen [Nordstrand] [CDU/ CSU]: Sie sind in die Schule gegangen? – "
219649,Ist das heute nicht der  Fall?,FDP,Otto Fricke,GRÜNE,Sven-Christian Kindler,2010-07-01,99934," in der FDP schon Stimmen gibt – ich teile ausdrücklich die Meinung der Ministerin Leutheusser-Schnarrenberger –, dass Steuerpolitik auch Umverteilung heißt, dass Steuern dazu da sind, zu steuern und Geld umzuschichten. Starke sollten stärker belastet werden, und Schwache sollten entlastet werden. ("
384117,Gähn!,DIE LINKE,Dr. Birke Bull-Bischoff,CDU/CSU,Tankred Schipanski,2021-03-04,174810,"ett gewesen!) aber im Zusammenhang mit einer sachbezogenen Rede der Ministerin verstehe ich eine solche Wortwahl auf gar keinen Fall. Schauen Sie mal in den Spiegel! Ich glaube, Sie sind die Märchentante in dieser Debatte. Oder Sie sind hier vielleicht doch noch mal als FDJ-Sekretärin aufgetreten. ("
65256,"Können Sie nicht mehr hören, nicht?",CDU/CSU,Friedrich Merz,SPD,Ingrid Matthäus-Maier,1999-02-23,41656,"Renten; Herr Merz, das sollte man hier einmal sagen. Das machen wir nicht. Aber wir passen das Bilanzrecht im steuerlichen Bereich an internationale Standards an. An dieser Stelle sagt der Kollege Merz von der Opposition immer, das sei schlecht für den Standort. Herr Merz, dieses Standortgejammere ("
202024,Sie sollen zum Antrag reden!,CDU/CSU,Ernst Hinsken,DIE LINKE,Dr. Herbert Schui,2009-03-27,93127,"Herr Schauerte, ich habe diesen Antrag nicht eingebracht, und ich habe auch nicht behauptet, dass der Mittelstand das Wirtschaftswunder geschaffen hat. (Dr. Norbert Röttgen [CDU/CSU]: Sie reden aber dazu! – "
324309,Nö!,AfD,Armin-Paulus Hampel,CDU/CSU,Dr. Hendrik Hoppenstedt,2017-12-13,146152,"ass ich den Angriff auf den Abgeordnetenkollegen Gottschalk hier verurteile und gute Genesung wünsche. (Beifall bei der AfD sowie bei Abgeordneten der CDU/CSU und der SPD) Bemerkung Nummer zwei. Der AfD-Antrag erweckt den Eindruck, dass wir es nur mit linksextremistischen Straftätern zu tun haben. ("
261753,Das ist eine Gegenrede und  keine Frage!,CDU/CSU,Volker Kauder,DIE LINKE,Jan Korte,2012-11-08,116790,"hssicherheitshauptamt, NS- Bürokratie und -Staatswesen nicht in den oberen und  zentralen Etagen der Verwaltung und der Regierung zu  finden. Das muss man doch bei einer solchen Debatte  zur Kenntnis nehmen. Es muss doch möglich sein, einen  solchen Unterschied darzulegen. (Beifall bei der LINKEN – "
264086,Gute Frau!,CDU/CSU,Ingrid Fischbach,SPD,Stefan Schwartze,2012-11-29,117599," auf den Zug aufspringen, sind die Familienministerin Schröder und Frau  von der Leyen. Frau Schröder findet das Vorhaben gut.  Sie ist der Meinung, dass es eine gute Maßnahme ist, um  dem Fachkräftemangel in diesem Land zu begegnen. Erstaunlicherweise springt auch Frau von der Leyen auf  den Zug. ("
44740,Eine Ernsthaftig,SPD,Horst Kubatschka,FDP,Dr. Karlheinz Guttmacher,1996-04-18,28846,"aat gegenüber die Ernsthaftigkeit ihres Bemühens um eine  gute Ausbildung durch Studienstandsnachweise  nach dem vierten Semester darlegen, könnten wir  uns vorstellen, daß auch die Studenten, die nicht BA- föG-Empfänger sind, mit dem 25. Lebensjahr einen  solchen Studienstandsnachweis erbringen.  ("
44085,So ist es!,CDU/CSU,<unknown>,CDU/CSU,Norbert Geis,1996-03-08,28461,"großes Gut -  ich habe das bereits gesagt -, und niemand will  daran rütteln. Es ist ein für die Demokratie wichtiges  Gut, aber es nicht der „vornehmste Wert"", wie es das  Verfassungsgericht ausgedrückt hat. Der vornehmste  und höchste Wert unserer Verfassung ist vielmehr die  Würde des Menschen.  "
42199,Das sagt mal den Ländern!,FDP,Ulrich Heinrich,SPD,Horst Sielaff,1995-12-07,27147,"irtschaftliche Förderungspolitik ziehen muß,  sollte heißen: Geld gegen ökologische Leistungen,  die über die sogenannte gute fachliche Praxis hinausgehen. Da, meine Damen und Herren auch der  Regierungskoalition, sind wir eindeutig für Ausgleich und Förderung der Landwirte.  (Beifall bei der SPD - "
371745,Da haben Sie nicht zugehört!,DIE LINKE,Tobias Pflüger,FDP,Dr. Marcus Faber,2020-06-19,167897,"ulassen. – Ich habe Ihnen jetzt aufmerksam zugehört, und ich habe auch nach zwei, drei Minuten den Eindruck, wenn Sie über die Bundeswehr und die Soldatinnen und Soldaten sprechen, dass Sie eigentlich ausschließlich über Menschen sprechen, die Sie für Rechtsextreme mit einem Alkoholproblem halten. ("
371548,Sie regieren doch!,FDP,Michael Theurer,SPD,René Röspel,2020-06-18,167827," es einen Innovationsminister der FDP, bei dem man heute nicht weiß, was er morgen sagen wird. (Michael Theurer [FDP]: Wir waren doch gar nicht im Parlament, Herr Kollege! Sie waren doch in der Regierung! Sie regieren doch!) Seine Aussagen sind volatiler als das Photovoltaikspektrum in einem Jahr. ("
263015,Oberlehrerhaft! Furchtbar!,SPD,<unknown>,CDU/CSU,Franz-Josef Holzenkamp,2012-11-21,117295," für die christlich-liberale Koalition. (Beifall bei Abgeordneten der CDU/CSU und  der FDP – Zurufe von der SPD: Oh!) Wir ruhen uns aber nicht aus. Wir erhöhen die Mittel und  setzen sie effizient und effektiv ein. (Alexander Süßmair [DIE LINKE]: Hauptsache, das Betreuungsgeld ist gegenfinanziert! –"
325927,Eine Maßnahme wäre die Nachrüstung von Fahrzeugen!,GRÜNE,Oliver Krischer,SPD,Kirsten Lühmann,2018-02-22,147175,"eifall bei Abgeordneten der SPD – Oliver Luksic [FDP]: Das sollte man vorher machen, nicht nachher!) Leider – das müssen wir auch sagen – kann man ja das Problem der Luftverschmutzung in unseren Städten nicht mit einer Maßnahme erschlagen. (Steffi Lemke [GRÜNE]: Nur mit Nachdenken wird es nichts! – "
185993,Jetzt haben Sie uns total überrascht!,DIE LINKE,Frank Spieth,CDU/CSU,Peter Weiß,2008-01-17,85175,ie bei einem sinkenden Niveau der gesetzlichen Rente in der Zukunft aufgrund eines niedrigen Erwerbseinkommens oder längerer Ausfallzeiten eventuell doch zusätzlich auf die Grundsicherung als staatliche Hilfe angewiesen sind. (Volker Schneider [Saarbrücken] [DIE LINKE]: Zwei Millionen! Eventuell? – 
140474,Sehr wahr!,CDU/CSU,Gitta Connemann,CDU/CSU,Ulrich Petzold,2004-06-17,67092,"ine sachliche und zielstrebige Aufarbeitung eines solchen dramatischen Ereignisses, wie ich es persönlich an der Elbe an vorderster Stelle mit Sandsäcken in der Hand mitgemacht habe,  (Peter Hettlich [GRÜNE]: Sie sind ein richtiger Held!) stelle ich mir anders vor – und die Menschen vor Ort auch.  ("
14953,Hört!  Hört!,SPD,Hans-Günther Toetemeyer,SPD,Dr. Ingomar Hauchler,1992-11-05,8812,"t seit  Jahren hinters Licht, wenn sie sagt, sie habe durch  bilaterale Schuldenerlasse einen wichtigen Beitrag  zur internationalen Entschuldung geliefert. Sie muß  jetzt nämlich eingestehen, daß diese Erlasse sage und  schreibe nur 5 % des gesamten Forderungsbestands  an diese Länder ausmachen.  ("
247563,"Es erfordert ein bisschen Konzentration und Verstand, das gebe ich zu!",CDU/CSU,Volker Kauder,CDU/CSU,Volker Kauder,2011-12-14,110686,"ieren Sie sich einmal an denen. Sie sollten ihnen nicht die Leviten lesen – machen Sie das am besten in Ihrer eigenen Truppe –, sondern sich an ihnen orientieren. (Beifall bei der CDU/CSU sowie bei Abgeordneten der FDP – Fritz Kuhn [GRÜNE]: Ihre Rede zu lesen, ist eine Zumutung! – Gegenruf des Abg. "
271996,"Er soll nicht wie in  Frankreich, sondern wie in Großbritannien  festgelegt werden! Das ist ein Unterschied!",GRÜNE,Dr. Wolfgang Strengmann-Kuhn,FDP,Johannes Vogel,2013-04-25,120995," noch einmal erklären. Wir können leider in ganz Europa sehen – Guntram Schneider hat heute  Morgen das beste Beispiel dafür gegeben –, dass ein  Einheitsmindestlohn, der am Ende im Deutschen Bundestag festgelegt wird, den Einstiegschancen schadet.  Das sehen wir in Frankreich und anderen Ländern. ("
287755,Korrekt!,CDU/CSU,Norbert Barthle,DIE LINKE,Dr. André Hahn,2014-11-25,128950,2015 nichts. Auch deshalb wird die Linke diesen Haushalt ablehnen.  (Beifall bei der LINKEN)  Einige Anmerkungen zum Sportetat. Der Haushaltsausschuss ist über den ursprünglichen Ansatz für 2015 hinausgegangen; er hat die Mittel um 15 Millionen Euro aufgestockt. Das begrüßen wir; das ist positiv.  (
307514,Für uns auch!,GRÜNE,Oliver Krischer,SPD,Ulrich Freese,2016-05-12,138246,Frau Präsidentin! Liebe Kolleginnen und Kollegen! Es ist für jemanden wie mich eine doch etwas schwer erträgliche Diskussion. (Steffi Lemke [GRÜNE]: Nicht nur für Sie! – 
138162,Genau! Deshalb können sie ja nur noch bei Wettbewerbern anrufen!,CDU/CSU,<unknown>,CDU/CSU,Ursula Heinen,2004-04-01,66187,"ndelt. Aber wie sieht es beim Thema Wahlwerbung aus, die natürlich gesondert geregelt wird? Sie, Kolleginnen und Kollegen von der Koalition, dürfen meine mutmaßlichen Wähler belästigen.  (Widerspruch bei der SPD und dem GRÜNE – Hartmut Schauerte [CDU/CSU]: Die haben ja keine eigenen mehr! – Weiterer"
163844,Sehr richtig!,CDU/CSU,Steffen Kampeter,CDU/CSU,Dr. Hans-Peter Friedrich,2006-03-30,74844,"g der Franken-Sachsen-Magistrale im Streckenabschnitt Nürnberg bis Reichenbach im Verkehrswegeplan enthalten. (Horst Friedrich [Bayreuth] [FDP]: Aber nicht  in der 66er-Liste! Das sage ich doch!) Es geht darum, dass wir die 66er-Projekte jetzt abarbeiten, damit wir neue Projekte nachziehen können. ("
133022,Das Schröder,CDU/CSU,Manfred Grund,CDU/CSU,Dr. Jürgen Gehb,2003-12-11,64331,"rren! Wer das klinische Wörterbuch Pschyrembel durchblättert, findet Krankheitsbilder, die manchmal nach den Patienten, manchmal nach dem behandelnden Arzt benannt sind. Dort findet man zum Beispiel auch das Pfeiffersche Drüsenfieber. Was ich dort nicht beschrieben gefunden habe, ist ein Phänomen, ("
293709,Auf Kosten der reicheren Kommunen!,CDU/CSU,Ralph Brinkhaus,SPD,Petra Hinz,2015-04-23,131716,"z denn abgeschafft?)  Nach der Wahl haben wir einen Wechsel gehabt. Gott sei Dank!  (Thomas Oppermann [SPD]: Offenbar gab es Gründe!)  Hannelore Kraft hat in ihrer ersten Regierungszeit als Allererstes einen Finanzierungspakt für die Kommunen, die unter Nothaushalten leiden, auf den Weg gebracht.  ("
69823,Das gilt aber für Sie!,CDU/CSU,<unknown>,SPD,Rudolf Dreßler,1999-06-30,43810," Lautstärke oder Rüpelhaftigkeit im Tonfall. (Wolfgang Lohmann [Lüdenscheid] [CDU/ CSU]: Aber an Lautstärke sind Sie nicht mehr zu übertreffen!) Jeder muß wissen, auf was er sich einläßt. Ist man erst einmal in der Ecke der Dialogunfähigkeit angelangt, wird man so schnell nicht wieder herausfinden. "
228939,Das ist aber  nett!,CDU/CSU,Paul Lehrieder,SPD,Katja Mast,2010-12-17,103299,"r Ablehnung dieses Antrags dafür, dass den Arbeitnehmerinnen und Arbeitnehmern sowie den Arbeitgebern das Geld für die Sozialkassen verloren geht. Das kann ich als Sozialdemokratin nicht tolerieren. (Beifall bei der SPD sowie bei Abgeordneten  der LINKEN) Ich will meine Rede nun vorzeitig beenden. ("
219744,Sehr richtig!,CDU/CSU,Leo Dautzenberg,SPD,Dr. Carsten Sieling,2010-07-01,100033,"stens. Wir wollen gesetzlich verbindliche – und nicht nur mehr oder weniger freiwillige – und verständliche Produktinformationsblätter mit standardisierten Angaben, damit die Dinge verglichen werden können. Wer falsche Informationen hineinschreibt, der muss dafür auch haften. (Beifall bei der SPD – "
304007,Aber daran mangelt es Ihnen eben ganz genau!,GRÜNE,Dr. Anton Hofreiter,CDU/CSU,Dr. Volker Ullrich,2016-02-18,136663,"SU hält!) Das sind Herausforderungen im Bereich der Flüchtlingspolitik und im Bereich der inneren Sicherheit. Wir werden diese Herausforderungen angehen. Da mögen Sie so viel schreien, wie Sie nur wollen. Verantwortung ist keine Frage der Lautstärke, sondern des Handelns. (Beifall bei der CDU/CSU – "
54787,Wann gibt es  denn wieder ein Kamelrennen?,SPD,Ottmar Schreiner,CDU/CSU,Hans-Joachim Fuchtel,1997-09-11,36028,Herr Präsident! Meine sehr verehrten Damen und Herren!  (
336675,Ehrlichkeit!,SPD,Thomas Hitschler,AfD,Martin Reichardt,2018-10-11,152075,". (Carsten Schneider [Erfurt] [SPD]: Mach mal den Knopf auf! Ich glaube, der platzt sonst!) Und Familien vertreten Werte wie Ehrlichkeit und Vertrauen. (Michael Grosse-Brömer [CDU/CSU]: Darin unterscheiden sie sich von der AfD!) Genau diese Werte können Familien auch von einer Regierung verlangen. ("
119417,Das ist doch nicht der Fall! Was malen Sie für einen Popanz an die Wand?,CDU/CSU,Elke Wülfing,GRÜNE,Christine Scheel,2003-01-31,60100,"u sagt jeder Ja. Aber niemand weiß, was sich hinter Ihrer Maßnahme verbergen würde. Ich bin der Auffassung, dass man den Bürgern und Bürgerinnen der Ehrlichkeit halber auch einmal sagen muss, was das bedeuten würde: weniger Geld für Bildung, Forschung und vieles mehr, was ich eben aufgezählt habe. ("
64433,Ihr löst sie ja nicht einmal ein!,CDU/CSU,Wolfgang Zöller,GRÜNE,Katrin Göring-Eckardt,1998-12-10,41210,"1978 Geborene. Tatsächlich geht es darum, daß in dieser Gesellschaft nicht allein Besitzstände etwas gelten, sondern auch die Zukunft. (Beifall beim GRÜNE und bei der SPD) Diese und weitere Erleichterungen haben wir angekündigt. Ich kann verstehen, daß es Ihnen nicht gefällt, daß wir sie einlösen. ("
225576,Sie haben keine Ahnung!,FDP,Ulrike Flach,DIE LINKE,Dr. Gregor Gysi,2010-11-12,102183,"rte, der 1 000 Euro verdient, und der Versicherte, der 10 000 Euro verdient, haben exakt denselben Zusatzbeitrag zu zahlen; das gab es noch nie in Deutschland. Das führen Sie jetzt ein, weil Sie die Anbindung an das Einkommen aufgeben wollen. (Beifall bei der LINKEN sowie bei Abgeordneten der SPD – "
307981,„Vertragsstrafe“ heißt das!,SPD,Christian Flisek,DIE LINKE,Dr. Petra Sitte,2016-06-02,138435,"h. (Dr. Konstantin von Notz [GRÜNE]: So ist das!) Bisher können Rechteinhaber bzw. deren Anwaltskanzleien vom Rechteverletzer eine Erklärung verlangen, dass eine angeblich getätigte rechtswidrige Handlung künftig ausbleibt. Bei Zuwiderhandlung wird dann nicht selten eine saftige Geldstrafe fällig. ("
402858,Ja!,GRÜNE,Markus Kurth,DIE LINKE,Caren Lay,2022-09-06,184910,"r Geld für den sozialen Wohnungsbau einsetzen müssen. Sie fordern 15 Milliarden Euro für den sozialen Wohnungsbau statt Ihrer 2,5 Milliarden Euro. 15 Milliarden Euro für den sozialen und gemeinnützigen Wohnungsbau – das fordern wir als Linke schon lange. (Beifall bei der LINKEN) Lieber Herr Kurth, ("
195343,Na ja! Der ist auch aus  Stuttgart!,SPD,Ute Kumpf,GRÜNE,Dr. Thea Dückert,2008-10-16,89813,"erung insgesamt nicht immer mit einer Stimme gesprochen hat. Der Wirtschaftsminister, der für diesen Themenbereich in erster Linie verantwortlich ist, hat seine Zweifel in einer Protokollnotiz formuliert und dokumentiert. Es gibt zudem Querschüsse von Ihrem Kollegen Ministerpräsidenten Oettinger.  ("
264970,Oh Mann! Das tut  weh!,CDU/CSU,Volker Kauder,SPD,Sigmar Gabriel,2012-12-13,118047,"s zahlen  die Länder, die dann weniger Geld für die Bildung zur  Verfügung haben. Am Ende zahlen die Eltern höhere  Kindergartengebühren, wenn den Kommunen die Einnahmen wegbrechen. Das ist doch die Rechnung, die Sie  hier ständig aufmachen. (Beifall bei der SPD sowie bei Abgeordneten  des GRÜNE –  "
399784,"Oh, oh!",CDU/CSU,Andrea Lindholz,FDP,Konstantin Kuhle,2022-06-02,183642,"Nein, damit sind wir nicht einverstanden, lieber Kollege Throm, ("
309054,"Herr Schneider bestätigt, die Parteivorsitzenden treffen sich wegen Marginalien und Unwichtigkeiten!",GRÜNE,Dr. Anton Hofreiter,SPD,Carsten Schneider,2016-06-24,139158," und seit Februar steht, sind marginal. Das ist meine Auffassung. (Lachen bei Abgeordneten des GRÜNE – Katrin Göring-Eckardt [GRÜNE]: Interessant!) – Ja, Sie müssen die Änderungen nur mit dem Forderungskatalog vergleichen, den die CSU aufgestellt hat, dann sehen Sie, was davon übrig geblieben ist. ("
312967,Das habe ich doch gesagt!,DIE LINKE,Katja Kipping,GRÜNE,Dr. Wolfgang Strengmann-Kuhn,2016-10-21,140825,"der Hartz‑IV-Beziehenden sind Langzeitarbeitslose. Es gibt sogar mehr Erwerbstätige als Langzeitarbeitslose, die Hartz IV beziehen. Diese Gruppe ist deutlich größer als die Gruppe der Langzeitarbeitslosen. Insgesamt beziehen fast 8 Millionen Menschen Grundsicherungsleistungen. Darum geht es heute. ("
343067,"Wir sind jetzt hier nicht im Berliner Senat, sondern im Bundestag!",SPD,Katja Mast,CDU/CSU,Thomas Heilmann,2019-01-18,154910,"erzögert und Tausende von Wohnungen in Berlin nicht gebaut. Ja, selbst Dachgeschossausbauten wollen Sie nicht, weil Sie nicht wollen, dass Bäume beschnitten werden. Ganz zum Schluss: Raten Sie mal, wie viele Grundstücke gemeinnützige Genossenschaften zum Bau von Wohnungen in Berlin bekommen haben? ("
83051,Bei Ihnen waren es 5 DM! Das ist der Unterschied!,CDU/CSU,<unknown>,GRÜNE,Dr. Reinhard Loske,2000-09-14,48996,"ndere fossile Brenn- und Treibstoffe sollen sich ... über einen Zeitraum von mindestens 5 Jahren hinweg um jährlich 5 % verteuern. 5 Prozent von 2 DM! Nach dem CSU-Konzept müsste das Benzin also jährlich um 10 Pfennig teurer werden. Wo 11359 liegt da der Unterschied zu dem, was die Regierung macht? "
295574,"Er ist auch nicht ganz verständlich, der Schritt!",GRÜNE,Maria Klein-Schmeink,SPD,Dr. Karl Lauterbach,2015-06-11,132604,"! Zunächst einmal zögere ich ein bisschen mit meiner Kritik, Frau Wöllert. Ich habe nämlich mit Genugtuung gehört – das findet meine Zustimmung –, dass Sie sich enthalten wollen. Das ist ein wichtiger Schritt nach vorne, dafür danke ich Ihnen.  (Heiterkeit und Beifall bei Abgeordneten der CDU/CSU – "
154038,Wer sagt  das denn?,CDU/CSU,Karl-Josef Laumann,SPD,Edelgard Bulmahn,2005-04-14,71397,"gs, meine sehr geehrten Herren und Damen von der Opposition: Was ist eigentlich Ihr Weg? Welches Bild haben Sie eigentlich von der Zukunft unserer Gesellschaft und von der Zukunft der Kinder und Jugendlichen? (Beifall bei der SPD sowie bei Abgeordneten  des GRÜNE) Sie wollen das BAföG abschaffen.  ("
309690,Das können Sie mal besprechen!,SPD,Marianne Schieder,CDU/CSU,Tankred Schipanski,2016-07-07,139422," nicht weit voneinander entfernt sind. Man kann Ihre Ungeduld schon verstehen. (Beifall beim GRÜNE) Ich gestehe offen, dass ich der Meinung bin, dass das Bundesjustizministerium den Arbeitsauftrag aus dem Koalitionsvertrag ruhig etwas schneller bearbeiten könnte. (Özcan Mutlu [GRÜNE]: Hört! Hört! – "
48404,Sie sparen doch unso,SPD,<unknown>,CDU/CSU,Dr. Wolfgang Schäuble,1996-10-30,31845,"ardt [FDP]: So ist das!)  Denn sie kann man nur durch Einsparungen senken,  anders nicht.  (Beifall bei der CDU/CSU und der FDP)  Sie haben immer nur Steuererhöhungs- und Abgabenerhöhungsvorschläge gemacht. Sie haben nicht  einen einzigen Einsparungsvorschlag gemacht. Ich  muß Ihnen das vorhalten.  "
117377,"Nein, gegen die SPD!",CDU/CSU,Wolfgang Zöller,SPD,Waltraud Lehn,2002-12-05,59530,"Herr Seehofer, ich halte es für wirklich nicht hinnehmbar, wie Sie hier eine gezielte Emotion gegen eine Gruppe unserer Bevölkerung geschürt haben, ("
163959,"Die Bundeskanzlerin hat in ihrer Regierungserklärung gesagt, dass die Mittel den Kommunen zur Verfügung gestellt werden müssen! Da können Sie sagen, was Sie wollen!",FDP,Ina Lenke,SPD,Christel Humme,2006-03-30,74872," es – natürlich Familie und Beruf, wie 88 Prozent aller jungen Männer und Frauen. Um ihnen das später zu ermöglichen, schichten wir jetzt Haushaltsmittel um und schaffen neue Rahmenbedingungen mit Investitionen in die Zukunft. Frau Lenke, dazu gehört nach wie vor unser Tagesbetreuungsausbaugesetz. ("
44911,"Nein, das geht  doch nicht!",CDU/CSU,<unknown>,GRÜNE,Elisabeth Altmann,1996-04-25,29012,"Frau Präsidentin! Verehrte Kolleginnen und Kollegen! Ich möchte in meiner Kurzintervention auf verschiedene Aussagen von einigen Kollegen eingehen, zuerst darauf, daß Frau Bundesministerin Merkel gesagt hat,  "
25306,Sehr richtig!,CDU/CSU,Michael Glos,SPD,Susanne Kastner,1993-10-28,15439," in  der Hölle. Damit beschreibt er sehr treffend die  mentale und psychische Situation der arbeitslosen  Menschen, von denen sich diese Regierung schon  längst abgewandt hat. In solch einer Situation sind  gemeinsame arbeitsmarktpolitische Kraftakte notwendig, die diesen Krisenstandorten helfen.  ("
439502,"Ja, Russland auch nicht mehr!",SPD,Gabriela Heinrich,AfD,Jürgen Braun,2023-09-28,196312,"Lechte [FDP]: Ja!) Vor einem Jahr war ich in Genf beim Menschenrechtsrat, und was ich dort erlebte, war schlichtweg niederschmetternd. Armenien, dessen Kernterritorium von Aserbaidschan angegriffen worden war, wollte sich Gehör verschaffen. Doch kein einziger Staat interessierte sich für Armenien, ("
121961,Hat es seit dem 22. September Anträge aus diesem Bereich gegeben? Keinen einzigen!,FDP,Hans-Michael Goldmann,SPD,Ernst Bahr,2003-03-19,60831,"es keine solche Haltungsregelung mehr geben. Da haben sie sich aber geirrt, wie wir alle gesehen haben. Wir werden die Haltungsverfahren so ändern, wie wir es vorgesehen haben. Dies werden wir fördern müssen; die Deckungsfähigkeit scheint mir in Ordnung zu sein. (Beifall bei der SPD und dem GRÜNE – "
255504,Haben Sie doch beschlossen! Rettungsschirme  ohne Ende!,SPD,Thomas Oppermann,CDU/CSU,Bettina Kudla,2012-05-23,114105,"  doch Euro-Bonds!) Dabei scheinen Sie den Bürger völlig vergessen zu haben. Mit welchem Recht fordern Sie, dass die Bürger für  Schulden anderer Länder haften sollen? (Dr. Tobias Lindner [GRÜNE]: Das tun wir doch jetzt schon!) Mit welchem Recht? (Klaus Brandner [SPD]: Haben Sie doch beschlossen! – "
4826,Das  stimmt!,CDU/CSU,Klaus-Jürgen Hedrich,SPD,Werner Schuster,1991-10-10,2958," ist andererseits  nicht genügend Geld vorhanden.  Für mich war der prägendste Eindruck bei Diskussionen mit professionellen Entwicklungshelfern vor  Ort , daß diese meine Einschätzungen meistens teilen.  Ich frage mich, warum ich solche Kritik nicht auch in  den offiziellen Papieren wiederfinde.  ("
260980,Waren Sie ein  paar Jahre im Ausland?,SPD,Thomas Oppermann,CDU/CSU,Johannes Singhammer,2012-10-25,116403,"nhebungen!) Dieses historisch Einmalige, das hat diese Koalition geschafft, weil wir die richtigen Rahmenbedingungen gesetzt und eisenharte Sparmaßnahmen verfügt haben. (Beifall bei Abgeordneten der CDU/CSU und  der FDP – Lachen der Abg. Elke Ferner  [SPD]) Das war nicht planlos, sondern planvoll. ("
443861,Die werden aber nicht benutzt!,AfD,Dr. Michael Kaufmann,FDP,Dr. Stephan Seiter,2023-11-09,197851,"h begrenzen kann. Und dann ist es umso wichtiger, Kenntnisse darüber zu haben, was solche Forschungsprozesse ergeben können. Um das zu wissen, muss ich selbst Forschung betreiben. (Stephan Albani [CDU/CSU]: Sehr richtig!) Das bedeutet: Wir brauchen entsprechende Sicherheitslabore, und die sind da. ("
26630,Sehr gut!,CDU/CSU,Hansjürgen Doss,CDU/CSU,Friedhelm Ost,1993-12-01,16218,". Ich selber  würde dafür plädieren — wir sollten das ernsthaft  diskutieren —, ob nicht in großen asiatischen Zentren  Deutsche Häuser errichtet werden und dort vor allem  eine Etage eingerichtet wird für mittlere und kleinere  Unternehmen, die dort Service brauchen, die dort  Beratung brauchen.  ("
33560,Richtig!,CDU/CSU,Dr. Norbert Blüm,SPD,Anke Fuchs,1994-11-24,21175,"ht  bemüht,  (Dr. Norbert Blüm [CDU/CSU]: Nein!)  sie liege nur auf dem Tisch. Sie muß verabschiedet  werden, damit wir endlich weiterkommen.  Ich will noch einmal allen, die es nicht wissen,  sagen: Es kann doch nicht sein, daß bei uns Menschen  zu ausbeuterischen Bedingungen beschäftigt werden.  ("
209266,"Hört, hört!",FDP,Dr. Heinrich L. Kolb,FDP,Dr. Claudia Winterstein,2010-01-21,96532,"tanz!) Der Haushalt 2010 entsteht also unter sehr schwierigen Bedingungen. Trotzdem gibt es für das Jahr 2010 die  positive Nachricht, dass der Einzelplan mit einem deutlich geringeren Ansatz, nämlich 6,3 Milliarden Euro weniger, auskommt, als noch unter Finanzminister Steinbrück für 2010 geplant. ("
347233,Das haben sie auch in diesem Fall!,SPD,De Ridder,AfD,Petr Bystron,2019-03-21,156902,"rung. (Zurufe von der AfD: Pfui!) Billy zu befreien, war nie eine Frage des Könnens, sondern eine Frage des Wollens. (Beifall bei der AfD) Die Beamten des Auswärtigen Amtes, die vielen Tausend Mitarbeiter, haben Hunderte, Tausende Male gezeigt, dass sie deutsche Bürger befreien können. (Dr. Daniela "
34776,Hört! Hört!,GRÜNE,Margareta Wolf-Mayer,SPD,Ingrid Matthäus-Maier,1995-02-09,22090,"ndsfeindlich, und das ist auch sozial ungerechtfertigt,  meine Damen und Herren.  (Beifall bei der SPD und dem GRÜNE)  Ihr Vorschlag ist von den Steuerexperten in der  Luft zerrissen worden. Jetzt haben Sie das Ganze auf  die Zeit nach der Hessenwahl verschoben. Das stand  gestern in der Zeitung.  ("
150154,Wer hat denn die Kohlesubventionen verlängert? Das waren doch Sie!,FDP,Dr. Andreas Pinkwart,SPD,Walter Schöler,2005-01-20,70048," verhalten, läge das Defizit in 2005 wahrscheinlich deutlich unter 3 Prozent; denn dies wirkt über mehrere Jahre. Das trifft den Bund, die Länder und die Gemeinden gleichermaßen. Hätten Sie mit Ihrer Klientelpolitik nicht immer Nein gesagt, stünden wir heute sicherlich ein ganzes Stück besser da.  ("
351921,Richtig!,DIE LINKE,Dr. Diether Dehm,DIE LINKE,Alexander Ulrich,2019-06-06,159109," (Beifall bei der LINKEN sowie bei Abgeordneten der AfD und des GRÜNE) Herr Pfeiffer, auch Sie haben sich hier jetzt für Nord Stream 2 ausgesprochen. Sagen Sie doch mal etwas zu dem, was in Amerika passiert! Wenn Trump erfolgreich ist, brauchen wir uns nicht mehr über Eigenständigkeit unterhalten. ("
191455,Albernheit! Das ist oberflächlich! Befriedigung des eigenen Gewissens!,FDP,Detlef Parr,GRÜNE,Winfried Hermann,2008-06-05,88052," nicht weiter! Das dient nur der Befriedigung des eigenen Egos!) – Der Kollege Parr nennt das Symbolpolitik. Für mich ist die Frage, ob es möglich ist, sich bei den Olympischen Spielen zu den Menschenrechten zu bekennen, und zwar nicht propagandistisch, sondern aus persönlicher Überzeugung heraus. ("
106382,"Das ist das Flachste, was ich je in diesem Hause gehört habe!",SPD,Klaus Brandner,CDU/CSU,Dagmar Wöhrl,2002-02-28,56500,"stand doch nur als Zielgruppe bei Wahlen interessant. Schröder ist in der Neuen Mitte nie angekommen. Politik der Mitte heißt, die wirtschaftliche Leistungskraft unseres Landes zu stärken und zu fördern. Sie aber haben uns zum Schlusslicht gemacht.  (Susanne Kastner [SPD]: Das ist ja schrecklich! – "
256796,Hören Sie mir doch mit  Honecker auf!,DIE LINKE,Harald Weinberg,SPD,Klaus Barthel,2012-06-15,114707," dazu neigen, den Wettbewerb als Grundlage der Marktwirtschaft aus sich heraus selbst abzuschaffen. (Beifall bei Abgeordneten der SPD) Das war die Erfahrung aus Kaiserreich und Weimarer  Republik. (Burkhardt Müller-Sönksen [FDP]: Herr  Honecker hat das besser gemacht! – Widerspruch bei der LINKEN – "
216337,"Das ist Geschichtsfälschung! Aufpassen, Herr Kollege!",GRÜNE,Jürgen Trittin,CDU/CSU,Volker Kauder,2010-05-05,98602," eine ganze Woche gebraucht, um die Griechen davon zu überzeugen, dass es auch in ihrem Interesse ist, wenn sie endlich die Kurve kriegen (Jürgen Trittin [GRÜNE]: Das war doch schon im März klar, Herr Kauder! – Zurufe von der SPD: Oh! Oh! – Na, na!) und einsehen, dass Sparmaßnahmen notwendig sind. ("
15562,Rich,CDU/CSU,Dr. Karl-Heinz Hornhues,CDU/CSU,Hans-Gerd Strube,1992-11-24,9229," zeigt: Wir haben die Weichen zur sozialen  Einheit in Deutschland richtig gestellt.  (Beifall bei der CDU/CSU)  Es war mir wichtig, zu verdeutlichen, daß die Renten  in West und Ost sicher sind. Ich wollte alle jene  bloßstellen, die es nicht lassen können, ihr Geschäft  mit der Angst zu machen.  ("
112521,Auch eine inhaltliche Begründung wäre gut!,FDP,Dr. Irmgard Schwaetzer,SPD,Silvia Schmidt,2002-06-28,58473,"gen an Unternehmen ist als eine Anlageform für breite Bevölkerungsgruppen nur bedingt geeignet, insbesondere nicht für Zwecke der Altersversorgung. Er sagte weiter: Es ist daher sinnvoll, dass die Mitarbeiterbeteiligung nicht in die Förderung nach dem Altersvermögensgesetz aufgenommen worden ist.  ("
254080,Nehmen  Sie die Realität doch mal wahr!,CDU/CSU,Tankred Schipanski,SPD,Swen Schulz,2012-04-26,113396,"[CDU/CSU]: Nicht Standard! Die richtige Argumentation, Herr Schulz!) Sie lautet in etwa: Wir haben doch gar kein Problem, immer mit der Ruhe, wir haben alles im Griff. (Tankred Schipanski [CDU/CSU]: Das ist  doch auch so!) Mit Verlaub, liebe Kolleginnen und Kollegen: Sie haben gar nichts im Griff. ("
6925,So wie früher mit  der Mauer!,CDU/CSU,<unknown>,DIE LINKE,Petra Bläss,1991-11-28,4133,"l für eine soziale Grundsicherung  ein. Mit der Forderung nach sozialer Grundsicherung,  die neben dem System der sozialen Sicherung neue  Wege zur Gestaltung individueller Lebensperspektiven eröffnet, wollen wir erreichen, daß die Sozialpolitik ihrer Schutz- und Gestaltungsfunktion gerecht  wird.  "
138209,Sie müssen mehr als nur die Zusammenfassung von Gutachten lesen!,SPD,Ulrich Kelber,CDU/CSU,Dr. Joachim Pfeiffer,2004-04-02,66224,"agen Ihnen für das Jahr 2010 voraus, dass der Beschäftigungseffekt negativ sein wird, und zwar um 6 000 Arbeitsplätze. Im Jahr 2012 wird es bereits einen negativen Beschäftigungseffekt von 20 000 Arbeitsplätzen geben. Das sagen Ihnen Ihre Gutachter voraus, wenn Sie Ihre Politik so weiterbetreiben. ("
196404,So ist es!,FDP,Cornelia Pieper,FDP,Uwe Barth,2008-11-25,90427,"INKE]) Meine Damen und Herren, die Bildungsrepublik Deutschland ist auch unser Ziel. Das ist ganz klar. Mit diesem Haushalt verpasst die schwarz-rote Koalition leider eine weitere und, wie ich hoffe, die letzte Chance, dafür nicht nur ein Zeichen zu setzen, sondern endlich auch Fakten zu schaffen. ("
266670,Hoffentlich nicht!,DIE LINKE,Wolfgang Gehrcke,SPD,Rainer Arnold,2013-01-30,118756,"ch die Kurve bekommen; das war notwendig. Es handelt sich eben um keine  einfachen Debatten. Deshalb schweigt die Kanzlerin  meistens bei solchen Themen. Die Linken versuchen wieder einmal, Dinge in einen  Topf zu werfen, die nicht miteinander zu vergleichen  sind. Mali wird nicht wie Afghanistan. ("
20437,So etwas ma,SPD,Gerlinde Hämmerle,SPD,Dr. Cornelie Sonntag-Wolgast,1993-04-29,12356,"einbürgern zu lassen. Aber allen denjenigen,  die den Wunsch haben, wollen wir nicht länger mit  antiquierten Paragraphen und bürokratischen Hindernissen diesen Weg versperren oder erschweren.  Wir verlangen auch nichts Revolutionäres, nichts,  was unser Staatsgefüge durcheinanderwirbein  könnte,  ("
456682,"16 Bundesländer fordern die rechtssichere Einführung, Frau Kollegin! Sorgen Sie dafür!",CDU/CSU,Stephan Stracke,SPD,Rasha Nasr,2024-03-21,201602,"DU/CSU]: Den Eindruck machen Sie nicht!) Ihre rechthaberische Art und Weise führt nicht dazu, dass mehr Menschen zu uns kommen und Lust haben, mitzuarbeiten. (Katja Mast [SPD], an den Abg. Thorsten Frei [CDU/CSU] gewandt: Thorsten, mach doch eine Zwischenfrage!) Erkennen Sie doch bitte endlich an, ("
13517,Mei,CDU/CSU,Franz Altherr,DIE LINKE,Dr. Ursula Fischer,1992-09-11,7749,"habe auch Hoffnung. Ich habe besondere  Hoffnung in die jüngere Ärztegeneration. Die jungen  Ärzte verfluchen insgeheim den sogenannten Sicherstellungsauftrag, von dem ihre Vorgänger so lange  und auch sehr gut gelebt haben, der ihnen aber nur  bürokratische Schikanen und Frust bringt.  (Dr. Walter "
284403,Machen Sie mit?,CDU/CSU,Volker Kauder,DIE LINKE,Dr. Gregor Gysi,2014-09-10,127203,"e selbst.  (Beifall bei der LINKEN – Volker Kauder [CDU/CSU]: Das war schon ein blöder Anfang!)  Lassen Sie mich zunächst etwas zur Außenpolitik sagen. Außenminister Kerry hat nun voll Stolz erklärt, dass es eine Koalition der Willigen gegen ISIS unter Einschluss der Türkei und Deutschlands gibt.  ("
217929,Aber deine Rede ist nicht mal Kreisklasse!,GRÜNE,Jürgen Trittin,DIE LINKE,Dr. Gregor Gysi,2010-05-21,99156,": Immer, wenn du nicht durchblickst, sind andere schuld!) – ich bin gleich fertig mit der Antwort –, dass es bei der Zulassung von Hedgefonds und Leerverkäufen nur um die Frage ging, ob wir Kreisklasse bleiben oder Weltklasse werden. Nun sind wir in einer Weltklassekrise.  (Beifall bei der LINKEN – "
48319,Das hätten Sie früher sagen sollen!,FDP,Ulrich Heinrich,SPD,Dr. Liesel Hartenstein,1996-10-17,31783,"ollen, nicht im Augenblick; aber ich liefere  das gern nach.  (Steffen Kampeter [CDU/CSU]: Darüber  würde ich mich sehr freuen!)  - Oh ja. Wir haben Gelegenheit dazu, ich hoffe das.  Meine Damen und Herren, das Kreislaufwirtschaftsgesetz enthält zweifellos gute Ansätze. Das  bestreiten wir nicht.  ("
25414,Das ist doch  richtig! Was ist denn daran falsch?,CDU/CSU,Ulrich Schmalz,DIE LINKE,Dr. Ursula Fischer,1993-10-29,15514,"rte offenbaren eher Ihren Zynismus der heutigen Po litik auf  diesem Gebiet.  Der Entwicklungsminister erklärte in der gleichen  Rede — ich zitiere —:  Entwicklungspolitik allein vermag jedoch wenig,  wenn sie nicht eng mit der Außen-, der Wirtschafts- und der Sicherheitspolitik verflochten  ist.  ("
355192,So ist es!,AfD,Armin-Paulus Hampel,AfD,Martin Sichert,2019-09-26,160506,"Herr Präsident! Meine Damen und Herren! Die Praxis beweist, dass Sie von der Linken keine Ausbildungsförderung kennen. ("
37184,Vielen Dank für  das Kompliment!,FDP,Horst Friedrich,SPD,Jutta Müller,1995-05-18,23792,"w-Umleitungen und Geschwindigkeitsabsenkungen können Lärmminderungen erzielt werden, denn zwischen Geschwindigkeit  und Lärm besteht ein direkter Zusammenhang.  (Zuruf des Abg. Horst Friedrich [FDP])  - Ich gehe davon aus, Herr F riedrich, daß Sie sich immer daran halten. So wie Sie aussehen, ja.  ("
38428,Aha!,SPD,Ingrid Matthäus-Maier,CDU/CSU,Hans-Peter Repnik,1995-09-05,24690,Nein. Die erste  Frage bestätige ich.  (
389125,Hat das Weite gesucht!,AfD,Siegbert Droese,CDU/CSU,Nadine Schön,2021-06-11,178408,"it in den letzten vier Jahren, meistens in Ihrem Amt als Justizministerin, wo wir ja auch Überschneidungen hatten, und in den letzten Wochen auch als Familienministerin. Nehmen Sie die Grüße gerne auch an Franziska Giffey mit, von der wir uns im Hohen Haus leider nicht mehr verabschieden konnten.  ("
42854,Bei welchem Tagesord,SPD,Horst Sielaff,CDU/CSU,Egon Susset,1996-02-01,27588,"!)  Wir haben Antworten der Bundesregierung auf  Fragen der SPD diskutiert. Das Ergebnis der einstündigen Aussprache war, daß seitens der SPD vom Kollegen Thalheim und vom Kollegen Hemker wieder nur Fragen gestellt wurden. Wir sind also wieder da,  wo wir waren, als ihr eure Fragen gestellt habt.  ("
395309,Unfassbar!,CDU/CSU,Friedrich Merz,SPD,Olaf Scholz,2022-04-06,181681,"n Herausforderungen stehen angesichts des Krieges Russlands gegen die Ukraine, angesichts der großen Verwerfungen, die wir auf den Weltenergiemärkten sehen, und angesichts vieler anderer Herausforderungen, die wir heute ja schon sorgfältig besprochen haben. (Alexander Dobrindt [CDU/CSU]: Na dann! – "
33577,Und das sagen Sie! Das ist doch  unverschämt!,CDU/CSU,Siegfried Hornung,SPD,Dr. Gerald Thalheim,1994-11-24,21198,"Herr Präsident! Meine  sehr geehrten Damen und Herren! Herr Bundesminister Borchert, die Erwiderung auf Ihre Rede fällt  relativ leicht. Man muß dieser Rede der Ankündigungen und Versprechungen nur die Wirklichkeit entgegenhalten.  (Beifall bei der SPD — "
11295,Fragen Sie Herrn  Blüm!,SPD,Rudolf Dreßler,CDU/CSU,Wolfgang Zöller,1992-06-03,6697," und Herren! Wenn wir über  Kostenentwicklung im Gesundheitswesen reden,  können wir nicht so tun, als hätte es den 2. Juni 1992  mit den Problemlösungen nicht gegeben.  Ich glaube, wir sollten uns alle einmal die Frage  stellen: Was wäre eigentlich passiert, wenn nicht so  gehandelt worden wäre?  ("
271858,Gucken Sie doch mal ins Gesundheitsministerium! Das ist sensationell!,SPD,Elke Ferner,FDP,Johannes Vogel,2013-04-25,120945,"erner [SPD]: Soll ich Ihnen mal vorrechnen, was Ihre Partei im Saarland, als Sie  an die Regierung gekommen sind, an neuen  Stellen geschaffen hat?) Anstatt zu sparen und den Staat effizienter zu machen,  geben Sie Geld aus, das Sie sich zulasten der jungen Generation gepumpt haben, Herr Minister. ("
226661,Was wollen Sie  denn?,CDU/CSU,Michael Brand,SPD,Michael Groschek,2010-11-24,102439,"n bei der erstmals alleinigen Verlängerung der Operation Active Endeavour eben nicht auf eine präzise originale Begründung dieses Anliegens Bezug genommen, sondern Sie haben weitestgehend aus der in der Vergangenheit gemeinsamen Mandatierung von Active Endeavour und Enduring Freedom abgeschrieben. ("
423236,Fordern Sie das auch für den Bund?,FDP,Christian Dürr,CDU/CSU,Alexander Hoffmann,2023-03-17,191096,"ie sollten alle mal die bayerische Verfassung lesen. – Aber der Grund Nummer zwei ist der entscheidende. Den scheinen Sie vielleicht nicht hören zu wollen. Aber in Bayern werden Erst- und Zweitstimme bei der Auszählung zusammengezählt, (Konstantin Kuhle [FDP]: Was ändert das denn? Was ändert das? – "
165919,Der bayerische Finanzminister hat seine Ausbildung im Bundestag bekommen!,CDU/CSU,Steffen Kampeter,CDU/CSU,Georg Fahrenschon,2006-06-20,75825,"Bayern.  (Steffen Kampeter [CDU/CSU]: Welche Überraschung!) Das zeigt, dass wir die Möglichkeiten haben, diesen Weg zu gehen. Er ist nicht einfach und steinig; aber er ist machbar. Ich glaube, wir sind gut beraten, wenn wir uns an diesem leuchtenden Beispiel orientieren.  (Beifall bei der CDU/CSU – "
218539,"Die Linke hat das auch immer betont, Herr Silberhorn!",GRÜNE,Manuel Sarrazin,CDU/CSU,Thomas Silberhorn,2010-06-10,99433,"ssermaßen eingepreist worden ist. Dass Deutsch im Europäischen Auswärtigen Dienst eine wichtige Bedeutung hat, ist der CSU immer ein besonderes Anliegen gewesen. Es freut mich, dass ich dies aufgrund der Einlassungen meiner Kollegen aus der CDU und der FDP nicht mehr besonders apostrophieren muss. ("
262243,"Ich habe  auch Sympathie für Sie, Frau Mast!",CDU/CSU,Dr. Matthias Zimmer,SPD,Katja Mast,2012-11-09,117090,"Frau Präsidentin! Meine sehr verehrten Kolleginnen  und Kollegen! Herr Kollege Zimmer, ich glaube Ihnen  sogar, dass Sie Sympathie für die Anträge haben und  auch für deren Finanzierung nach dem Grundsatz „Arbeit statt Arbeitslosigkeit finanzieren“. ("
397102,Sehr großzügig!,CDU/CSU,Jens Spahn,FDP,Michael Kruse,2022-05-12,182643,"s abgeschlossen haben, im Bereich der Gasspeicher und im Bereich der Energiesicherheit gezeigt, dass wir konstruktive Hinweise aus der Opposition sehr wohl bereit sind nicht nur zur Kenntnis zu nehmen, sondern auch in unsere Gesetze einzuarbeiten. (Stephan Brandner [AfD]: Wie großzügig von Ihnen! – "
234709,"Er hat ja recht! Wo der Minister recht hat, hat er recht!",CDU/CSU,Peter Götz,GRÜNE,Bettina Herlitzius,2011-04-07,105534,"utzen. Frischluftschneisen sowie innerstädtische Grünflächen als Ausgleichs- und Entlastungsflächen werden immer wichtiger. Haben Sie eine Idee, wer dies gesagt hat? Unser Bauminister Ramsauer hat das Anfang dieses Jahres bei der Vorstellung einer Studie gesagt. (Patrick Döring [FDP]: Guter Mann! – "
326759,Owei!,GRÜNE,Katja Dörner,SPD,Dr. Manja Schüle,2018-03-01,147583,"ten und einer grünen Wissenschaftsministerin. (Beifall bei der SPD) Ganz ehrlich: Ich freue mich auf die Debatte, die wir gemeinsam führen werden. Ich glaube, aus Ihrem Antrag und aus Ihrer Rede, lieber Kollege, sprechen Phantomschmerzen: Phantomschmerzen über eine gescheiterte Jamaika-Sondierung, ("
449007,Not und Elend!,AfD,Bernd Schattner,SPD,Dr. Ralf Stegner,2023-12-14,199252,"ll bei Abgeordneten der SPD) Zum Schluss – so kurz vor Weihnachten –, dachte ich, erfreue ich Sie mit einem Zitat von Konrad Adenauer, weil es besonders gut passt. Wenn man Jürgen Trittin mit Jens Spahn vergleicht (Stephan Brandner [AfD]: Um Gottes willen!) oder gestern den Kanzler mit Herrn Merz, ("
161449,Hört! Hört! ,SPD,<unknown>,GRÜNE,Ulrike Höfken,2006-02-16,73946,"ist richtig, dass die Länder und der Bund 2005 entschieden haben, ein mobiles Bekämpfungszentrum einzurichten. Ich sage hier an dieser Stelle – auch das gehört zur Wahrheit –, dass damals Ihr Haus und die nordrhein-westfälische Landesregierung erhebliche Probleme bei der Finanzierung gemacht haben. "
7505,"5 000, Frau Kollegin!",CDU/CSU,<unknown>,DIE LINKE,Petra Bläss,1991-12-05,4415,"wird das  Schicksal ganzer Industriestandorte in Frage gestellt.  Die Stahlbranche ist dafür das aktuellste Beispiel.  Allein im Land Brandenburg stehen 8 000 Arbeitsplätze auf dem Spiel, wenn die Treuhand ihre Privatisierungsabsichten auf Kosten der Interessen der  Stahlarbeiter durchsetzen kann.  "
218116,Sich beschimpfen zum Beispiel!,GRÜNE,Renate Künast,CDU/CSU,Dr. Wolfgang Schäuble,2010-06-09,99232,"investiven Ausgaben im Bundeshaushalt in einem gegenüber früheren Sparaktionen ganz ungewohnten Maße geschont haben. Außerdem haben wir Fragen der sozialen Symmetrie und Ausgewogenheit diskutiert. Was hätten wir auch zwei Tage lang machen sollen, als uns ernsthaft mit allen Fragen zu beschäftigen? ("
301846,Kommt noch!,CDU/CSU,Maria Michalk,GRÜNE,Maria Klein-Schmeink,2015-12-03,135582,"tz gerade bei der Einbeziehung von externen Dienstleistern. Das hat Ihnen die Datenschutzbeauftragte ins Gebetbuch geschrieben. Warum haben Sie das nicht umgesetzt? Warum haben Sie nur die Hausärzte in den Beirat der Gematik aufgenommen, aber nicht die Vertreter der Pflege? Das verstehe ich nicht. ("
162746,Das ist nicht unentschlossen?,FDP,Dirk Niebel,GRÜNE,Brigitte Pothmer,2006-03-16,74487,terstück der Unentschlossenheit und Halbherzigkeit. (Dirk Niebel [FDP]: Warum lehnen Sie dann  nicht ab und enthalten sich lieber?) Dafür können Sie nicht allen Ernstes eine Unterstützung von uns Grünen erwarten. Mehr als eine Enthaltung ist leider nicht drin. Ich danke Ihnen. (Beifall beim GRÜNE – 
141291,Ein Glück!,CDU/CSU,<unknown>,CDU/CSU,Gerda Hasselfeldt,2004-07-02,67518,"st uns ebenfalls gelungen, zu erreichen, dass die Vorschriften, die die deutschen Landwirte einzuhalten haben, nicht schärfer sind als die in anderen EU- Ländern gültigen Regelungen. Des Weiteren ist es uns gelungen, das von Ihnen geforderte Einvernehmen mit dem Bundesumweltminister zu verhindern.  "
365237,"So ein Schwachsinn! Das glauben Sie doch selbst nicht, was Sie da sagen!",SPD,Ulli Nissen,AfD,Nicole Höchst,2020-01-30,164452,"jekt wieder zurückgenommen; andere blieben hingegen bestehen. So fördert die Regierung sehr deutlich nicht grundsätzlich das Wohl der freiheitlich-demokratischen Gesellschaft, sondern die Durchsetzung ihres totalitär-toleranten familien- und gesellschaftszerstörenden Weltbildes in allen Bereichen. ("
43097,Warum hat Ihnen  das denn geschadet?,CDU/CSU,<unknown>,SPD,Rudolf Scharping,1996-02-08,27756,"st [CDU/CSU]: Das ist aber  schon lange her!)  Ich habe es immer getan in Fragen, die mit der Wettbewerbsfähigkeit zu tun haben. Ich will jetzt die  Geschichte der Postreform überhaupt nicht nachzeichnen. Ich habe immer dafür geworben, daß das  auch in Fragen der rechtsstaatlichen Sicherheit gilt.  "
320383,Dafür brauchen wir Urenco?,GRÜNE,Sylvia Kotting-Uhl,CDU/CSU,Dr. Anja Weisgerber,2017-04-28,144190,"Darum geht es also!) die aus meiner Sicht vor allem für die Frage des sicheren Rückbaus, der auch uns sehr wichtig ist – ich komme aus einer Region, in der es ein Kernkraftwerk gibt –, (Beifall bei der CDU/CSU – Sylvia Kotting-Uhl [GRÜNE]: Das ist ja das tollste Argument!) von hoher Bedeutung ist. ("
281191,"Warum sagt er dann, das Volumen bleibe gleich?",GRÜNE,Oliver Krischer,SPD,Dirk Becker,2014-05-08,125740,nt hast!)  Ich will Folgendes feststellen: Die Möglichkeiten zur Ausnahme von der EEG-Umlage werden durch diese EEG-Novelle teils drastisch eingeschränkt. Der Minister hat das eben umfassend dargestellt; Sie haben es aber nicht verstanden. Daher will ich einige Punkte noch einmal deutlich machen:  (
166731,Da bist du  Spezialist!,FDP,Hans-Michael Goldmann,CDU/CSU,Georg Schirmbeck,2006-06-22,76049,"Frau Präsidentin! Meine sehr geehrten Damen und Herren! Herr Kollege Goldmann, wenn man dem anderen vorwirft, er sei nicht Handwerker, sondern Mundwerker, dann verfällt man schnell in einen Slang, in dem man – wie Sie es gemacht haben – etwas vom Bären erzählt. ("
249364,Was? Der Rechtsstaat ist  irrelevant? Interessant!,FDP,Otto Fricke,GRÜNE,Dr. Wolfgang Strengmann-Kuhn,2012-01-26,111510,"ristisch haltbar. – Wenn Sie anderer Meinung sind: Machen Sie es besser! Aber machen Sie irgendetwas! (Beifall beim GRÜNE,  bei der SPD und der LINKEN) Der Musterbrief von Herrn Schiewerling und Peter Weiß strotzt nur so vor juristischen Feinheiten, die für die Betroffenen völlig irrrelevant sind. ("
266276,Unser  Tag ist gut!,CDU/CSU,Michael Grosse-Brömer,SPD,Lothar Binding,2013-01-17,118522,"ch,  die er uns mit Blick auf die Steuerprogression der vergangenen Jahre gegeben hat. Das war schon immer, vorauseilend unter Rot-Grün, sehr gut geregelt. Ich möchte noch auf einen kleinen Widerspruch hinweisen, der vielleicht ein bisschen andeutet, warum Ihr  Tag heute so schlecht verlaufen ist. ("
431063,Das ist falsch!,GRÜNE,Katharina Beck,CDU/CSU,Johannes Steiniger,2023-06-15,193791,"ch noch etwas sagen –, und dass das jetzt so einfach weggewischt wird, kann ich an der Stelle nicht verstehen. Insgesamt gibt es bei dieser Diskussion zwei Ansätze. Die einen sagen: Klimaschutz durch Verbote, durch Gängelung und durch die Verunsicherung der Bevölkerung. Das ist der Weg der Grünen, ("
133654,"Sorgfalt kommt vor Einfalt, Frau Kollegin!",SPD,Hubertus Heil,CDU/CSU,Dr. Martina Krogmann,2004-01-15,64535,"Glücklicherweise ist unsere Wirtschaft schneller als Sie. Wenn unsere Telekommunikationsunternehmen in dem gleichen Tempo wie diese Bundesregierung arbeiten würden, dann würden wir heute in Deutschland wahrscheinlich immer noch per Rauchzeichen kommunizieren.  (Beifall bei der CDU/CSU und der FDP – "
253012,Das hängt nur mit dem Zustand der FDP zusammen! Das war heute bei Herrn Wissing zu besichtigen!,SPD,Joachim Poß,SPD,Ingrid Arndt-Brauer,2012-03-29,112998,"ifall bei der SPD) Weil das schon für die Jahre 2013 und 2014 gilt, könnte man vermuten, dass das irgendwie mit den Wahlen zusammenhängt. Die Vermutung steht im Raum: Nach 2014 wird es dies nicht mehr geben, weil dann andere regieren, die dieses Gesetz wieder aufheben werden. (Beifall bei der SPD – "
228316,Die hätten eine Sperrzeit gekriegt!,GRÜNE,Markus Kurth,FDP,Pascal Kober,2010-12-16,103047,"ergeht. Die von Ihnen angesprochenen Apostel (Brigitte Pothmer [GRÜNE]: Zwölf!) – zwölf – haben allesamt ihr angestammtes Arbeitsverhältnis verlassen und sind Jesus nachgefolgt, ohne Kün-digungsschutz, ohne Mindestlohn, ohne Arbeitszeitregelung. (Heiterkeit und Beifall bei der FDP und der CDU/CSU – "
447507,"Nein! Da gibt es doch Möglichkeiten, das zu lösen!",GRÜNE,Bruno Hönel,CDU/CSU,von Stetten,2023-11-30,198816,. Durch die Streichung aller Vergünstigungen müsste sie bei einem Unternehmenswert von 100 Millionen Euro Verkehrswert und 5 Millionen Euro Buchwert – der Unterschied ist wichtig – 30 Millionen Euro Erbschaftsteuer zahlen. Das kann sie nicht. Deswegen müsste sie Teile ihres Unternehmens verkaufen. (
372128,Ja! Für mich!,SPD,Gabriele Hiller-Ohm,AfD,Ulrike Schielke-Ziesing,2020-07-02,168240,"tgeltpunktewert mit dem Faktor 0,875 und anschließend mit der Anzahl der Kalendermonate mit Grundrentenbewertungszeiten, höchstens jedoch mit 420 Kalendermonaten, vervielfältigt. (Beifall bei der AfD – Gabriele Hiller-Ohm [SPD]: Das ist doch super!) Ist das noch für irgendjemanden nachvollziehbar? ("
202769,Sehr gut!,FDP,Carl-Ludwig Thiele,CDU/CSU,von Stetten,2009-05-06,93546,"und in dem die Unternehmer so eng mit ihren Mitarbeitern zusammenarbeiten und so engagiert sind. Herr Thiele, ich kann mir übrigens sehr gut vorstellen, dass die beiden Schwesterparteien CDU und CSU in ihr gemeinsames Wahlprogramm 2009 das Ziel einer Regionalisierung der Erbschaftsteuer aufnehmen. ("
354468,Ach Gott!,SPD,Dr. Matthias Bartke,DIE LINKE,Katja Kipping,2019-09-13,160121,"ich ist. Solange wir hier nicht Mehrheiten und Mut haben, Konzerne und Millionenvermögen ordentlich zu Kasse zu bitten, wird das Geld für den nötigen Kampf gegen die Armut fehlen. Solange wir diese Union in der Regierung haben, wird das, was notwendig ist, nicht passieren. (Beifall bei der LINKEN – "
399837,Hört! Hört!,GRÜNE,Filiz Polat,CDU/CSU,Jens Spahn,2022-06-02,183659,"timmten Stellen richtigerweise so viel Pragmatismus möglich ist und an anderen Stellen dann wieder die Ideologie überwiegt. Wir alle müssen in Zeiten wie diesen – – (Filiz Polat [GRÜNE]: Bei Ihnen überwiegt Ideologie!) – Nein. Wir sind doch auch bereit und reichen Ihnen an vielen Stellen die Hand, ("
452344,"Ja, das sehen wir! Das sehen wir, was sich da geändert hat! Mein lieber Mann!",CDU/CSU,Friedrich Merz,FDP,Christian Dürr,2024-01-31,200155,"endig. Herr Merz, es war ein Fehler, dass das Bildungsministerium in Deutschland jahrelang von durchsetzungsschwachen Bundesministerinnen Ihrer Partei besetzt worden ist. Das hat sich jetzt geändert, liebe Kolleginnen und Kollegen. (Beifall bei der FDP sowie bei Abgeordneten der SPD und des GRÜNE – "
243360,Jetzt  kommt wieder diese Platte!,CDU/CSU,Hans Michelbach,DIE LINKE,Dr. Barbara Höll,2011-10-26,109220,n. (Beifall bei der LINKEN) Trotzdem ist die kalte Progression nicht das Hauptproblem. Wir haben – die Menschen haben das in den vergangenen zehn Jahren gespürt – Reallohnverluste von 4 Prozent. Demgegenüber haben sich die Unternehmens-gewinne und die Einkommen aus Vermögen verdreifacht. (Dr. h. c. 
261426,So ein Quatsch!,FDP,Joachim Spatz,DIE LINKE,Christine Buchholz,2012-10-25,116510,"Daran  ändert auch die Not- und Übergangshilfe nichts. Sie hatten versprochen, wenn der Norden das Ergebnis des  Referendums und die Unabhängigkeit des Südens respektiert, werde die Bundesregierung die Entwicklungszusammenarbeit mit dem Norden neu beginnen. Dieses  Versprechen haben Sie gebrochen. ("
390502,Die 20,AfD,Norbert Kleinwächter,GRÜNE,Katrin Göring-Eckardt,2021-11-11,179258,"rum es geht, dann sage ich: Wir sind solche rechtssicheren wirksamen Maßnahmen schuldig, gerade denjenigen, die in den Krankenhäusern arbeiten, in den Pflegeheimen, in den Schulen lernen. Die Inzidenz bei denen, die nicht geimpft sind, ist ungefähr 20-mal höher ist als bei denen, die geimpft sind. ("
438042,Machen Sie das doch einfach! Sie regieren doch!,AfD,Stephan Brandner,GRÜNE,Dr. Julia Verlinden,2023-09-21,195751," Bahn, mit der die Menschen gerne fahren, mit der sie zufrieden sind, auf die die Menschen stolz sein können; eine Bahn, die verlässlich und komfortabel ist und das Rückgrat von moderner und klimafreundlicher Mobilität in Deutschland. (Beifall beim GRÜNE sowie bei Abgeordneten der SPD und der FDP – "
30419,Wir müssen die  Aufgabe privatisieren! Vielleicht hilft das!,FDP,Dr. Walter Hitschler,SPD,Wieland Sorge,1994-04-28,19177,"en auch keine Lösung. Wenn sie aber die  Unternehmen beeinflussen, indem sie sagen: Na gut,  wir treffen jetzt die Entscheidung, daß ihr nicht alleine  baut, gehen die Unternehmen weg. Damit verlieren  wir Arbeitsplätze. In der Situation, diese Entscheidung zu treffen, stehen heute die Gemeinden.  ("
272956,Das machen wir doch heute! Deshalb haben wir eine Regierungserklärung zur Neuausrichtung der Bundeswehr!,CDU/CSU,Dr. Reinhard Brandl,GRÜNE,Omid Nouripour,2013-05-16,121369,"i 2013 in der Westdeutschen Allgemeinen Zeitung gefunden. Das mutet nach einem Minister an, der zwar immer eine Debatte fordert, aber der einfach nicht bereit ist, vor Wählerinnen und Wählern Rechenschaft abzulegen. Wenn man sich die Bilanz anschaut, dann weiß man auch, warum. (Beifall beim GRÜNE – "
211099,"Das geht hier schon um  dicke Scheine, nicht um kleine Münze!",SPD,Joachim Poß,FDP,Dr. Stefan Ruppert,2010-02-10,97027,"eipolitischen  Vorteils einseitig vor. Das ist eine sehr kleine parteipolitische Münze, die Sie hier ausspielen. (Beifall bei der FDP sowie bei Abgeordneten  der CDU/CSU – Josef Philip Winkler [GRÜNE]: Sie müssen nur mitmachen!) Ein genauerer Blick auf die deutsche Parteienfinanzierung lohnt sich. ("
375887,Die Zahlen haben wir gerade gehört!,AfD,<unknown>,CDU/CSU,Dr. Mathias Middelberg,2020-10-08,170024,"tschen, aber auch der EU-Ausländer und auch der Flüchtlinge, die zu uns gekommen sind, die wir hier aufgenommen haben. Auch die wollen wir zunächst qualifizieren, in den Arbeitsmarkt bringen. Da gibt es beachtliche und gute Erfolge. Auch das muss man feststellen. (Beifall bei der CDU/CSU und der SPD"
62523,Jede Woche anders!,FDP,<unknown>,CDU/CSU,Dr. Wolfgang Schäuble,1998-06-25,40385,"Sie sich  freuen, daß Sie in der Gruppenveranstaltung dabei  sind. Herrn Thierse freut es weniger; deswegen ist er  auch nicht hier. Sie sollten aber einmal einen Moment über folgendes nachdenken: Herrn Schröder  sind alle Inhalte Wurst. Er vertritt zu jeder Frage jede  Position und das Gegenteil.  "
72412,Die Angst geht um!,CDU/CSU,<unknown>,CDU/CSU,Ursula Heinen,1999-10-27,44821," ausreden lassen. Die gesetzliche Rente baut auf Verläßlichkeit und auf Gerechtigkeit. Gerade einmal zwölf Monate hat Arbeitsminister Riester gebraucht, um das Vertrauen in dieses System zu zerstören, und gerade zwölf Monate hat es gedauert, um ältere und jüngere Menschen zutiefst zu verunsichern – "
21081,Sehr  richtig!,CDU/CSU,Franz Altherr,CDU/CSU,Klaus-Heiner Lehne,1993-05-26,12847,"ie Augen vor den  Realitäten weiterhin verschließen kann und Handeln  unbedingt erforderlich ist.  Aus diesem Grunde begrüße ich den hier vorgeschlagenen Asylkompromiß. Er gibt die Möglichkeit,  endlich wirksam zwischen politisch Verfolgten und  Wirtschaftsflüchtlingen zu unterscheiden  (Dr. Walter "
189130,Wo ist Ihre Frage?,SPD,Andrea Nahles,FDP,Dr. Heinrich L. Kolb,2008-04-10,86797,"r die beiden Jahre durchschnittlich 200 Euro. So etwas gibt es in den USA auch immer mal wieder. Dann hätten Sie konkret einen Finanzierungsbeitrag zu dem, was die Rentnerinnen und Rentner Tag für Tag in Deutschland ausgeben müssen, um ihren Unterhalt zu fristen. Das sind die beiden Alternativen.  ("
83314,Nichts verstanden haben!,CDU/CSU,Norbert Geis,CDU/CSU,Wolfgang Bosbach,2000-09-15,49058,"haupten Sie zur Rechtfertigung des Angriffs auf Ehe und Familie, dass diese Initiative wegen des Gleichheitsgebotes des Grundgesetzes aus Gründen der Gerechtigkeit dringend geboten sei. Diese Argumentation belegt, dass Sie von dem Gleichheitsgrundsatz der Verfassung eine falsche Vorstellung haben. ("
255119,Da wird der Wirtschaftsminister mit  gefrackt!,GRÜNE,Oliver Krischer,FDP,Klaus Breil,2012-05-10,113826,"ollegen! Eines vorab – ich sage das ganz bewusst auch als  Wirtschaftspolitiker –: Sollte irgendwo in Deutschland  eines Tages gefrackt werden, dann nur unter Beachtung  der höchsten Sicherheits- und Umweltstandards. (Frank Schwabe [SPD]: Ist da vom Wirtschaftsminister in Niedersachsen die Rede? –  "
210342,Das kann man so  nicht sagen! Das ist sehr differenziert!,FDP,Dr. Heinrich L. Kolb,GRÜNE,Markus Kurth,2010-01-29,96837,"neten des GRÜNE)denn nur ein Bruchteil der Arbeitslosengeld-II- Beziehenden erhält aufgrund zu großer Vermögen keine Leistungen. Die meisten Langzeitarbeitslosen haben doch in  ihrem Leben nie die Chance gehabt, ein Vermögen von  rund 50 000 Euro für die Altersvorsorge anzusparen und  festzulegen. ("
321136,Das stimmt ja gar nicht!,DIE LINKE,Dr. Petra Sitte,SPD,Heiko Maas,2017-05-19,144534,"st gibt, und zwar in der E-Commerce-Richtlinie und bei uns im Telemediengesetz. Wer sich jetzt darüber aufregt, der hätte sich auch in den letzten Jahren schon darüber aufregen müssen. Aber mit diesem Gesetzentwurf hat das gar nichts zu tun. (Beifall bei der SPD sowie bei Abgeordneten der CDU/CSU – "
397825,Sie haben die Aufklärung behindert!,FDP,Manuel Höferlin,CDU/CSU,Alexander Hoffmann,2022-05-13,182881,"g für das Attentat auf dem Breitscheidplatz. (Dr. Irene Mihalic [GRÜNE]: Das habe ich nicht gesagt! – Dr. Konstantin von Notz [GRÜNE]: Das hat niemand gesagt! – Friedrich Merz [CDU/CSU]: Genau so war es!) – Nein, relativieren Sie es nicht. (Dr. Konstantin von Notz [GRÜNE]: Das hat niemand gesagt! – "
263875,"Wir wissen auch, wann Sie verkauft haben!",GRÜNE,Dorothea Steiner,CDU/CSU,Dr. Georg Nüßlein,2012-11-29,117571,"iert zusammenfasst. Das ist bislang am Widerstand derjenigen gescheitert, die die Netze haben. (Oliver Krischer [GRÜNE]:  Die wurden doch verkauft in der Zeit!) Das steht klipp und klar in unserem Koalitionsvertrag.  Sie dürfen davon ausgehen, dass ich weiß, was in unserem Koalitionsvertrag steht. ("
180183,Sehr wahr! Sehr richtig!,CDU/CSU,Eduard Oswald,SPD,Petra Hinz,2007-07-06,82522,"ansparenz entstehen. Dies ist der erste Schritt in einem weiteren Prozess.  In der Tat, dies ist keine Reform;  (Dr. Volker Wissing [FDP]: Ja!) denn bürgerschaftliches Engagement lebt von den Menschen. Aus diesem Grunde muss man immer wieder auf veränderte gesellschaftliche Bedingungen reagieren.  ("
227698,Mensch! Er spricht ja  jetzt fast zur Sache!,SPD,Florian Pronold,CDU/CSU,Dr. Thomas Feist,2010-12-02,102719,"strukturelle und weitgehend bekannte Probleme (Dr. Petra Sitte [DIE LINKE]: Ah!) – das kommt noch hinzu –, die insbesondere die Karriereplanbarkeit, die berufliche Sicherheit und die Gerechtigkeit von Personalentscheidungen sowie die Möglichkeiten der Vereinbarkeit von Familie und Beruf betreffen. ("
225515,"Es geht um die Kinder, wo es möglich ist!",GRÜNE,Beate Müller-Gemmeke,CDU/CSU,Paul Lehrieder,2010-11-11,102076,"Müller-Gemmeke [GRÜNE]: Sie weichen der Frage tatsächlich aus! Das war keine Antwort!) – Ein Kind, das das Gymnasium vielleicht ohnehin nicht schafft, für das die Eltern, auch wenn sie normal verdienen würden, keine Nachhilfe bezahlen würden, kann ich nicht auf Staatskosten durchzuboxen versuchen. ("
281949,Geht’s Ihnen nicht gut?,CDU/CSU,Manfred Grund,DIE LINKE,Harald Petzold,2014-05-22,126120," Wo leben wir denn, meine Damen und Herren von der CDU/CSU?  (Beifall bei der LINKEN sowie bei Abgeordneten des GRÜNE)   Von dieser kruden Argumentation ist es wirklich nur ein ganz kleiner Schritt hin zu dem Vorschlag des russischen Präsidenten, Lesben und Schwulen die Kinder gleich wegzunehmen.  ("
349262,Haben Sie selber eine Idee für den Sozialstaat in Deutschland? Bis heute keine Antwort auf die Rente!,CDU/CSU,Kai Whittaker,AfD,Martin Sichert,2019-04-11,157824,kratische Selbstgestaltungsfähigkeit eines Verfassungsstaates gelten seit jeher Entscheidungen über … die sozialstaatliche Gestaltung von Lebensverhältnissen … Danach müssen die sozialpolitisch wesentlichen Entscheidungen in eigener Verantwortung der deutschen Gesetzgebungsorgane getroffen werden. (
114293,Wer regiert  eigentlich? Sie oder die Opposition!,FDP,Carl-Ludwig Thiele,SPD,Joachim Poß,2002-10-30,58919,ietet aber keinen Grund für Untergangsszenarien. Wo sind eigentlich Ihre konkreten Alternativen? Von denen war weder gestern noch heute etwas zu hören. Wo sind Ihre konkreten Konsolidierungsvorschläge? (Zuruf von der CDU/CSU: Da haben Sie nicht zugehört!) Sie können nicht Konsolidierung einfordern (
91869,Das ist doch Unsinn!,SPD,Iris Gleicke,CDU/CSU,Dirk Fischer,2001-03-09,52107,"würde, ist nach unserer Auffassung ein Beweis dafür, dass er mit dem Thema und mit dem Parlament ausgesprochen desinteressiert und lax umgeht. Wir werden das als Opposition bei jeder sich bietenden Gelegenheit nachhaltig kritisieren. So behandelt man das Parlament nicht.  (Beifall bei der CDU/CSU – "
67787,Prophylaktisch!,CDU/CSU,<unknown>,SPD,Lothar Fischer,1999-04-22,42798,"unter anderem Berichterstatter für Luft- und Raumfahrt. Wenn Thomas Rachel man sich so lange mit einem Thema beschäftigt, hat man in der Sache ein bißchen mehr Detailkenntnisse als andere, die das nicht tun. Für Bodo Seidenthal trifft das genauso zu. Aus diesem Grund haben wir schon eine Vorwarnung "
186660,Sie  hatten sieben Jahre Zeit!,CDU/CSU,Johannes Singhammer,GRÜNE,Ekin Deligöz,2008-01-24,85452,"Punkt zeigt sich, dass Sie von Rot-Grün tatsächlich etwas dazugelernt haben. (Beifall beim GRÜNE  sowie bei Abgeordneten der SPD) Ekin DeligözEin anderer Baustein ist natürlich – ich gebe es zu – das Elterngeld. Ich bin ziemlich überzeugt davon, dass auch das unter Rot-Grün zustande gekommen wäre, ("
12214,Auch dazu  weiß er nichts!,CDU/CSU,Siegfried Hornung,FDP,Ulrich Heinrich,1992-06-24,7115,"uen Bundesländern an. Durch diese Aufstockung  bewährter Systeme wird jener zusätzliche bürokratische Aufwand vermieden, der bei Einrichtung eines  neuen Fördersystems erforderlich gewesen wäre.  Hiervon hat Kollege Oostergetelo überhaupt nichts  gesagt. Er möchte ein ganz neues System einführen.  ("
246985,Wo denn?,DIE LINKE,Dr. Ilja Seifert,FDP,Gabriele Molitor,2011-12-01,110376,"ichtig umsetzen oder ihr gar zuwiderhandeln. Deutschland ist ein Land, in dem die Gleichstellung schon weit vorangeschritten ist. (Beifall bei der FDP sowie bei Abgeordneten  der CDU/CSU) Für unsere Behindertenpolitik und unsere Umsetzung der Konvention erhalten wir international viel Anerkennung. ("
142542,"Jawohl, denken  wir alle noch einmal darüber nach!",CDU/CSU,Eduard Oswald,SPD,Reinhard Weis,2004-09-09,67727,"esen, dass Sie heute etwas fordern, was Sie in Ihrer Verantwortung selber nicht getan haben. Aber so vordergründig möchte ich nicht reagieren.  Allerdings ist es sicher richtig, dass Sie in Ihrer Zeit dafür Gründe hatten, die heute noch genauso gelten. Darüber werden wir im Ausschuss reden müssen. ("
158611,Wo auch  immer!,CDU/CSU,Clemens Binninger,SPD,Michael Hartmann,2005-06-30,72680,"Piltz [FDP]: Das entscheide ich lieber selber!) – Warten wir doch einmal ab, wie das Spiel weitergeht!Sie sehen: Erstens. Für Ihre Initiative gibt es keinen Resonanzboden. Zweitens. Der Bundesinnenminister Otto Schily hat gehandelt, wird weiter handeln, wird das europäisch Notwendige durchsetzen.  ("
221826,Das war schon  etwas deutlicher!,DIE LINKE,Diana Golze,CDU/CSU,Dorothee Bär,2010-09-16,100790," Etat des Familienministeriums sind zusätzliche Mittel in Höhe von 82 Millionen Euro zur Förderung von Modellprojekten der Sprach- und Integrationsförderung eingestellt. Auch das hat Frau Golze kritisiert und bemängelt, dass die Mittel nicht ausreichen und auf bestimmte Bereiche beschränkt seien.  ("
177351,Wie wollen Sie das denn ändern?,CDU/CSU,Dr. Reinhard Göhner,SPD,Andrea Nahles,2007-04-27,81110,"ifpartner in einer Branche einen Tarif vereinbaren, dann gilt dieser auch für den Gesetzgeber, für uns auf der politischen Ebene. Es ist aber absehbar, dass es Branchen geben wird, die, vor allem weil die Arbeitgeber sich verweigern, von einem branchenspezifischen Mindestlohn nicht erfasst werden. ("
458108,Das hätten andere  auch gerne!,AfD,Dr. Götz Frömming,GRÜNE,Kai Gehring,2024-04-11,202007,"sgerechtigkeit schafft Chancengerechtigkeit. Aminas Grundschule wird eine der 900 Startchancen-  Schulen in NRW sein. Durch Programmsäule I lässt sich  in ihrer Schule eine Leseecke oder ein Kreativraum einrichten, der triste Schulhof durch neue Spielgeräte und  Grünflächen für Bewegung aufpeppen. ("
33008,1914!,SPD,Konrad Gilges,CDU/CSU,Hans-Gerd Strube,1994-09-07,20868,"herung gelegt. Sie haben damals das Vertrauen der  Menschen mißbraucht.  Ja, wie war es denn damals? Da die Menschen in  Deutschland ja so schnell vergessen und da Sie den  Mut haben, sich wieder zur Wahl zu stellen, muß  Ihnen das eine oder andere hier noch einmal spiegelhaft vorgehalten werden.  ("
137181,Haben Sie  Ihre Rede vergessen?,CDU/CSU,Hans Michelbach,GRÜNE,Katrin Göring-Eckardt,2004-03-25,65884,"sondern Sie sind im Deutschen Bundestag! – Dietrich Austermann [CDU/CSU]: Wir wollen Metzger hören!) Katrin Göring-EckardtFrau Merkel hat darauf geantwortet: Wir wollen nicht mehr darüber reden, sondern lieber nach vorne blicken. Das ist alles Vergangenheit.  Frau Merkel, ich bin überzeugt davon,  ("
338809,Die Leier kenne ich schon!,AfD,Armin-Paulus Hampel,DIE LINKE,Kathrin Vogler,2018-11-08,153044,"nteressieren. Meine Damen und Herren, die Doomsday Clock, die die Gefahr eines Atomkriegs anzeigt, steht heute auf zwei Minuten vor zwölf. So nah an der Selbstvernichtung der Menschheit durch die zerstörerischsten Instrumente, die sie je erfunden hat, waren wir seit dem Koreakrieg 1953 nicht mehr, ("
241224,"Und wie geht es jetzt weiter, Herr Thomae?",SPD,Burkhard Lischka,FDP,Stephan Thomae,2011-09-21,108195,"cht haben. Ein zweiter Punkt ist das Thema Erbschaftsteuer. Da gelten seit dieser Legislaturperiode für Lebenspartner wie für Eheleute gleiche Freibeträge. Auch das ist ein Punkt, von dem wir sagen können: Das haben wir in dieser bürgerlichen Regierung umgesetzt. (Beifall bei Abgeordneten der FDP – "
264324,So ein Schwachsinn!,FDP,Christine Aschenberg-Dugnus,SPD,Mechthild Rawert,2012-11-29,117640,"e einen geschult werden – sogar mit  öffentlichem Geld –, damit der Patient besser ausgenommen werden kann und mehr Abzocke möglich ist, sagen  Sie nichts, wenn es um Ihr Lieblingsbild des mündigen  Patienten und der mündigen Patientin geht. (Beifall bei der SPD sowie bei Abgeordneten  der LINKEN – "
201297,Ist das auch ein Erfolg der  Großen Koalition?,FDP,Dirk Niebel,CDU/CSU,Peter Weiß,2009-03-20,92779," 67 eingeführt wird, wird die Lebenserwartung noch einmal um drei Jahre länger sein als heute. Das bedeutet, dass auch bei der Anhebung der Regelaltersgrenze in der Rentenversicherung die Rentnerinnen und Rentner länger Rente beziehen können als jede frühere Generation. Das steht schon heute fest. ("
383206,Gehen zurück!,DIE LINKE,Ulla Jelpke,CDU/CSU,Dr. Volker Ullrich,2021-02-12,174117, bei jedem Thema auf Ihr Lieblingsthema zurückzukommen und Angst zu schüren vor Flüchtlingen und vor Migration. Das ist ein falsches Spiel. Das werden wir Ihnen nicht durchgehen lassen. (Beifall bei der CDU/CSU sowie bei Abgeordneten der SPD) Lassen Sie uns auf die Zahlen der Einbürgerungen sehen. (
248112,„Mentalitätswechsel“! Das ist ja nicht zu viel verlangt! Das können wir bis Weihnachten noch erreichen!,CDU/CSU,Manfred Grund,DIE LINKE,Dr. Dietmar Bartsch,2011-12-16,110990,"ne sitzen ein paar Gäste aus Vorpommern. Sie könnten ganz viel darüber erzählen, wie es dort aussieht: Viele Menschen wandern ab, weil sie keine Chance erhalten. Das würde jetzt aber zu weit führen. Die Linke fordert einen Mentalitätswechsel und einen Kurswechsel in der Politik für Ostdeutschland. ("
162139,Das werden wir gleich weiterleiten!,FDP,Ina Lenke,SPD,Jürgen Kucharczyk,2006-03-09,74214,"und nicht zukunftsgerecht. Die Landesregierung in Düsseldorf ist nicht auf der Höhe der Zeit. Familienminister Laschet sollte lieber den Zwölften Kinder- und Jugendbericht aufmerksam lesen. Dann wird auch er erkennen, dass seine Vorschläge keine langfristige Perspektive für unser Land sein können. ("
277841,Dann hätten Sie das ja mit der Union machen können! Aber Sie haben ja nach drei Tagen gekniffen!,SPD,Sönke Rix,GRÜNE,Katja Dörner,2014-01-30,124169,"ie aufwachsen, materiell besser zu unterstützen und damit direkt gegen Kinderarmut anzugehen. Dafür spricht auch eine aktuelle Umfrage, wonach 66 Prozent der Bürgerinnen und Bürger ausdrücklich bereit sind, höhere Steuern zu zahlen, wenn mit diesem Geld konkret gegen Kinderarmut vorgegangen wird.  ("
263601,Sie privilegieren  Steuerhinterzieher!,SPD,Johannes Kahrs,CDU/CSU,Hans Michelbach,2012-11-23,117433,"ich. (Beifall bei der CDU/CSU und der FDP – Thomas Oppermann [SPD]: Ihre Regierung schadet unserem Land!) Es ist für mich nahezu Untreue gegenüber den deutschen Steuerzahlern, insbesondere auch gegenüber unseren Kommunen, wenn Rot-Grün das deutsch- schweizerische Steuerabkommen einfach verweigert. ("
405789,"Das ist keine Steuer! sollte man erst mal prüfen, ob die Menschen sie überhaupt bezahlen können. Unzählige Male habe ich hier im Deutschen Bundestag vor der Einführung der CO2",GRÜNE,Hanna Steinmüller,AfD,Marc Bernhard,2022-09-23,185753,"Frau Präsidentin! Meine Damen und Herren! Bevor man eine Steuer einführt, ("
108773,"Doch, das ist sogar sehr spannend!",SPD,Alfred Hartenbach,CDU/CSU,Dr. Wolfgang Götzer,2002-04-18,57194,"ie tatsächlich anfallenden Umsatzsteuerkosten ersetzt bekommen kann. Verehrte Kolleginnen und Kollegen, so viel zu den aus meiner Sicht wichtigsten Punkten des Gesetzentwurfs. Uns Juristen ist natürlich klar, dass das Schadensersatzrecht nicht gerade zu den spannendsten politischen Themen gehört.  ("
365196,Nein! Definitiv nein!,DIE LINKE,Evrim Sommer,SPD,Dr. Barbara Hendricks,2020-01-30,164446," will mich in der Tat damit auseinandersetzen: Hat denn die AfD überhaupt das Recht, einen solchen Antrag zu stellen, oder ist das pure Heuchelei? (Lachen bei der AfD – Beatrix von Storch [AfD]: Jetzt wird es interessant!) Natürlich hat sie formal das Recht. Aber hat sie moralisch das Recht? (Helin "
365616,Wer hat denn die Mehrwertsteuer erhöht?,FDP,Michael Theurer,SPD,Lothar Binding,2020-01-31,164575,"en Steuern, wer zahlt mittelmäßig viel Steuern, und wer zahlt richtig viel Steuern? – Jetzt kann man sagen: Ihr Konzept hilft denen, die keine Steuern zahlen, nicht. Sie zahlen allerdings indirekte Steuern wie die Mehrwertsteuer; die ärmeren Leute sind durch die Mehrwertsteuer sehr stark belastet. ("
275129,"Es ist fünf vor zwölf, Herr Kollege!",GRÜNE,Wolfgang Wieland,SPD,Axel Schäfer,2013-06-13,122461,"familien. Dafür brauchen wir auch Vereinbarungen oder rechtliche Regeln,  was Mindestnormen anbelangt, also eine Sperrklausel.  Es braucht vor allen Dingen den gemeinsamen Willen,  das durchzusetzen. In diesem Sinne leisten wir heute etwas Gutes. Deshalb ist es auch gut, dass man noch um 23.31 Uhr ("
68921,"Sie haben ja vorgemacht, wie das geht!",GRÜNE,Michaele Hustedt,FDP,Dr. Günter Rexrodt,1999-06-08,43277,"che Erhöhung dient nichts anderem, als Ihre Haushaltslöcher zu stopfen. Wenn Sie im Sozial- und Steuerbereich eine anständige Politik betreiben würden, dann würden auf der Einnahmeseite die Steuerquellen wieder so sprudeln, daß die Kosten von 1,2 Milliarden DM überhaupt keine Rolle spielen würden. ("
311164,Da bin ich mit dabei!,GRÜNE,Dr. Valerie Wilms,CDU/CSU,Ulrich Lange,2016-09-22,139951,"rn, und in einigen Ländern hakt es ganz gewaltig. (Beifall bei der CDU/CSU) Ich kann nur noch einmal in aller Deutlichkeit sagen, was unser Bundesverkehrsminister in seiner Haushaltsrede angesprochen hat: Wir stehen zur Idee einer Bundesautobahngesellschaft, und zwar mit einem Kernnetz des Bundes. ("
366275,Sie basteln sich Ihre eigenen Argumente! Geben Sie es doch zu!,GRÜNE,Uwe Kekeritz,CDU/CSU,Stefan Rouenhoff,2020-02-13,164833,"byarbeit der sogenannten Zivilgesellschaft per se gut ist. (Agnieszka Brugger [GRÜNE]: Ja!) Ihre Haltung ist natürlich kein Wunder, wenn zivilgesellschaftliche Nichtregierungsorganisationen knallhart für die Interessen der Grünen lobbyieren. (Beifall bei der CDU/CSU sowie bei Abgeordneten der FDP – "
69220,244 von 298!,FDP,Dirk Niebel,FDP,Dr. Irmgard Schwaetzer,1999-06-17,43415,"e Beschäftigungslücke von etwa 2 bis 3 Millionen Arbeitsplätzen, die von Menschen besetzt werden könnten, die heute arbeitslos sind. Dazu müssen die Gewerkschaften aber einmal über ihren Schatten springen. Leider haben Sie zu viele Gewerkschafter in Ihren Reihen. (Beifall bei Abgeordneten der FDP – "
355119,"Ich verwechsle Sie noch mal mit der AfD drüben, so wie Sie reden!",CDU/CSU,Dr. Gerd Müller,FDP,der Beek,2019-09-26,160482,"te braucht es endlich große Maßnahmen. Wir können nicht immer nur Perspektiven versprechen; wir müssen auch Perspektiven schaffen. Und: Wir brauchen eine EZ, eine Entwicklungszusammenarbeit, die vor Ort Infrastruktur und Rahmenbedingungen schafft, damit sich mehr Unternehmen ansiedeln und gründen. ("
430643,Stellen Sie doch den Antrag! Haben einige Landesparlamente längst gemacht!,AfD,Dr. Götz Frömming,GRÜNE,Stefan Gelbhaar,2023-06-14,193631,"en wir beim Thema. Sie fordern den Bundestag auf, die Verbindung zum DDR-Regime aufzuarbeiten. Sie versuchen sich dabei als Anwälte der Opfer zu generieren. (Dr. Götz Frömming [AfD]: Nö!) Mir scheint, Sie müssen selbst erst mal Ihr Verhältnis zu dem Thema klären. (Beifall bei Abgeordneten der SPD – "
134544,Okay!,SPD,Jörg Tauss,CDU/CSU,Thomas Rachel,2004-01-29,64747,"Ich bin generell der Meinung, dass wir, das Parlament, in Sachfragen über Fraktionsgrenzen hinaus zusammenarbeiten sollten. Ich halte überhaupt nichts davon, dauernd einen parteipolitischen Schlagabtausch zu führen. ("
267330,Was? Wo haben Sie  das denn her?,SPD,Peer Steinbrück,FDP,Rainer Brüderle,2013-02-21,119106,"-Grün ist das sozialistische  Frankreich: Die Wirtschaft soll reguliert, zementiert und  stranguliert werden. Das will die Gabriel/Steinbrück- SPD jetzt auch für Deutschland. Am Wochenende wurde bekannt: Die Vermögensteuerpläne von Peer Steinbrück würden 160 000 Unternehmen in Deutschland treffen. ("
447194,"So wird das nichts, Herr Houben!",CDU/CSU,Thorsten Frei,FDP,Reinhard Houben,2023-11-30,198779,"Der Kollege Willsch kann Ihnen das bestätigen. Also, es wäre schon gut, wenn Sie Anträge einbringen würden, die wirklich up to date sind. Das würde Ihrer Argumentation nach außen wirklich guttun. (Beifall bei der FDP sowie bei Abgeordneten der SPD und des GRÜNE – Jens Spahn [CDU/CSU]: Ach herrje! – "
339813,Sie tun doch nichts dagegen! Gar nichts!,AfD,Jürgen Braun,CDU/CSU,Dr. Angela Merkel,2018-11-21,153386,"und das Gute-Kita-Gesetz wichtige Weichen gestellt. Ich will hier nur ganz kurz auch darauf hinweisen, dass die Bundesfrauenministerin gestern auf ein Phänomen aufmerksam gemacht hat, das uns alle umtreiben muss, nämlich auf Gewalt gegen Frauen in unserem Land. (Beatrix von Storch [AfD]: Ach nee! – "
443716,Das ist ja toller Applaus!,CDU/CSU,Stephan Stracke,GRÜNE,Dr. Wolfgang Strengmann-Kuhn,2023-11-09,197805,"SU]: Das ist echter Unsinn!) Wir arbeiten daran, dass die Kürzung nicht stattfindet und die Jobcenter gut mit Mitteln ausgestattet werden, um die Menschen gut in Arbeit zu vermitteln. (Beifall bei Abgeordneten des GRÜNE und der SPD und des Abg. Torsten Herbst [FDP] – Hermann Gröhe [CDU/CSU]: Aha! – "
209618,Fangen Sie nur an!,SPD,Uwe Beckmeyer,FDP,Dr. Claudia Winterstein,2010-01-22,96617,"en sicher sein, dass der Haushalt 2011 in dieser  Hinsicht ganz anders aussehen wird.  (Florian Pronold [SPD]: Herr Ramsauer sagt,  er hat neue Akzente! Lügt er da?) Da werden wir entsprechende Schritte einleiten. Als  Haushälterin muss ich auch sagen: Wir können nicht alles im Jahre 2010 machen.  ("
78138,Wie ist das heute mit  dem Krieg in Tschetschenien?,FDP,Walter Hirche,GRÜNE,Cem Özdemir,2000-02-24,46911,"enrechte. Diesen Vorwurf müssen sich  alle miteinander gefallen lassen. Es waren unsere amerikanischen Freunde, die beispielsweise in Afghanistan  aus sehr durchsichtigen Interessen heraus die Taliban  mit gestützt haben und deshalb Mitverantwortung für die  Situation tragen, die wir dort haben.   ("
181265,"Mensch, Peter! So etwas!",CDU/CSU,Volker Kauder,DIE LINKE,Volker Schneider,2007-09-19,82903,"ng wollen. Wir wollen wissen, ob sich die Bundesregierung an einer Aushöhlung der Verfassung bis hin zum offenen Verfassungsbruch beteiligen will oder nicht. Ich danke dem Kollegen Peter Struck, dass auch er das Wort „Verfassungsbruch“ verwendet hat. (Beifall bei der LINKEN, der FDP und dem GRÜNE – "
218631,Noch eine  Regelung mehr!,FDP,Burkhardt Müller-Sönksen,SPD,Angelika Krüger-Leißner,2010-06-11,99527,"Vielfalt in unserem Lande sicherstellen. Das könnte man zum Beispiel an der Programmgestaltung der Kinos festmachen. Da müssen wir noch genauer hinschauen. Es ist nämlich vorstellbar, dass die Steuerreduzierung an einen bestimmten Anteil deutscher und europäischer Filme beim Abspiel gebunden wird. ("
402479,"Während Sie das alles beschreiben, ist der Zug abgefahren!",CDU/CSU,Thomas Jarzombek,GRÜNE,Dr. Paula Piechotta,2022-07-08,184802,"chindustrie eigentlich so groß war. Sie beschreiben auch nicht vollständig, was in der aktuellen, geopolitisch komplett veränderten Situation angesichts der riesengroßen Krisen des 21. Jahrhunderts notwendig ist, damit unser Biotechstandort tatsächlich weiterwachsen und weiter innovativ sein kann. ("
51263,Worum sonst?,SPD,<unknown>,CDU/CSU,Manfred Kanther,1997-02-27,33933,"eitage veranstalten,  Wahlkämpfe führen, Bürgerinitiativen gründen,  Mehrheiten suchen, finden - oder verpassen. All dies  ist selbstverständlich. Daran braucht nicht herumdisputiert zu werden. Denn um all dies geht es nicht,  wenn wir heute das Thema Castor-Transpo rte erneut  diskutieren müssen.  "
171452,Feiertag!,CDU/CSU,Paul Lehrieder,DIE LINKE,Volker Schneider,2006-11-10,78208,"t uns der Herr Kollege Brandner – jetzt ist er nicht mehr anwesend – eine tolle Erklärung im Ausschuss für Arbeit und Soziales geliefert. Er hat dort zwar eingeräumt, dass die Beiträge bei 40,3 Prozent liegen. Er meinte dann aber, feststellen zu müssen, dass durch den Verzicht auf einen Urlaubstag ("
169626,Gibt es denn in München mehr?,GRÜNE,Markus Kurth,CDU/CSU,Max Straubinger,2006-09-28,77183,"chen Wahlkämpfen begründet ist.  Es ist sicherlich sachgerecht, bei der Anwendung der Sätze die regionalen Gesichtspunkte zu berücksichtigen. Bayern macht bisher als einziges Bundesland von dieser Möglichkeit Gebrauch. Es ist eben ein Unterschied, ob ich in München, Stuttgart oder Düsseldorf wohne ("
174465,Setzen! Thema verfehlt!,DIE LINKE,Oskar Lafontaine,SPD,Anton Schaaf,2007-02-01,79376,"INKE]: Und jetzt zum Thema!) Die Linksfraktion macht das, was sie schon bei anderen Themen immer wieder gemacht hat: Sie nutzt nicht nur die Ängste der Menschen, sondern sie schürt die Ängste der Menschen aus purem Populismus, aus parteipolitischem Interesse.  (Beifall bei der SPD und der CDU/CSU – "
138433,Unglaubliche Heucheleien!,SPD,Joachim Poß,CDU/CSU,Klaus-Peter Flosbach,2004-04-29,66298,"i der CDU/CSU und der FDP) Wir alle wissen: Sie haben es trotz Ihres Nachhaltigkeitsgesetzes in wenigen Jahren geschafft, das Vertrauen in die gesetzliche Rente nachhaltig zu zerstören. Jeder weiß heute, Vorsorge ist nötig. Sie wissen aber auch, dass die Riester-Rente überhaupt nicht funktioniert. ("
303926,Nehmen Sie sich zusammen!,CDU/CSU,Manfred Grund,GRÜNE,Omid Nouripour,2016-02-17,136634,"ich nur anflehen: Gehen sie mit gutem Beispiel voran, und unterzeichnen Sie die Safe Schools Declaration. (Manfred Grund [CDU/CSU]: Dann hört das auf, oder?) – Dann hört das nicht auf. Aber, verflucht noch mal, es ist doch das Mindeste, dass wir mit gutem Beispiel vo­rangehen! (Beifall beim GRÜNE – "
155004,Hört! Hört!,SPD,Hubertus Heil,SPD,Nina Hauer,2005-04-21,71651,"rn auch mit einem öffentlichen Auftrag. Die Unternehmen scheuen sich nicht davor, öffentlich zuzugeben, dass sie das angesparte Geld der Deutschen Börse im Blick haben, um damit in London zu investieren. Vertreten werden diese Unternehmen übrigens von Ihrem CDU-Kollegen, dem Anwalt Friedrich Merz. ("
410065,Sie entscheiden doch nichts in der Sache! Das ist doch das Problem! Sie wollen nur über Geld entscheiden! Kein einziges Element Ihres Abwehrschirms steht heute zur Debatte!,CDU/CSU,Dr. Mathias Middelberg,SPD,Kevin Kühnert,2022-10-21,187037,"ten, bis der Sturm vorübergeht. (Beifall bei der SPD, dem GRÜNE und der FDP) Das sind weise Worte, die Herr Brinkhaus damals gesprochen hat. Aber leider wollen Sie sich heute, in einer vergleichbaren Situation der Krise und mit genau diesem Instrument vor Augen, nicht mehr so recht daran erinnern. ("
377456,"Nein, nicht reden! Wir müssen handeln! Wir reden schon zu viel!",AfD,Thomas Ehrhorn,SPD,De Ridder,2020-10-30,170733,"innen und Schülern die französischen Werte anhand von Mohammed-Karikaturen näherbringen wollte, die im Magazin „Charlie Hebdo“ publiziert und nun erneut, nämlich anlässlich der Eröffnung des Prozesses gegen die damaligen Attentäter, publiziert wurden, ist zutiefst verstörend. Ja, wir müssen reden. ("
160234,Das  ist aber keine Antwort!,DIE LINKE,Dr. Dagmar Enkelmann,SPD,Christian Lange,2006-01-19,73320,"den Machtmissbrauch bewerten, dem Ihr eigener Gesetzentwurf Tür und Tor öffnen würde. Dort fordern Sie nämlich, dass ein Minister in Zukunft die Entscheidungen des Bundeskartellamtes verhindern kann. Wie würden Sie so etwas bezeichnen? Ist das Kontrolle politischer Macht oder ist es das Gegenteil? ("
10844,Das  ändern wir!,CDU/CSU,Dr. Kurt Faltlhauser,SPD,Joachim Poß,1992-05-07,6333,"Herr Kollege Hauser, haben  nicht auch Sie wie ich den Unterlagen zur gestrigen  Anhörung entnehmen können, daß von Leuten, die  beispielsweise 1 Million Jahreseinkommen haben,  nur jeder dritte Zinseinkünfte angibt?  (Dr. Kurt Faltlhauser [CDU/CSU]: Als Ist Zustand!)  — Als Ist-Zustand.  ("
350518,Weil die Linken nicht regieren!,FDP,<unknown>,DIE LINKE,Alexander Ulrich,2019-05-10,158348,nister mehr ist. (Heiterkeit bei Abgeordneten der FDP – Reinhard Houben [FDP]: Also die Linke unterstützt Peter Altmaier?) Das wäre an dieser Stelle schade; denn wir brauchen einen aktiveren Staat. Das haben die letzten Jahre gezeigt. Warum sind wir denn so gut aus der Wirtschaftskrise herausgekomme
46108,Da wäre Realität  angebracht gewesen!,SPD,Ernst Schwanhold,CDU/CSU,Paul Krüger,1996-06-20,30031," ich nur sagen, wir müssen schnell  zur Realität zurückkehren.  (Beifall bei der CDU/CSU)  Ostdeutschland - das ist wahr - spielt in der europäischen Wirtschaftsliga noch am unteren Tabellenende. Sie sollten aber nicht vergessen, mit welchem  Minuspunktekonto wir vor sechs Jahren gestartet  sind.  ("
239911,Das ist sie  längst!,DIE LINKE,Dr. Diether Dehm,CDU/CSU,Dr. Angela Merkel,2011-09-07,107877,"Wir sind da ja in feiner Gesellschaft: Wir sind damit in Europa nicht alleine, wir sind damit mit den Vereinigten Staaten nicht alleine, wir sind damit mit Japan nicht alleine. Ich bin aber zutiefst davon überzeugt: Diese Krise, wenn sie nicht zu einer großen Krise der westlichen Welt werden soll, ("
78987,Im  immer wieder verteidigt und sind damit durch alle Insti,FDP,Dirk Niebel,GRÜNE,Ekin Deligöz,2000-03-24,47389,"iges rosigere Werder Finanzpolitik und in der Ökologie genauso wie in te. Das wäre doch eine Sache!  der Ökonomie. Gerade wir Grüne haben dieses Anliegen  der nachhaltigen Entwicklung und der Generationen- (Beifall beim GRÜNE  gerechtigkeit über zwei Jahrzehnte hinweg eingebracht, und bei der SPD – "
56455,Das stimmt nicht!,SPD,Thomas Krüger,SPD,Thomas Krüger,1997-11-13,37035,"er  Kraft setzen, nur weil wir es gern wollen oder weil  die Kommunen im Moment kein Geld haben.  (Zuruf von der SPD: Herr Waigel setzt das  außer Kraft!)   Die meisten Ihrer Forderungen in Ihrem Antrag -  lesen Sie noch einmal nach - richten sich nun einmal  eindeutig an die Länder und Kommunen.  ("
367441,Am Wochenende ist wieder Strategietreffen!,SPD,Dr. Matthias Bartke,DIE LINKE,Sabine Zimmermann,2020-03-06,165362,"ssen! – unsere Arbeitslosenversicherung beschädigt hatten, stand nur Die Linke für eine Arbeitslosenversicherung, die fit für die Zukunft ist. In Zeiten wirtschaftlicher Schwäche und Transformation wie heute muss man die Leistungen der Arbeitslosenversicherung verbessern; das ist der richtige Weg. ("
22271,So wie der Steinkühler: Wasser reden und Wein trinken!,CDU/CSU,Siegfried Hornung,SPD,Regina Kolbe,1993-06-30,13653,"leme.  (Beifall bei der SPD, der DIE LINKE und  dem GRÜNE — Julius  Louven [CDU/CSU]: Und damit wären alle  Probleme gelöst!)  — Nicht alle, aber wesentliche. Und wir bräuchten  nicht von den .firmsten der Armen zu nehmen.-  (Karl-Josef Laumann [CDU/CSU]: Was haben Sie denn für eine Alte rnative? — "
258220,Das müssen Sie den  Brüsselern sagen und nicht uns!,SPD,Sigmar Gabriel,CDU/CSU,Dr. Angela Merkel,2012-09-12,115309,"gen, dass, neben den vielen guten und  richtigen Aufforderungen, dass mehr Menschen studieren, das Berufsbildungssystem nicht einfach abgeschlagen zur Seite gestellt wird, sondern die Priorität hat und  die Anerkennung bekommt, die diesem System in hochentwickelten Industriegesellschaften zukommt. ("
323758,Hört! Hört!,DIE LINKE,Tobias Pflüger,AfD,Gerold Otten,2017-11-21,145817,"d ebenfalls unsere Polizisten ausgesetzt sind, befürworten wir als AfD-Fraktion aus den vorgenannten Gründen die fortgesetzte Präsenz der Militärbeobachter und -ausbilder der Bundeswehr bei UNMISS und stimmen der Verlängerung bzw. jetzt erst einmal Überweisung des Antrags in den Hauptausschuss zu. ("
9481,Ist das Wahlkampf?,SPD,Josef Vosen,CDU/CSU,Dr. Heinz Riesenhuber,1992-02-21,5551,"Forschungsmittel von 22,8 % und im institutionellen Bereich von 27 % gegenüber. Das ist  Ausweis für eine blühende, kraftvolle und dynamische Forschungslandschaft, die auch durch eine hervorragende Zusammenarbeit der Landesregierung  mit der Forschung gekennzeichnet ist.  (Beifall bei der CDU/CSU — "
197301,"Das war auch nicht aus dem Publikum, sondern aus dem Plenum!",CDU/CSU,Volker Kauder,GRÜNE,Jürgen Trittin,2008-12-04,90722," das gerne aufnehmen.  (Dr. Guido Westerwelle [FDP]: Nein, das waren wir nicht!) – Ich habe Sie nicht gemeint, Herr Westerwelle. (Dr. Guido Westerwelle [FDP]: Aber Sie haben auf mich gezeigt!) – Das war weiter hinten. Entschuldigen Sie, ich weiß, dass Sie ein Mensch gepflegter Umgangsformen sind.  ("
204187,So ist es!,CDU/CSU,Dr. Hans-Peter Uhl,CDU/CSU,Dr. Norbert Röttgen,2009-05-29,94304,"der CDU/CSU sowie des Abg. Dr. Max Stadler [FDP]) Das ist auch richtig so, weil es darum geht, die Instrumente und Regeln der parlamentarischen Kontrolle, denen wir die Bundesregierung unterwerfen wollen, selber festzulegen. Man kann nicht erwarten, dass die Regierung ihre Kontrolle selber regelt. ("
194766,Sie wollen das Betreuungsgeld!,CDU/CSU,Johannes Singhammer,SPD,Marlene Rupprecht,2008-09-26,89571," Kinder von ein bis drei Jahren nicht in Einrichtungen betreuen lassen wollen oder können, eine monatliche Zahlung (zum Beispiel Betreuungsgeld) eingeführt werden.  Ich habe Ihnen schon öfter gesagt, Herr Singhammer, dass die Eltern entscheiden werden, wenn der übernächste Bundestag gewählt wird.  ("
144073,Aber nicht im  Forderungsteil!,SPD,Gabriele Hiller-Ohm,CDU/CSU,Julius Caesar,2004-09-30,68110,"ion enttäuscht, dass Sie dann nicht in der Lage waren, unserem Antrag tatsächlich zu folgen und zuzustimmen. Ich meine, man sollte bei diesem Thema über Parteigrenzen und über Fraktionsgrenzen hinwegschauen, um den Urwald zu schützen und zu erhalten. In Ihrem Antrag finden wir sehr viel Eigenlob.  ("
268737,Genau so ist es!,DIE LINKE,Dr. Dagmar Enkelmann,DIE LINKE,Dr. Gregor Gysi,2013-03-01,119731,"ro verdient  haben, um das Grundsicherungsniveau von 707 Euro zu  erreichen. Wenn er nur 35 Beitragsjahre hat, dann  müsste er durchschnittlich 13 Euro pro Stunde verdient  haben. Schauen Sie sich doch einmal die Realität in unserer Gesellschaft an! Wir laufen auf eine dramatische  Altersarmut zu. ("
2485,Warum  müssen nur wir dafür sorgen? Das müssen  auch Sie!,CDU/CSU,Gerhard Reddemann,SPD,Christel Hanewinckel,1991-06-13,1633,"e Erhöhung der Arbeitslosenzahlen, setzen Sie auf den Weggang von Familien aus den neuen Bundesländern in  die alten. Ich will Ihnen all das nicht unterstellen, aber  dann müssen Sie auch Ihre Politik ändern und daran  ausrichten, daß die Geburtenzahlen steigen, daß Arbeitslosigkeit geringer wird  ("
336966,"„Low Level“ nennt man das! Auch sachlich falsch, Herr Baumann!",GRÜNE,Luise Amtsberg,AfD,Dr. Bernd Baumann,2018-10-11,152163," auch Deutschlands Mangel an Fachkräften durch bessere Ausbildung und Technik ausgleichen. Aber das verstehen scheinbar nicht alle, am wenigsten die Grünen. Kein Wunder, da hat noch nicht mal die Fraktionsvorsitzende einen Abschluss geschafft. Nicht wahr, Frau Göring-Eckardt? (Beifall bei der AfD – "
23325,Dann hast du den Einzelplan 10  nicht gelesen!,CDU/CSU,von Hammerstein,SPD,Horst Sielaff,1993-09-09,14138,"mittelfristigen Finanzplanung  reagiert die Bundesregierung in keiner Weise auf die  geänderten Rahmenbedingungen, weder in bezug  auf die Gesamtwirtschaft noch in bezug auf den  Agrarbereich, und die Hilflosigkeit des Agrarministers war bei seinem Beitrag ja durchaus hörbar.  (Carl-Detlev Freiherr "
189706,Sehr  deprimierend!,DIE LINKE,Oskar Lafontaine,CDU/CSU,Franz Romer,2008-04-24,87108,"riebsratsvorsitzender. (Beifall bei der CDU/CSU – Dr. Ralf Brauksiepe [CDU/CSU], zur LINKEN gewandt: Hört euch das mal an!) Es kommt aber darauf an, bei der Wahrung realistischer Arbeitnehmerrechte die positive Entwicklung von Un-ternehmen und die Sicherung von Arbeitsplätzen nicht einzuschränken. ("
31864,Sowieso!,CDU/CSU,Dr. Kurt Faltlhauser,SPD,Ingrid Matthäus-Maier,1994-06-23,20258,"r unehrlichen, ungerechten, unsoliden, familienfeindlichen und verfassungswidrigen  Steuerpolitik unser Konzept entgegen.  (Dietrich Austermann [CDU/CSU]: Jetzt  kommt es aber!)  Erstens. 250 DM Kindergeld vom ersten Kind an.  Zweitens. Das Existenzminimum muß endlich  steuerfrei gestellt werden.  ("
66681,Eine Katastrophe!,CDU/CSU,Siegfried Hornung,GRÜNE,Joseph Fischer,1999-03-18,42252,"tverträglichkeit ausgerichtet werden. Für uns ist insbesondere wichtig, daß die Interessen der deutschen Bauern in Ost und West gewahrt bleiben. Das ist beim Kompromiß des Agrarrats vom 11. März der Fall. (Beifall bei Abgeordneten der SPD – Zuruf von der CDU/CSU: Genau das Gegenteil ist der Fall! – "
227168,Was?,SPD,<unknown>,CDU/CSU,Albert Rupprecht,2010-11-25,102567,"forschung, und heute wollen Sie sich am liebsten von ITER verabschieden. Gestern waren Sie noch voller Begeisterung für die Nanotechnologie, und heute reden Sie nur noch über die Risiken. (Klaus Hagemann [SPD]: Wo steht das denn?) – In Ihren Dokumenten und Anfragen zur Nanotechnologie, mit Verlaub. "
378268,"Sie müssen noch zur Schule gehen, oder?",FDP,Thomas Sattelberger,AfD,Norbert Kleinwächter,2020-11-19,171480,en. (Heiterkeit bei der AfD) Vielmehr müssen wir die Infrastruktur ausbauen und die Rahmenbedingungen schaffen für eine optimale Grundlagenforschung an den Universitäten und eine Spitzenentwicklung in Unternehmen. Das wäre der richtige Ansatz. Haben Sie vielen Dank. (Beifall bei der AfD – Dr. h. c. 
431920,Ja!,DIE LINKE,Matthias W. Birkwald,GRÜNE,Dr. Wolfgang Strengmann-Kuhn,2023-06-21,194101," wir vor über zehn Jahren auch schon die Abschaffung des Umwertungsfaktors beantragt, weil wir eben gesagt haben: Bei gleichem Einkommen soll es auch den gleichen Rentenanspruch geben. Ich stelle fest: Die Linke will die Trennung zwischen Ost und West bei der Rente sogar noch bis 2030 beibehalten. ("
129164,Zum Beispiel in Bayern!,SPD,<unknown>,GRÜNE,Grietje Bettin,2003-10-23,63337,eitung auf die Studien- bzw. Berufswahl. Unser Bildungssystem muss auch für Begabte ohne Abitur durchlässiger werden.  (Beifall beim GRÜNE  und bei der SPD) Warum soll der talentierte Krankenpfleger von seiner Oberärztin nicht zum Auswahlverfahren für ein Medizinstudium vorgeschlagen werden können? 
428826,"Machen wir aber nicht! Wir sprechen über Sie, nicht über andere Länder! Er dreht sich im Grabe um, wenn er Sie reden hört! So ein Blödsinn!",AfD,Dr. Bernd Baumann,SPD,Helge Lindh,2023-05-12,192964,"ber wie passt das dazu, dass Sie doch regelmäßig – übrigens mir auch – vorwerfen, man solle sich orientieren an Ihrem von Ihnen instrumentalisierten vermeintlichen Idol Helmut Schmidt? Denn dieser Helmut Schmidt hat uns immer gelehrt, nicht belehrend-paternalistisch über andere Länder zu sprechen. ("
352891,Ein Trittbrettfahrer!,CDU/CSU,de Vries,DIE LINKE,Ulla Jelpke,2019-06-27,159566,"rmanent Migration mit Kriminalität vermischt. (Beifall bei der LINKEN sowie bei Abgeordneten der SPD und des GRÜNE) Was mich sehr gewundert hat, Herr Kollege Kuhle, ist, dass die FDP mit ihrem Antrag auf diesen Zug aufgesprungen ist. (Konstantin Kuhle [FDP]: Der ist ja sehr viel besser! – Christoph "
92191,"Nein, das haben Sie nicht! Sie haben eine Kürzung der Zuschüsse durch die Änderung bei der Arbeitslosenhilfe bewirkt!",CDU/CSU,Bartholomäus Kalb,GRÜNE,Oswald Metzger,2001-03-15,52229,er zurückzuführen sei. (Birgit Schnieber-Jastram [CDU/CSU]: Das hat er nicht gesagt! – Dietrich Austermann [CDU/ CSU]: Nein!) – Doch. Ich bleibe dabei: Wir haben mit den Einnahmen durch die Ökosteuer den Zuschuss an die Rentenversicherung erhöht und dadurch die Rentenversicherungsbeiträge gesenkt. (
17577,Sie mißbrauchen die  Geschäftsordnung,FDP,<unknown>,GRÜNE,Dr. Wolfgang Ullmann,1993-01-21,10566," und nicht endende Demons trationen  und Privatinitiativen darauf warten,  (Zuruf von der FDP: Reden Sie einmal zur  Geschäftsordnung!)  von der Regierung zu hören, wie diese Rechte gesichert werden sollen, haben eine andere Antwort  verdient als die der Politikverweigerung, die von hier  ausgeht.  "
158808,Es war umgekehrt!,CDU/CSU,von Klaeden,FDP,Dr. Guido Westerwelle,2005-09-07,72743,"DU/CSU]: Die vorletzte  Rede also!) wörtlich gesagt hat.  (Hartmut Schauerte [CDU/CSU]: Interessant!) Da hat der Bundeskanzler gesagt – das haben wir auch gesehen; bemerkenswert; stehende Ovationen für den Bundeskanzler: Die ersten drei Reihen der Grünen standen auf, der Rest blieb sitzen;  (Eckart "
265389,"Ich dachte, es geht um die  Wettbewerbsfähigkeit! Herr Stier hat doch von  Wettbewerbsfähigkeit gesprochen!",GRÜNE,Jürgen Trittin,FDP,Hans-Michael Goldmann,2012-12-13,118163," NEULAND praktiziert sie schon jetzt, aber NEULAND hat einen verschwindend geringen Marktanteil, weil der Verbraucher zum Teil nicht bereit ist, den  Preis zu zahlen, der notwendig ist. (Alexander Süßmair [DIE LINKE]: Ach!) – Ja, das stimmt doch. (Beifall bei Abgeordneten der FDP und der  CDU/CSU – "
299424,Es könnte ruhig ein bisschen mehr sein!,GRÜNE,Oliver Krischer,CDU/CSU,Hansjörg Durz,2015-10-15,134452,"eutlich stärker in den Fokus gerückt. Fördern und Fordern, Kommunikation und Beratung – mit dem NAPE verfügen wir über einen Maßnahmenkatalog, mit dem wir die von uns gesteckten Ziele im Bereich des Klimaschutzes erreichen. (Dr. Julia Verlinden [GRÜNE]: Nein! Damit allein erreichen Sie sie nicht! – "
51599,Von welcher Blockade  reden Sie denn jetzt?,SPD,Jörg Tauss,FDP,Dr. Karlheinz Guttmacher,1997-02-28,34104,"eis werten. Tatsächlich aber sinkt die Gefördertenquote kontinuierlich, weil die im Blockadespiel zwischen Bundestag und dem Bundesrat immer  wieder verschleppten Anpassungen die Höhe der  Freibeträge und Bedarfssätze von der tatsächlichen  Entwicklung der Lebenshaltungskosten abgekoppelt  haben.  ("
102779,Über die Länder!,SPD,Joachim Stünker,CDU/CSU,Heinz Seiffert,2001-11-30,55464,"gnahme zu geben. Auch bei diesem Gespräch ist deutlich geworden, dass die Regierung die Kommunen in eine äußerst dramatische Finanzsituation gebracht hat. (Joachim Stünker [SPD]: Na, na, das war wohl anders!) Es wurde berichtet, dass das Präsidium des Deutschen Städtetages „in seiner Verzweiflung“ ("
101860,Das bekenne ich!,FDP,Jürgen Koppelin,GRÜNE,Angelika Beer,2001-11-28,55352,"Herr Kollege Koppelin, das Erste: Ihre merkwürdige Einlassung hat gezeigt, dass Sie meine Rede in der Tat nicht verstanden haben.  (Lachen bei der CDU/CSU und der FDP – "
99569,"Das darf ja nicht wahr sein! Das war ja etwas ganz Fundamentales, was Sie jetzt gesagt haben!",SPD,Wolfgang Weiermann,FDP,Rainer Funke,2001-10-18,54726,ungen zum Beispiel über Postagenturen besser  häufig den ganzen Tag über; ich denke etwa an Postagenturen in Lebensmittelgeschäften oder an sonstige Verkaufseinrichtungen der Privatwirtschaft  anbieten kann. Postdienstleistungen sollen dem Verbraucher nutzen und nicht etwa der Postgewerkschaft.  (
249930,Das ist aber ein Rückschluss!,FDP,Otto Fricke,SPD,Bärbel Bas,2012-02-09,111745,"hnet wird. Hierauf haben wir von der Bundesregierung damals keine Reaktion gehört. Wenn die Kritik also so stehen bleibt, dann kann man davon ausgehen, dass Sie die Organisation und die Strukturen des deutschen Gesundheitsschutzes und der Lebensmittelsicherheit ebenfalls als ineffizient betrachten.("
92069,Falsch!,SPD,Jörg Tauss,CDU/CSU,Ernst Hinsken,2001-03-15,52212,"wonnen! – Weitere Zurufe von der SPD)  Sie lösen Ihr Versprechen durch moderne Folterinstrumente ein: (Jörg Tauss [SPD]: Steuerreform!) Erstens. Das 630-DM-Gesetz hat sich als reiner Kostentreiber, als Bürokratiemonster, als Arbeitsplatzvernichter und Konjunkturprogramm für Schwarzarbeit entpuppt. ("
302141,"Also, Humor haben Sie!",GRÜNE,Kai Gehring,CDU/CSU,Dr. Heinz Riesenhuber,2015-12-17,135834,"nka, ich bin mit Ihrer Aussage uneingeschränkt einverstanden: Das gelingt nur, wenn es in eine solide Gesamtstrategie eingebettet ist – eine der Stärken dieser vorzüglichen Koalition, die wir alle bewundern. (Heiterkeit und Beifall bei der CDU/CSU und der SPD – Lachen bei der LINKEN und dem GRÜNE – "
361937,Sie sind immer noch zu fünft!,CDU/CSU,Alexander Hoffmann,DIE LINKE,Niema Movassat,2019-12-12,163109,"r Lage ist, (Alexander Hoffmann [CDU/CSU]: Mit voller Wucht! Sie sind zu fünft!) über vom Plenum überwiesene Gesetzentwürfe abzustimmen, dann muss das Plenum eine Entscheidung darüber treffen, bis wann der Rechtsausschuss endlich abzustimmen hat. Der 31. Januar nächsten Jahres ist ein gutes Datum, ("
235833,Sehr wahr!,SPD,Joachim Poß,SPD,Dr. Frank-Walter Steinmeier,2011-05-12,106016,"n Sie aufgefordert, die Einführung einer europäischen Finanztransaktionsteuer kategorisch abzulehnen. Ich sage Ihnen: Sie gehen hier einen gefährlichen Weg. Wenn es ein Thema gibt, das sich aus meiner, aus unserer Sicht für Populismus nicht eignet, und bisher war das unsere gemeinsame Überzeugung, ("
308614,Der Vorschlag der Linken zum Informationsfreiheitsgesetz war einfach schlecht!,CDU/CSU,Dr. Volker Ullrich,GRÜNE,Britta Haßelmann,2016-06-10,138859," verweisen. Seitdem haben wir doch ganz andere Transparenzanforderungen, sowohl an die deutsche Gesetzgebung als auch an das Parlament und an die Bundesregierung. Denken Sie nur an das Informationsfreiheitsgesetz. Warum bauen Sie hier einen solchen Popanz auch im Hinblick auf das freie Mandat auf? ("
440533,In Bayern?,SPD,Marianne Schieder,CDU/CSU,Susanne Hierl,2023-10-12,196764," damit beginnen würde, die versprochenen 400 000 Wohnungen pro Jahr zu bauen. (Beifall bei der CDU/CSU – Marianne Schieder [SPD]: Der Herr Söder kann das auch mal in Bayern machen! – Gegenruf des Abg. Carsten Müller [Braunschweig] [CDU/CSU]: Die schaffen das aber in vier Jahren! – Gegenruf der Abg. "
403237,"Das weiß ich auch nicht, wie man darauf gekommen ist! Meine Güte!",GRÜNE,Sara Nanni,AfD,Dr. Michael Espendiller,2022-09-07,185029,"um mitten in Europa“ bezeichnet. Was ich mich nun frage, ist, wie um alles in der Welt eine Regierung vor diesem Hintergrund auf die Idee kommen konnte, genau das Land, von dem man in puncto Energielieferungen abhängig ist, mit Sanktionen zu überziehen und Waffen an seinen Kriegsgegner zu liefern. ("
140281,"Seien Sie mal ganz vorsichtig, Herr Kollege!",FDP,Dirk Niebel,SPD,Florian Pronold,2004-06-16,67026,"ller – offensichtlich weiterhin der Ermöglichung von Wirtschaftskriminalität und Geldwäsche im internationalen Rahmen. Der Kollege Spiller hat davon gesprochen, dass Friedrich Naumann hohes Ansehen genießt. Der Kollege von der FDP hat das hohe Ansehen auf die Friedrich-Naumann-Stiftung übertragen. ("
432678,Woher kommt denn die Angst?,AfD,Dr. Götz Frömming,SPD,Jan Plobner,2023-06-22,194277,"haben Angst in diesem Land, weil Menschenfeindlichkeit einen festen Platz in dieser Gesellschaft hat. Als demokratische Gesellschaft haben wir aber ein schwerwiegendes Problem, wenn bestimmte Gruppen aus schlichter Angst nicht mehr am Diskurs und am öffentlichen Leben teilnehmen wollen und können, ("
306619,Ein Unding!,CDU/CSU,Michaela Noll,DIE LINKE,Christine Buchholz,2016-04-28,137790," Quartal brachen darüber hinaus zwischen einem Viertel und einem Drittel der Freiwilligen ihren Dienst ab. Das Ministerium sagt: „Mach, was wirklich zählt.“ Damit möchte die Ministerin junge Leute in die Bundeswehr locken. Ein besserer Rat wäre: Lasst euch nicht verheizen. (Beifall bei der LINKEN – "
73962,Doch!,SPD,Peter Dreßen,FDP,Dr. Heinrich L. Kolb,1999-11-12,45448," des Abg. Wolfgang Zöller [CDU/CSU]) Warum, Herr Dreßen, geben Sie keine Wahlfreiheit auf Dauer, wie auch von den Experten vorgeschlagen, zwischen gesetzlicher Rentenversicherung und privater Altersvorsorge? Ich kann Ihnen sagen warum. Es geht Ihnen letztlich nicht um die Absicherung der Menschen, ("
112158,Wir schaffen Sie zum 1. Januar wieder ab!,CDU/CSU,Max Straubinger,SPD,Waltraud Wolff,2002-06-27,58355,"zen können! Oder haben Sie vielleicht auch hier – wie bei der Ökosteuer – vor, unsere Politik fortzusetzen? Jede sich bietende  Gelegenheit haben Sie genutzt, um uns bei der Durchsetzung der Ökosteuer zu torpedieren. Aber jetzt, im Wahlkampf, geben Sie zu, dass Sie die Ökosteuer übernehmen wollen. ("
160733,Natürlich!,FDP,Dr. Heinrich L. Kolb,CDU/CSU,Max Straubinger,2006-01-26,73560,"zt.  (Beifall bei der CDU/CSU und der SPD) Wenn die Kollegen von der FDP das am 18. Januar von den Mittelständlern in unserem Land noch nicht erfahren haben, dann tut es mir Leid. Ich habe mich erst heute wieder informiert. Natürlich ist es eine Beschwernis und mit zusätzlichem Aufwand verbunden.  ("
277726,Falsch!,GRÜNE,Steffi Lemke,CDU/CSU,Peter Weiß,2014-01-30,124118,"keit sorgt – sie sorgt auch für Generationengerechtigkeit –, und zur abschlagsfreien Rente nach 45 Beitragsjahren mit 63 gesagt worden. Was mich an der öffentlichen Debatte und auch an der Kritik der Opposition wundert: Alle Maßnahmen dieses Rentenpakets standen genau so im Wahlprogramm der Union  ("
154378,Natürlich ist das angemessen!,FDP,Markus Löning,GRÜNE,Thilo Hoppe,2005-04-14,71471,"g, aus denen hervorgeht, dass dieser Weg, den sich auch IWF- Chef Rato vorstellen kann, begrüßt wird; man will ihn positiv gehen. Ein kleiner Schlenker zur Bundesbank ist an dieser Stelle angebracht. Es ist nicht angemessen, dass sich die Bundesbank explizit gegen einen solchen Schritt ausspricht, ("
312045,Ach?,GRÜNE,Kerstin Andreae,CDU/CSU,Dr. Philipp Murmann,2016-09-29,140414,"SPD – Lothar Binding [Heidelberg] [SPD]: Nicht einführen!) Fazit: FuE-Förderung ist der wichtigste Standortfaktor Deutschlands. Die Projektförderung ist ein sehr erfolgreiches Instrument, das uns zu diesem Erfolg verholfen hat. Die steuerliche FuE-Förderung hat viele Fans – ich gehöre auch dazu –; ("
441793,Genau so!,CDU/CSU,Sepp Müller,SPD,Fabian Funke,2023-10-19,197226,", dass der durchschnittliche Bruttovollzeitlohn in Ostdeutschland gut 600 Euro unter dem westdeutschen liegt und dass in harten Zeiten eher die Kolleginnen und Kollegen in den Niederlassungen in Ostdeutschland entlassen werden (Sepp Müller [CDU/CSU]: Ja!) als in den westdeutschen Konzernzentralen. ("
120367,Das will doch jeder!,CDU/CSU,Dr. Peter Paziorek,SPD,Friedrich Bollmann,2003-02-20,60433,"inkgeld freikaufen. (Werner Wittlich [CDU/CSU]: Es ist unerhört, was Sie für einen Käse hier verzapfen! Es ist nicht zu glauben! Blödsinniger geht es wirklich nicht!) Sinnvolle Umweltpolitik sieht anders aus. Wir Sozialdemokraten treten dafür ein, Landschaftsvermüllung von vornherein zu vermeiden. ("
264280,Davon steht aber  nichts im Gesetz!,SPD,Mechthild Rawert,CDU/CSU,Wolfgang Zöller,2012-11-29,117636,er FDP) Nach diesem Motto haben wir im Vorfeld über 300 Gespräche geführt und einen Konsens ausgelotet. Ich erinnere mich noch an Äußerungen wie: Eine Kodifizierung  der bestehenden Rechte wird nie gelingen. Wir brauchen  kein Gesetz; eine Broschüre reicht. Wir wollen eine totale Beweislastumkehr. (
231892,Zu  der gehören Sie definitiv nicht!,GRÜNE,Jürgen Trittin,CDU/CSU,Philipp Mißfelder,2011-02-23,104420,"orgänge bewerten, zeigt sich, dass die Dinge anders liegen, als der Verlauf dieser Debatte es momentan widerspiegelt. (Dr. Dietmar Bartsch [DIE LINKE]: Ach so! – Weiterer Zuruf des Abg. Omid Nouripour [GRÜNE])Ich warne Sie deshalb davor, hier eine Kluft zwischen der politischen Elite dieses Landes ("
107016,Das muss man sich bei Sozialdemokraten einmal vorstellen!,FDP,Dr. Dieter Thomae,CDU/CSU,Dr. Sabine Bergmann-Pohl,2002-03-13,56711,reten man gar nicht erst abwartet; denn am nächsten Tag berät man bereits das Arzneimittelausgabenbegrenzungsgesetz mit der umstrittenen Aut-idem-Regelung. Als Novum wird ein Ablasshandel mit der Industrie vereinbart. Es wird gefeilscht wie auf einem Basar.  (Beifall bei Abgeordneten der CDU/CSU –  
214006,Sind  Sie neidisch?,CDU/CSU,Michael Grosse-Brömer,SPD,Christine Lambrecht,2010-03-18,97870," wir nicht einmal nach. Das ist Ihre Art, mit Themen umzugehen: Hü, hott! Hü, hott! Man weiß nicht mehr, wo man steht. Ich kann Ihnen nur sagen: Nehmen Sie Ihre Aufgabe endlich entsprechend verantwortungsbewusst wahr, und hören Sie auf, die Probleme in Ihrer Dreierbeziehung öffentlich auszutragen. ("
354244,Mein Gott!,CDU/CSU,Daniela Ludwig,AfD,Dr. Dirk Spaniel,2019-09-12,160054,"aben, und nicht, wo die Umerziehungspolitiker der Grünen und Linken es gerne sehen würden. (Beifall bei der AfD) Spätestens hier wird in diesem Einzelplan klar: Es geht diesem CSU-Ministerium um Anbiederung an den links-grünen Mainstream. (Lachen bei der CDU/CSU, der SPD, der LINKEN und dem GRÜNE – "
335396,Wer regiert denn seit Jahren?,GRÜNE,Oliver Krischer,CDU/CSU,Dr. Carsten Linnemann,2018-09-13,151368,"der Bevölkerung. Wir möchten eine glasklare Synchronisierung des Ausbaus der erneuerbaren Energien mit dem Netz. (Beifall bei Abgeordneten der CDU/CSU – Katharina Dröge [GRÜNE]: Dann bauen Sie mal die Netze aus!) 1,6 bis 1,7 Milliarden Euro für Redispatch-Netzeinspeisemanagement usw. sind zu viel. ("
78670,Die Rente Weg versuchen Sie immer einzelne Bruchstücke in die  wird ja auch nicht besser!,FDP,Dr. Wolfgang Gerhardt,FDP,Walter Hirche,2000-03-23,47275,"r eine Abzockerei ist und nicht das geeignete In- damit dazu beitragen, dass diese Erde eine friedliche  strument, um in dieser Sache weiterzukommen.  Zukunft hat und sich nicht in Streitigkeiten erschöpft.   (Beifall bei der FDP und der CDU/CSU – Sie sind auf dem falschen Weg. Für diesen falschen  "
203378,Genau da sind sie jetzt trotzdem!,GRÜNE,von Neuforn,SPD,Dr. Michael Bürsch,2009-05-13,93853,"iss, um vertrauensbildend zu wirken; denn ich halte nichts von einem Gesetz, das die Verwaltung auf einen anderen Dampfer bringt, das einen Paradigmenwechsel bringt, das von der Verwaltung als ausgesprochen störend und lästig empfunden wird und das zu einer Verweigerungshaltung führt. (Silke Stokar "
200468,Das ist das Problem!,FDP,Dr. Guido Westerwelle,SPD,Peer Steinbrück,2009-03-06,92391," nach wie vor der Fähigkeit mächtig, Subjekt, Prädikat und Objekt aneinanderzureihen. Sie werden mich schon verstehen. (Dr. Guido Westerwelle [FDP]: Das machen  Sie mit Herrn Glos aus!) Das größere Problem ist, dass Sie mich nicht verstehen wollen oder können.  (Heiterkeit und Beifall bei der SPD – "
352047,Jaja! Genau! Frauen können keine Kameradschaft!,FDP,Dr. Marie-Agnes Strack-Zimmermann,AfD,Rüdiger Lucassen,2019-06-06,159139,". (Beifall bei der AfD – Dr. Tobias Lindner [GRÜNE]: Soldatinnen, hört gut her! – Dr. Marie-Agnes Strack-­Zimmermann [FDP]: Weil die mehr Haare auf dem Kopf haben!) Junge Leute, die Soldat werden wollen, erwarten eine Welt, in der Begriffe wie Pflicht, Treue und Kameradschaft noch Bedeutung haben. ("
190187,Also Sie nicht!,GRÜNE,Renate Künast,DIE LINKE,Lutz Heilmann,2008-05-08,87401,"en Anbau von Energiepflanzen. Die Nachfrage nach Nahrungs- und Futtermitteln wächst momentan weltweit, weil die Zahl der Menschen weiter wächst und weil viele Menschen zum Glück mehr, aber auch fleischlastiger essen. Gleichzeitig sinkt die Anbaufläche. Wer ein wenig von Marktmechanismen versteht,  ("
372488,Ach? Na also!,AfD,Armin-Paulus Hampel,CDU/CSU,Ingo Gädechens,2020-07-02,168363,"en Thematik, nämlich einer möglichen Troglösung in der Stadt Bad Schwartau, persönlich sehr kundig gemacht haben, auch vor Ort waren. Es wird die Schwartauer nicht freuen, dass Sie zu diesem Ergebnis gekommen sind, (Armin-Paulus Hampel [AfD]: Warum?) aber zu irgendeinem Ergebnis müssen wir kommen. ("
246665,"Man merkt, dass Sie kein Haushälter sind! Das ist doch alles unsolide!",SPD,Johannes Kahrs,CDU/CSU,Patrick Schnieder,2011-11-25,110244,"er Städtebauförderung festzustellen. Zunächst: Nehmen Sie bitte zur Kenntnis, dass wir das hohe Niveau des Vorjahres halten und für diesen Bereich erneut 455 Millionen Euro bereitstellen. (Sören Bartol [SPD]: Sie kürzen!) – Das ist keine Kürzung. Auch 2011 standen 455 Millionen Euro zur Verfügung. ("
334819,Bayern auch!,SPD,Timon Gremmels,CDU/CSU,Dr. Anja Weisgerber,2018-09-11,151192," Gebäudesektor. Deswegen – ich kann mich nur wiederholen – setzen wir wirklich darauf, dass der Bundesfinanzminister jetzt einen Gesetzentwurf zur steuerlichen Förderung der energetischen Gebäudesanierung vorlegt. (Beifall bei der CDU/CSU) Und wir setzen auch darauf, dass die Länder dann mitgehen. ("
383020,Doch!,CDU/CSU,Ralph Brinkhaus,GRÜNE,Kordula Schulz-Asche,2021-02-12,174023,"h gut zugehört haben. Der Zusammenhang, in dem ich von autoritären Ansagen gesprochen habe, bezog sich auf die Treffen der Bundeskanzlerin mit den Ministerpräsidenten und die daraus folgenden Anordnungen, die nicht vom Parlament legitimiert sind. (Carsten Schneider [Erfurt] [SPD]: Doch, sind sie! – "
284710,CSU!,CDU/CSU,Albert Rupprecht,SPD,Dr. Simone Raatz,2014-09-11,127300,"ass die Novellierung des Wissenschaftszeitvertragsgesetzes, an der wir derzeit arbeiten, ein ganz wichtiger erster Schritt dafür ist. Mit Freude habe ich zur Kenntnis genommen, dass stellvertretend für die Unionsfraktion auch mein CDU-Kollege, Herr Rupprecht – Sie werden heute mehrfach erwähnt –,  ("
374559,Reden Sie doch mal zum Thema!,SPD,Timon Gremmels,AfD,Karsten Hilse,2020-09-29,169524,"rtritt, ist die Alternative für Deutschland. (Beifall bei der AfD – Zuruf des Abg. Patrick Schnieder [CDU/CSU] – Weiterer Zuruf: Er hat den Verstand verloren!) Der Rest des Bundestages ist darauf bedacht – oder nimmt es zumindest billigend in Kauf –, Deutschland mit immer mehr Migranten zu fluten, ("
294453,"Ja, genau!",GRÜNE,Katja Keul,CDU/CSU,Dr. Philipp Lengsfeld,2015-05-07,132072,"n Blick eine gewisse seriöse Anmutung: „Unabhängige Historikerkommission zur Geschichte des Bundeskanzleramtes einsetzen“. Man könnte denken: Ja, wir klären die NS-Geschichte der Fachministerien auf, also könnten wir doch darüber diskutieren, diese Aufklärung auf das Bundeskanzleramt auszuweiten.  ("
443816,Richtig!,SPD,Esra Limbacher,GRÜNE,Dr. Till Steffen,2023-11-09,197838,"t ja genau das Drehbuch, das Rechtspopulisten überall draufhaben (Andreas Bleck [AfD]: Dann gehen Sie doch nach Hause, wenn Ihnen das nicht gefällt!) – jetzt hören Sie doch mal zu! –: dass sie zunächst die demokratischen Institutionen verächtlich machen, um dann einen Umbau der Justiz vorzunehmen. ("
360277,"Gut gemacht, Thomas!",SPD,Ulrich Freese,SPD,Thomas Jurk,2019-11-26,162554,"Bundesanstalt für Geowissenschaften und Rohstoffe, das bekanntermaßen in Cottbus Einzug halten soll, der zweite Behördenstandort des BMWi in diesem Haushaltsplan für die Lausitz. Das, glaube ich, ist das richtige Signal an unsere Bergbauregionen, die im Strukturwandel stehen. (Beifall bei der SPD – "
96517,Sie haben nicht zugehört!,SPD,<unknown>,FDP,Friedrich Nolting,2001-06-28,53842,"Zur Konversion haben Sie heute nicht ein einziges Wort gesagt. (Angelika Beer [GRÜNE]: Aber das stimmt doch nicht! Sie hat dazu ausführlich Stellung genommen!) Ich denke, die betroffenen Kommunen haben ein Recht darauf, hierzu etwas zu hören. (Beifall bei der FDP sowie bei Abgeordneten der CDU/CSU –"
351697,Ach Gottchen!,GRÜNE,Steffi Lemke,CDU/CSU,Volkmar Vogel,2019-06-05,159008,"uch ergänzt werden durch das, was das Klimakabinett, nämlich die betroffenen Ministerien, gemeinsam festlegt. Wir werden das umsetzen. Ein weiterer großer Unterschied zwischen uns und den Grünen ist der, dass wir die Maßnahmen, die wir vorhaben, die wir einleiten, vorher auf den Prüfstand stellen, ("
124204,Der Finanzminister kneift! Fix und fertig ist er!,CDU/CSU,Hans Michelbach,SPD,Walter Schöler,2003-05-21,61650,"Frau Präsidentin! Liebe Kolleginnen und Kollegen! Ich halte das, was in diesem Hause vorgeht, für einen unglaublichen Vorgang (Beifall bei der SPD und dem GRÜNE – Beifall und Lachen bei der CDU/CSU und der FDP) – hören Sie ruhig zu –, auch das, was Sie hier heute Nachmittag inszeniert haben. ("
366216,Das ist aber leidenschaftlich hier!,FDP,Thomas Sattelberger,DIE LINKE,Jessica Tatti,2020-02-13,164808,"fassbar abgehoben, dass es mich echt wütend macht. (Matthias W. Birkwald [DIE LINKE]: Und peinlich ist es auch noch!) Herr Sattelberger und Kolleginnen und Kollegen der FDP, das ist einfach nur lächerlich! (Beifall bei der LINKEN, der SPD und dem GRÜNE sowie bei Abgeordneten der CDU/CSU – Dr. h. c. "
295786,Lesen Sie es durch!,SPD,Dr. Johannes Fechner,GRÜNE,Katja Keul,2015-06-12,132733,"oll!  (Beifall beim GRÜNE – Dr. Johannes Fechner [SPD]: Das stimmt doch gar nicht!)  Was ist denn mit den Journalisten, die von Whistleblowern kontaktiert werden? Fallen die jetzt unter die Ausnahme der beruflichen Pflichterfüllung?  (Dr. Eva Högl [SPD]: Diese Daten dürfen nicht verwendet werden! – "
120020,Ihr müsst im Bundesrat Farbe bekennen!,GRÜNE,Franziska Eichstädt-Bohlig,CDU/CSU,Dr. Heinz Riesenhuber,2003-02-14,60279,"sollen. Das heißt also: Ihr braucht uns! Lieber Herr Müntefering, warum kommen Sie nicht mit Liebe und Demut auf uns zu und bitten uns um brüderlichen Rat, der Ihnen helfen soll, eine verfahrene Situation halbwegs wieder in Ordnung zu bringen?  (Heiterkeit und Beifall bei Abgeordneten der CDU/CSU – "
145859,Außer Ihnen  sieht niemand dieses Misstrauen!,CDU/CSU,Wolfgang Zöller,SPD,Nicolette Kressl,2004-11-11,68799," Weg ist. (Wolfgang Zöller [CDU/CSU]: Schauen Sie  einmal, was es an Pflichtberatungen gibt!) Ich will ausdrücklich niemandem von Ihnen dieses Misstrauen unterstellen, aber ich will Ihnen deutlich machen, dass wir die Gefahr, dass Misstrauen zwischen den Zeilen mitschwingen kann, vermeiden wollen. ("
356789,Er hätte noch besser sein können!,GRÜNE,Katja Keul,SPD,Dr. Karl-Heinz Brunner,2019-10-24,161310,"absenken können. Last, but not least: Auch die politisch motivierten Adoptionen, die Unterbringung in Jugendheimen, die Umsiedlungen etc. werden jetzt berücksichtigt. – Damit habe ich nur einiges genannt. Ich bedanke mich recht herzlich für die Beratungen. Heute ist, wie ich glaube, ein guter Tag, ("
351996,Für Demokratie im Sinne von Herrn Grötsch!,AfD,Dr. Alexander Gauland,SPD,Uli Grötsch,2019-06-06,159133,"s ist hier bekannt. Am Ende zählen in einem Rechtsstaat die Fakten, liebe Kolleginnen und Kollegen. (Jürgen Braun [AfD]: Sie sind dabei, Unsinn zu reden!) Da muss man feststellen, dass die Hisbollah zurzeit bei uns in Deutschland zurückhaltend und gewaltfrei ist, also auch keine Straftaten begeht. ("
101553,Alles sehr defensiv!,FDP,Dr. Wolfgang Gerhardt,FDP,Dr. Wolfgang Gerhardt,2001-11-28,55316,"t – das Recht, zu sagen, dass sie das nicht organisieren können. Das stellt eine sinnvolle Balance zwischen den betrieblichen Interessen einerseits und den Interessen der Beschäftigten sowie der Volkswirtschaft andererseits dar. (Hans-Peter Repnik [CDU/CSU]: Was sagt die Benchmarking-Gruppe dazu? – "
453272,Stimmt doch gar nicht!,FDP,Katharina Willkomm,CDU/CSU,Philipp Amthor,2024-02-01,200352,"echtsreform haben Sie ja eben keine Wahlrechtsreform zulasten aller Fraktionen hier im Parlament auf den Weg gebracht, sondern Sie haben eine Reform zulasten der Opposition und eine Reform an der Opposition gemacht. Und das machen wir nicht mit, und dem widersprechen wir. (Beifall bei der CDU/CSU – "
6506,"Frau Kollegin,  wissen Sie, wieviel Mann ein Korps um faßt?",CDU/CSU,<unknown>,DIE LINKE,Andrea Lederer,1991-11-27,3991,"onal einzugreifen. Das deutsch-französische Korps ist als  möglicher Kern einer weltweit operierenden Eingreiftruppe gedacht.  (Zuruf von der CDU/CSU: Weltweit?)  Herr Klose hat bereits heute morgen nachgefragt,  welche Aufgaben dieses Korps übernehmen so ll. Die  Antwort ist bislang ausgeblieben.  "
183519,So sind sie halt!,SPD,Ute Kumpf,SPD,Gabriele Hiller-Ohm,2007-11-15,84147,"m Beispiel den Ausbau der sozialen Infrastruktur komplett aus.  (Widerspruch bei der LINKEN) Die Vorschläge sind auch finanzpolitisch unseriös: Die Linksfraktion verspricht wieder einmal die Verteilung von finanziellen Hilfen aus dem Füllhorn, ohne auch nur anzudeuten, woher das Geld kommen soll.  ("
185693,Da bin ich ja mal gespannt!,DIE LINKE,Oskar Lafontaine,SPD,Uwe Benneter,2008-01-17,85097,"zminister Steinbrück inzwischen auch darangegangen ist, einen Kodex für all die Unternehmen zu schaffen, an denen der Bund beteiligt ist. Sie haben recht: Bundesunternehmen müssen in dieser Frage für uns Vorbild sein. (Beifall bei der SPD und der LINKEN sowie des Abg. Dr. Hermann Otto Solms [FDP] – "
168675,Sie aber nicht!,CDU/CSU,<unknown>,FDP,Rainer Brüderle,2006-09-08,76739,"ag. – Das ist jedenfalls keine konsistente, logische und zielführende Politik. Sie müssen endlich den Mut haben, die grundlegenden Reformen anzupacken. Wenn Sie das nicht tun, geben Sie der Wirtschaft nicht die Luft, die sie braucht. Sie kann mehr. Wir sind unter dem Wert, den wir erreichen können. "
322087,Ein verbeamteter Lehrer ist nicht automatisch ein Schwimmlehrer! Das hat mit der Verbeamtung nichts zu tun! Das ist doch absurd!,GRÜNE,Lisa Paus,CDU/CSU,Dr. Frank Steffel,2017-06-21,145040,"setzt wird. Auch hier könnte ich wieder mit Verweis auf Berlin sagen: Kein Wunder! Wenn man die Lehrer nicht verbeamtet, dann gehen die guten Leute in andere Bundesländer, und man muss auf fachfremdes Personal zurückgreifen. (Özcan Mutlu [GRÜNE]: In Berlin ist kein Wahlkampf! Erst in fünf Jahren! – "
222701,Nein!,CDU/CSU,Jens Spahn,GRÜNE,Fritz Kuhn,2010-09-30,100985," Sagen Sie doch mal:  Was kriegen die Leute denn alles?) Eine Finanzierung aus Steuermitteln sei viel gerechter, haben wir immer wieder gehört. Darüber haben wir viele Debatten geführt. (Jens Spahn [CDU/CSU]: Ja, und? Ist das  schlimm?) Aber tatsächlich nehmen Sie das benötigte Geld aus dem Fonds. ("
4634,Haben Sie eben nicht die Rede von  Herrn Pfuhl gehört?,SPD,Dr. Uwe Jens,FDP,Josef Grünbeck,1991-09-27,2824,"Uwe Jens [SPD]: Da hinten sitzt die Re -gierung!)  — Wir nehmen diese Regierung und die freien Berufe  ausdrücklich in Schutz, weil die Finanzierbarkeit bei  Ihnen keine Rolle spielt, aber bei uns eine entscheidende Bedeutung hat. Das hat der Kollege Doss schon  erwähnt.  (Widerspruch bei der SPD — "
7033,Wer will das  denn?,SPD,Dr. Konstanze Wegner,CDU/CSU,Dr. Rupert Scholz,1991-11-28,4163,"o wir aber der Meinung sind,  daß sich das Grundgesetz auf Dauer bewährt hat.  (Beifall bei der CDU/CSU und der FDP)  Wir wollen keine Totalrevision des Grundgesetzes.  Wir wollen auch keine Überforderung unserer Verfassung mit Utopismen, mit Verfassungskosmetik  oder schlichter Verfassungslyrik.  ("
143473,So ist es!,CDU/CSU,Dr. Peter Paziorek,CDU/CSU,Dr. Rolf Bietmann,2004-09-24,67958,"ersten Lesung unseres Antrages haben Sie und Vertreter der rot-grünen Regierungskoalition deutlich gemacht, dass Sie an einer Dr. Rolf Bietmannniedrigen Quote für den Einsatz dieser Klimaschutzmechanismen festhalten wollen. Diese Politik ist nach meiner Auffassung im Ergebnis klimaschutzschädlich. ("
303844,"Jetzt kommen Sie mal zum Thema, Herr Lenkert!",CDU/CSU,Tankred Schipanski,DIE LINKE,Ralph Lenkert,2016-01-29,136553,"kten, zu Krieg, Vertreibung und Flucht führt. Was macht diese Bundesregierung? Sie ignoriert das und verfehlt das Ziel, 0,7 Prozent vom Bruttoinlandsprodukt für Entwicklungshilfe bereitzustellen – (Dr. André Hahn [DIE LINKE]: Seit Jahren!) – seit Jahren –, konstant und klar mit 0,4 Prozentpunkten. ("
43194,Das haben wir  doch auch bei den Ausgesiedelten!,CDU/CSU,Norbert Geis,SPD,Hans-Joachim Hacker,1996-02-08,27833,ochen gegeben haben. Der von Ihnen  vorgelegte Vorschlag ist nicht das Ergebnis abgewogener Überlegungen.  (Beifall bei der SPD)  Er wird den historischen Verpflichtungen nicht  gerecht und schafft den Boden für neue Rechtsstreitigkeiten durch Einführung eines neuen Stichtages  im Vermögensrecht.  (
347039,Was soll denn daran gerecht sein?,AfD,Jürgen Braun,SPD,Cansel Kiziltepe,2019-03-21,156822,"Herr Präsident! Sehr geehrte Damen und Herren! Liebe Kolleginnen und Kollegen! Sie können nahezu jede Ökonomin und jeden Ökonomen fragen: Die Grundsteuer ist eine der gerechtesten und effizientesten Steuern, die wir haben. (Beifall bei Abgeordneten der SPD – Widerspruch bei der CDU/CSU – "
132863,Wer hat das  denn angekündigt?,FDP,Dr. Wolfgang Gerhardt,GRÜNE,Anna Lührmann,2003-12-11,64280,"und der nationalen Zentralbanken ist in Art. I-29 und Art. III-80 ausreichend rechtlich abgesichert. Das sieht sogar die EZB selber in ihrer Stellungnahme vom 19. September so. Herr Schäuble, Herr Gerhardt, wollen Sie der Verfassung wirklich nur wegen eines Präzisierungsvorschlags nicht zustimmen? ("
155756,"Hätten Sie es getan, wäre es besser gewesen!",GRÜNE,Petra Selg,FDP,Dirk Niebel,2005-05-12,71887,"Herr Präsident! Meine sehr verehrten Damen und Herren! Ich muss schon zugeben: Ich habe lange mit mir gerungen, ob ich meine Redezeit vielleicht dem Kollegen Benneter zur Verfügung stellen sollte.  ("
310422,Dann müssen Sie ganz von vorne anfangen!,GRÜNE,Katrin Göring-Eckardt,CDU/CSU,Volker Kauder,2016-09-07,139678,"ajduk [GRÜNE]: Das wird schwer! – Katrin Göring-Eckardt [GRÜNE]: Das ist ganz schwierig!) dass wir nicht Anlass geben, dass draußen in unserem Land die Menschen sagen: Die leisten sich nur noch Diskussionen. – Denn dadurch geht unter, was wir machen: eine gute Arbeit, um unser Land voranzubringen. ("
424702,So ist es!,FDP,Maximilian Mordhorst,SPD,Peggy Schierenbeck,2023-03-31,191584,e von 200 Euro oder eine Einmalzahlung für Empfängerinnen und Empfänger von Arbeitslosengeld I in Höhe von 100 Euro. Ab 2023 können Steuerzahler/-innen ihre Rentenbeiträge voll absetzen. Aufwendungen für die Altersvorsorge werden als Sonderausgabe berücksichtigt. (Beifall bei Abgeordneten der SPD – 
84067,Die Ahnungen sind berechtigt!,CDU/CSU,Dietmar Kansy,SPD,Wolfgang Spanier,2000-10-12,49412,"CDU/CSU]: Das ist wahr!) zumindest auf den ersten Blick: Mietenanstieg auf einem Tiefststand – ich glaube, seit 1962 –; ein deutlich geringerer Anstieg der Nebenkosten; insgesamt eine Entspannung auf dem Wohnungsmarkt. Ich ahne, dass Sie sich heute kräftig auf die Schulter klopfen wollen. (Dr.-Ing. "
34953,Ihr wollt ja gar keine!,SPD,Gernot Erler,FDP,Friedrich Nolting,1995-02-09,22193," trainiert  werden.  Frau Kollegin Zapf, Sie wissen es ganz genau: Simulatoren allein reichen hier nicht aus. Wir haben  gerade in der letzten Verteidigungsausschußsitzung  darüber gesprochen. Sie wissen, daß Simulatoren,  die Sie hier angesprochen haben, technisch noch  nicht so ausgereift sind.  ("
260492,Sehr gut!,FDP,Michael Goldmann,GRÜNE,Nicole Maisch,2012-10-18,116106,"Beifall beim GRÜNE) Deshalb sagen wir: Die Neuordnung der Agrarsubventionen auf europäischer Ebene ist eine gute Möglichkeit,  um sich für Klasse statt Masse einzusetzen. Wir setzen  nicht mehr auf billig, sondern wir setzen auf besser. (Beifall beim GRÜNE  sowie bei Abgeordneten der LINKEN – Hans- "
170195,Gegen den Turbokapitalismus!,FDP,Patrick Döring,GRÜNE,Winfried Hermann,2006-10-19,77524,"Frau Präsidentin! Meine Damen und Herren! Ich bedanke mich dafür, dass ich heute das Schlusswort bekomme. Ich freue mich, dass es heute eine neue Allianz gibt, eine Allianz  ("
269461,Dafür haben wir die Rente!,CDU/CSU,Hubert Hüppe,GRÜNE,Markus Kurth,2013-03-14,119906,"Denn sonst passiert das, was wir, wie gesagt, nicht  wollen: Dann sind die Betroffenen, die einen besonders  hohen Unterstützungs- und Assistenzbedarf haben, doch  auf Sozialhilfe angewiesen. Sehr wenige Betroffene haben einen so hohen Bedarf, aber es gibt sie. (Beifall bei Abgeordneten des GRÜNE – "
70149,"Ja, richtig!",SPD,Konrad Gilges,FDP,Dirk Niebel,1999-06-30,43916,"triegewerkschaft Bauen-Agrar-Umwelt, „SWG-Express“, zu beginnen. (Lachen bei der SPD) Hier spricht der Bundesvorsitzende der IG Bauen-Agrar- Umwelt: Beharrlichkeit bei der eigenen Interessenvertretung zahlt sich aus. (Beifall bei Abgeordneten der SPD sowie des Abg. Hans-Christian Ströbele [GRÜNE] – "
349945,Schreien Sie nicht so!,GRÜNE,Dr. Franziska Brantner,AfD,Jens Kestner,2019-05-09,158104,"sere Soldaten kümmern. Nein, das tun Sie nicht. (Beifall bei der AfD – Henning Otte [CDU/CSU]: Haben Sie sich überhaupt damit auseinandergesetzt?) Waren es nicht Sie, Frau Ministerin, die von der Agenda Attraktivität mit der dazugehörigen Trendwende Personal gesprochen und sie auch ausgerufen hat? ("
65523,Und es war keiner hier!,SPD,Alfred Hartenbach,GRÜNE,Hans-Christian Ströbele,1999-02-24,41732,"e Geis, ich fühlte mich angesprochen, als Sie die Situation im Rechtsausschuß heute erwähnt haben. Etwa um 14.15 Uhr hat die CDU/CSU- Fraktion beantragt, die Sitzung zu unterbrechen, damit die Mitglieder der CDU/CSU, der FDP und der PDS ins Plenum gehen und der allgemeinen Debatte lauschen können. ("
239658,Dann sehen wir uns in Karlsruhe!,GRÜNE,Philip Winkler,SPD,Michael Hartmann,2011-09-06,107814,"t kommt vor dem Fall. Wer es über drei Jahre hinweg nicht schafft, die Vorgaben des Verfassungsgerichts umzusetzen, der sollte mit anderen in den Dialog kommen, statt sie verächtlich zu behandeln. Sie werden uns noch sehr brauchen, Herr Krings. (Beifall bei der SPD, der LINKEN und dem GRÜNE – Josef "
278306,Das sehen wir ganz anders!,GRÜNE,Ulle Schauws,DIE LINKE,Kathrin Vogler,2014-02-13,124423,"men und abwägen.  (Ulle Schauws [GRÜNE]: Genau! Das müssen wir tun, für Frauen und ihre Selbstbestimmung in der Gesellschaft!)  Es gibt Argumente dafür und dagegen, mit denen wir uns auseinandersetzen müssen; aber es gibt keine Zwangsläufigkeit. Wir wägen die Argumente im Interesse der Frauen ab.  ("
311266,Das habe ich schon in anderem Zusammenhang gehört!,GRÜNE,Corinna Rüffer,SPD,Andrea Nahles,2016-09-22,139981," ihnen im Alltag unverzichtbar ist. Dazu möchte ich allen, die uns heute zusehen oder zuhören und sich Sorgen machen, deutlich sagen: Niemandem soll es mit dem Bundesteilhabegesetz schlechter gehen. Im Gegenteil: Den meisten wird es – dessen bin ich mir sicher – besser gehen. (Beifall bei der SPD – "
131164,Das hat er doch gar nicht behauptet!,CDU/CSU,Thomas Rachel,SPD,Edelgard Bulmahn,2003-11-25,63901,"ng. (Klaus-Peter Willsch [CDU/CSU]: Suppenküchen!) – Herr Willsch, lassen Sie mich eines sagen: Wenn Sie nicht begreifen, dass es ein gesellschaftspolitischer Skandal ist, dass in unserem Land 25 Prozent der Kinder die Schule verlassen, ohne dass sie Grundkenntnisse in Rechnen und Schreiben haben, ("
116146,Das meiste!,GRÜNE,Dagmar Göring-Eckardt,CDU/CSU,Friedrich Merz,2002-12-03,59305,"Sie uns, meine Damen und Herren, auf die Haushaltsdaten zu sprechen kommen. Wir bekommen, wenn auch mit abnehmender Intensität, noch immer die Vorhaltung gemacht, alles, was Sie jetzt an Problemen 746 hätten, sei sozusagen der 16-jährigen Amtszeit einer früheren Bundesregierung geschuldet.  (Katrin "
430154,Die Vermögensteuer der CDU/CSU!,FDP,Reinhard Houben,GRÜNE,Maria Klein-Schmeink,2023-05-26,193406,"esetzlichen Krankenversicherung so vorgesehen; das ist auch in der sozialen Pflegeversicherung als beitragsgestütztes System so vorgesehen. Ich frage mich: Was ist denn Ihre Alternative, um die Kosten – wir müssen ja immerhin die Liquidität der sozialen Pflegeversicherung sichern – zu finanzieren? ("
146549,Deswegen seid Ihr bei 30 Prozent!,CDU/CSU,Jochen-Konrad Fromme,SPD,Jörg-Otto Spiller,2004-11-23,69019,"em Bund gleichsam in die Schuhe zu schieben. Genau das ist das Problem. Das ist Ihr Rezept. Es wird Ihnen bloß nicht abgenommen werden, weil die Bürger natürlich klüger sind, als Sie sie einschätzen. Die Bürger werden sich ihre eigenen Gedanken darüber machen, für wie unbedarft die Union sie hält. ("
380830,"Ja, natürlich, natürlich, natürlich! Gewiss doch!",AfD,Fabian Jacobi,AfD,Fabian Jacobi,2020-12-17,172806,"anierung geschehen und nicht nur dadurch, dass man bloß den Insolvenzantrag immer weiter hinausschiebt. In diesem Sinne: Ich wünsche im Vorgriff schon mal frohe Weihnachten. Und bis nächstes Jahr! (Beifall bei der AfD – Friedrich Straetmanns [DIE LINKE]: Die Maske, Herr Kollege! – Gegenruf des Abg. "
224009,Das müssen wir jetzt aber mal ein biss,GRÜNE,Kerstin Andreae,CDU/CSU,Lena Strothmann,2010-10-08,101501,"chlossen; sie zeigen jetzt ihre ökonomische Wirkung. Aber wer A sagt, muss auch B sagen. Wir haben dafür zusätzliche Schulden gemacht, und die müssen wir nun abbauen. Wir haben die Krise dank der Konjunkturpakete, aber auch dank des politischen Geschicks unserer Kanzlerin Angela Merkel gemeistert. ("
276974,Aber in Hessen wart ihr schneller!,CDU/CSU,Florian Hahn,GRÜNE,Manuel Sarrazin,2013-12-18,123685,"Sehr geehrter Herr Präsident! Meine Damen und Herren! Wenn man in den letzten Monaten in den Hauptstädten Europas unterwegs war, konnte man feststellen: Alle warteten auf die Bundestagswahl und waren dann ganz überrascht, dass man noch weiter warten muss: auf den Koalitionsvertrag.  ("
150874,Frohes Tanken!,CDU/CSU,Leo Dautzenberg,SPD,Ingrid Arndt-Brauer,2005-01-27,70270,"en Jahren. Vielleicht fällt Ihnen nächstes Jahr, wenn Sie einen Antrag zur Ökosteuer stellen, auch etwas zur Gegenfinanzierung ein. (Leo Dautzenberg [CDU/CSU]: Zum Herbst!) Darauf freuen wir uns alle. In diesem Sinne: Einen schönen Abend noch. (Beifall bei der SPD sowie bei Abgeordneten des GRÜNE – "
457517,„Maul“ ist aber unparlamentarisch!,AfD,Enrico Komning,SPD,Jan Dieren,2024-03-22,201821," verzichten, und sich freiwillig gesetzlich versichern lassen – ein Einziger. (Beifall bei der SPD sowie bei Abgeordneten des GRÜNE) Und dann schimpfen Sie hier über alle anderen, die sich weigern würden, in die gesetzliche Rentenversicherung einzuzahlen. Sie reißen zwar sehr schnell das Maul auf, ("
451604,"Doch, doch, doch! Sie müssen sich um meine Gesundheit keine Sorgen machen!",AfD,Martin Reichardt,FDP,Matthias Seestern-Pauly,2024-01-30,200033,"en, dass Sie definitiv alles sind, aber keine Alternative für Deutschland. (Beifall bei der FDP, der SPD, der CDU/CSU und dem GRÜNE sowie bei fraktionslosen Abgeordneten – Zuruf des Abg. Martin Reichardt [AfD]) – Herr Reichhardt, beruhigen Sie sich! Das ist nicht gesund für Sie, was Sie da machen. ("
357452,Haben wir gemacht!,SPD,Dr. Eva Högl,FDP,Katharina Willkomm,2019-10-25,161545,"Beifall bei der FDP) Liebe Kolleginnen und Kollegen von der SPD, akzeptieren Sie die Realität. (Dr. Eva Högl [SPD]: Das tun wir! Jeden Tag!) Und wenn noch Zeit ist, schauen Sie heute vor der Heimfahrt noch bei den Berliner Genossen vorbei. Erklären Sie ihnen die Kompetenzordnung des Grundgesetzes: ("
341879,"Himmel, lass Hirn regnen!",AfD,Armin-Paulus Hampel,DIE LINKE,Cornelia Möhring,2018-12-13,154385,"r unsere ideologisch verblendeten Hardliner wohl wenig, und es interessiert anscheinend auch nicht diejenigen, denen das Kindeswohl nur so lange am Herzen liegt, solange sie damit Kontrolle über weibliche Körper erlangen können. (Beifall bei der LINKEN sowie bei Abgeordneten der SPD und des GRÜNE – "
232885,Und wer hat den Vertrag unterschrieben?,GRÜNE,Jürgen Trittin,CDU/CSU,Dr. Christian Ruck,2011-03-17,104779,"ertrag von 2000 erinnern. Wer in dem Vertrag mit den Kraftwerksbetreibern ohne Not auf jegliche Sicherheitsverbesserungen in den Kernkraftwerken in der Zukunft verzichtet hat, der hat meiner Ansicht nach jedes Recht verwirkt, hier den Moralapostel zu spielen. (Beifall bei Abgeordneten der CDU/CSU – "
300630,So ist es!,CDU/CSU,Mark Hauptmann,SPD,Rainer Spiering,2015-11-13,135136,"as ist gründlich misslungen!) Wir haben im Bereich der Landwirtschaft einen Sektor, die Landmaschinentechnologie, der extrem erfolgreich ist. Der ist allerdings zu 75 Prozent vom Export abhängig. Ich habe mir einmal die Zahlen von Kanada kommen lassen. Wir kommen fast nicht in diesen Markt hinein. ("
233005,Ja!,SPD,Joachim Poß,FDP,Dr. Volker Wissing,2011-03-17,104796,"chiede gehabt, aber wir wollten die Interessen der ehrlichen Steuerzahlerinnen und Steuerzahler eben auch berücksichtigt finden, und wir wollten eine verfassungskonforme Lösung. Sie von der SPD tun hier so, als wären Sie diejenigen, die die Bekämpfung der Steuerhinterziehung immer verfolgt hätten. ("
152199,Der Tauss muss in den Zirkus Krone!,CDU/CSU,von Stetten,SPD,Jörg Tauss,2005-02-24,70770,"tück weiter. Sie sind ja noch jung – nicht ganz, aber ziemlich –, (Heiterkeit) also bestehen noch Chancen, dass wir es das nächste Mal gemeinsam machen. Wir sind dabei im Sinne der Kulturpolitik zu jeder Kooperation bereit.  Ich bedanke mich.  (Beifall bei der SPD und dem GRÜNE – Christian Freiherr "
176102,Die Praxis wird das Gegenteil beweisen!,FDP,Detlef Parr,SPD,Dr. Peter Danckert,2007-03-22,80380,"nden wir gut. Wir fühlen uns in Übereinstimmung mit dem Deutschen Olympischen Sportbund, mit seinem Präsidenten Bach und Herrn Vesper. Wir sind auf dem richtigen Wege. Deshalb ist das ein richtiger Ansatz, den wir in den nächsten Wochen hier diskutieren werden. Wir haben dazu ja noch Gelegenheit.  ("
134179,Kleines  Karo!,CDU/CSU,Hartmut Schauerte,GRÜNE,Grietje Bettin,2004-01-29,64680,"e lieben Kolleginnen und Kollegen! Ich bedaure, dass die Opposition zu diesem für Deutschland so zukunftsweisenden Thema nicht mehr als diesen allgemeinen politischen Rundumschlag zu bieten hatte. (Beifall bei Abgeordneten des GRÜNE und der SPD) Die Informationsgesellschaft entwickelt sich rasant  ("
51512,Vielleicht?,GRÜNE,Angelika Beer,FDP,Dr. Irmgard Schwaetzer,1997-02-27,34033,"Linien, was die Diskussion  nur noch schwieriger macht. Frau Dietert-Scheuer,  ich teile Ihre Einschätzung, daß die späte Stunde dieser Debatte der krisenhaften Zuspitzung der Situation in der Türkei vielleicht nicht gerecht wird.  (Beifall des Abg. Ulrich Irmer [FDP] und  der Abg. Uta Zapf [SPD] - "
328214,"Wetter und Klima, sage ich da nur!",GRÜNE,Harald Ebner,AfD,Dr. Rainer Kraft,2018-03-23,148317,"mp-Administration als alleinigen Apostat in der Klimafrage brandmarken. Wir sind kalendarisch in dieser Woche in den Frühling eingestiegen. In Bayern wurde der kälteste Frühlingsbeginn seit mindestens 138 Jahren, wenn nicht sogar seit Beginn der Aufzeichnungen, dokumentiert; aber das nur am Rande. ("
321362,Das stimmt!,DIE LINKE,Dr. Dietmar Bartsch,CDU/CSU,Ralph Brinkhaus,2017-06-01,144659,"Herr Präsident! Meine Damen und Herren! Sie werden sich sicherlich wundern, dass so eine wichtige Debatte – man sieht das an dem hochkarätigen Auditorium auf der Bundesratsbank und dem vollen Plenarsaal – von einem einfachen Abgeordneten des Deutschen Bundestags eröffnet wird. ("
187777,So ist es!,GRÜNE,Dr. Uschi Eid,CDU/CSU,Monika Grütters,2008-02-21,86028,"ich zur Lösung offener Fragen in dieser sensiblen Thematik beigetragen.  Ausgangspunkt der erneuten und aktuellen Debatte ist übrigens nicht das zehnjährige Jubiläum der Washingtoner Konferenz, sondern die umstrittene Rückgabe des Kirchner-Gemäldes „Berliner Straßenszene“ durch den Berliner Senat. ("
115212,Das glauben Sie nicht einmal selber!,CDU/CSU,Andreas Storm,SPD,Erika Lotz,2002-11-07,59066,"arauf, dass zukünftig wieder mehr Menschen erwerbstätig sein können. Dann werden auch wieder mehr Menschen Beiträge für Rentenver- Dr. Dieter Thomae sicherung und Krankenversicherung bezahlen und auch die Steuereinnahmen werden höher sein. (Hartmut Schauerte [CDU/CSU]: Von welchem Land reden Sie? – "
406803,Firmenpleiten!,AfD,Bernd Schattner,GRÜNE,Dieter Janecek,2022-09-29,186044,"ch noch nicht die Lösung der Krise. (Stephan Brandner [AfD]: Sondervermögen!) Die Ausweitung des Angebots, die Auffüllung der Gasspeicher, was wir in Rekordzeit geschafft haben, die Fertigstellung der LNG-Terminals, die neuen Verträge, der rasante Ausbau der erneuerbaren Energien, Energiespeicher: ("
233785,Das ist falsch!,CDU/CSU,Norbert Geis,GRÜNE,Kai Gehring,2011-03-24,105127,"SU]: Aber der Weg! Zeig  mal einen Weg auf, der praktikabel ist!) Das zeigt doch, dass auch Sie mit dieser Konstruktion nicht gut leben können. Es ist ein Kardinalfehler, dass Schwarz-Gelb Freiwilligendienste erster und zweiter Klasse schaffen will. (Beifall beim GRÜNE, bei der SPD und der LINKEN – "
14533,"Wein war das nicht, das  war Sauermilch!",FDP,<unknown>,SPD,Hans Büttner,1992-10-15,8435,"Herr Kollege Kauder, ich habe das sehr wohl gelesen. Aber das, was  hier diskutiert wird — so haben Sie es vorhin  genannt —, ist alter Wein in neuen Schläuchen.  "
109297,Leider wahr!,CDU/CSU,Hartmut Schauerte,CDU/CSU,Dr. Hansjürgen Doss,2002-04-25,57440,"l wird im Jahre 2003 das Wachstum in den USA3,7 Prozent, in Kanada 3,5 Prozent, in Irland 5 Prozent und in anderen Ländern noch mehr betragen. Deutschland bleibt mit einem Wachstum von 2,4 Prozent im kommenden Jahr zum dritten Mal hintereinander Schlusslicht. (Ernst Hinsken [CDU/CSU]: Hört! Hört! – "
412501,Lernen Sie erst mal was Vernünftiges!,AfD,Stephan Brandner,GRÜNE,Andreas Audretsch,2022-11-23,187689,"ie Propaganda Moskaus (Stephan Brandner [AfD]: Haben wir gerade gehört, mit den Berufsabbrechern!) zu verbreiten. (Beifall beim GRÜNE und bei der SPD sowie bei Abgeordneten der FDP) Das, was wir in dieser Zeit tun, ist, erstens uns um die Menschen zu kümmern und zweitens das Land zu modernisieren. ("
220719,Kommt noch!,CDU/CSU,Jens Spahn,GRÜNE,Birgitt Bender,2010-07-09,100508,"und der Start der Nutzenbewertung bereits zum Zeitpunkt des Zulassungsantrages, das wäre der richtige Ansatz.  Ein weiterer Punkt. Kann mir die Koalition einen guten Grund nennen, warum Impfstoffe von der Nutzenoder Kosten-Nutzen-Bewertung ausgenommen sind? Ich habe bisher keinen einzigen gehört.  ("
333317,Wie viel denn noch?,FDP,Dr. Marcel Klinge,SPD,Bernhard Daldrup,2018-06-29,150754,"besätze zu senken, weil wir die Basis der Gewerbesteuerzahler dann sozusagen deutlich verbreitern würden. (Dr. Marcel Klinge [FDP]: Das wollen wir nicht, danke!) Dann gäbe es sicherlich eine bessere Möglichkeit zur Diskussion. Ich würde mich freuen, wenn Sie diese Frage mit Ja beantworten könnten. ("
417610,"Niemand hat den Indern verboten, zu kommen! Die wollen nicht kommen! Wolkenkuckucksheim ist das hier!",AfD,Dr. Götz Frömming,SPD,Hubertus Heil,2023-01-20,189317," „Kinder statt Inder“, den sich Herr Rüttgers von der CDU vor 20 Jahren noch geleistet hat, um damit die Inländer gegen die Zugewanderten auszuspielen, kann sich Deutschland ökonomisch nicht leisten; das muss klar sein. (Beifall bei der SPD, dem GRÜNE und der FDP sowie bei Abgeordneten der LINKEN – "
427442,Das ist ja das Schlimme! Die anderthalb Jahre haben gereicht!,CDU/CSU,Dr. Klaus Wiener,FDP,Maximilian Mordhorst,2023-04-28,192482,"Rainer Kraft [AfD]) 1,5 Jahre Ampel oder 16 Jahre Union – was hat wirklich dafür gesorgt, (Sebastian Brehm [CDU/CSU]: 16 Jahre Union! – Daniel Föst [FDP]: Ampel!) dass die Wettbewerbsfähigkeit des deutschen Wirtschaftsstandortes in Gefahr ist? (Beifall bei der FDP sowie bei Abgeordneten des GRÜNE – "
77192,"Ja, zum Beispiel Handwerk für Frauen!",SPD,Ute Kumpf,CDU/CSU,Rainer Jork,2000-01-28,46536,"meinem zweiten Punkt, zur  Modernisierung der Berufsbildung. Es hat keinen  Sinn, zu fragen, ob Ausbildung im Betrieb und in unternehmerischer Verantwortung Zukunft hat, sondern allenfalls, wie wir diese Ausbildung in Zukunft gestalten.  Da gilt es auch unangenehme Themen anzugehen, Herr  Brase.   ("
192722,Haben Sie  meine Rede schon gelesen?,DIE LINKE,Jörn Wunderlich,CDU/CSU,Ingrid Fischbach,2008-06-26,88704,"mehr als verdoppelt; statt knapp 100 000 werden es bald 250 000 Kinder und Eltern sein. Es ist richtig und wichtig, dieses Signal zu setzen.  Natürlich wird Herr Wunderlich gleich wieder sagen, dass einmal davon die Rede war, 500 000 Kinder und Familien würden einen Anspruch auf Kindergeld haben;  ("
433360,Das stimmt nicht!,GRÜNE,Dr. Sandra Detzer,CDU/CSU,Julia Klöckner,2023-06-23,194425,den sozialen Markt geschehen lassen. Das war in der Vergangenheit sehr erfolgreich. Im Übrigen: Seit 1990 haben wir die CO2-Emissionen um 40 Prozent reduziert bei einer Verdopplung der Wirtschaftsleistung. (Beifall bei der CDU/CSU) Durch Ihre Energieentscheidungen steigt der CO2-Ausstoß gerade an. (
77098,Das stimmt so nicht!,SPD,Konrad Gilges,FDP,Dr. Heinrich L. Kolb,2000-01-27,46503,"DM, was ja durchaus noch einsichtig erscheint. Reichtum allerdings beginnt schon bei Einkommen von 80 000 bis 100 000  DM – wohlgemerkt: jeweils brutto. Da werden sich einige Menschen in der Bundesrepublik mit Recht schon  bange fragen, was da möglicherweise auf sie zukommt.  (Beifall bei der FDP – "
377630,Nach Ihrer Meinung dürfen die sich ja nicht mit der Kanzlerin treffen!,CDU/CSU,Michael Grosse-Brömer,DIE LINKE,Dr. André Hahn,2020-11-05,170984,"erter Fenster gar keine Möglichkeit zum Lüften der Räume gibt, sei hier nur am Rande erwähnt. Deshalb frage ich schon: Was haben Bund und Länder in den letzten Monaten eigentlich unternommen, um sich auf die ja nun wahrlich nicht überraschend kommende zweite Welle der Coronapandemie vorzubereiten? ("
279765,Das kann man so und so sehen!,DIE LINKE,Matthias W. Birkwald,SPD,Dr. Carola Reimann,2014-04-03,125263,"von der Opposition, wir brauchen hier keine Belehrungen. Wir haben bei unserer Rentenpolitik der letzten Jahre immer beides im Blick gehabt: die mit der demografischen Entwicklung verbundenen Herausforderungen der Zukunft genauso wie die Lebensleistungen und die Interessen der älteren Generation.  ("
60969,Oh Jesses!  Moralapostel!,CDU/CSU,Brigitte Baumeister,SPD,Uwe Hiksch,1998-05-07,39522,iterentwicklung beider Wettbewerbsordnungen zu einem  abgestimmten und verbesserten System des Schutzes  gegen Wettbewerbsbeschränkungen erreicht werden kann. - Mein Kollege Schwanhold hat natürlich  recht: Die jetzige Bundesregierung als Ganzes ist  nicht auf den Pfad der Tugend zurückzubringen.  (
305650,"Wer zwingt den Handel, das alles reinzunehmen ins Sortiment?",DIE LINKE,Dr. Kirsten Tackmann,CDU/CSU,Rita Stockhofe,2016-03-17,137302,"isch aus dem Ausland, wo das Töten weiter billigend in Kauf genommen wird, in den Regalen haben. (Beifall bei der CDU/CSU) Unser Ziel ist es, Kükentötungen zu vermeiden. Deswegen lehnen wir diesen Antrag ab. (Beifall bei der CDU/CSU – Britta Haßelmann [GRÜNE]: Seit acht Jahren arbeiten Sie daran! – "
412830,Die schafft alles!,AfD,<unknown>,GRÜNE,Deborah Düring,2022-11-23,187756," präventive Politik. Das ist Politik aus dem letzten Jahrzehnt, und ich bin froh, dass wir als Ampel das anders machen. (Beifall beim GRÜNE und bei der SPD sowie bei Abgeordneten der FDP) Wir machen eine feministische Entwicklungspolitik. (Dr. Wolfgang Stefinger [CDU/CSU]: Und die schafft es dann! –"
90751,Oder ahnungslos!,SPD,Monika Ganseforth,GRÜNE,Dr. Reinhard Loske,2001-02-15,51679,"DP Parlamentarischer Staatssekretär. Er tut jetzt so, als wenn er von Tuten und Blasen keine Ahnung hätte.  (Beifall beim GRÜNE – Zuruf vom GRÜNE: Unglaublich!) Herr Hirche, Sie wissen, dass ich Sie als Kollegen schätze. Aber das nenne ich absolut scheinheilig. (Beifall beim GRÜNE und bei der SPD – "
213785,So ist es!,SPD,Iris Gleicke,SPD,Waltraud Wolff,2010-03-18,97825,"n ein, dass da ein Aufwuchs ist; wir könnten uns mit einer Schmälerung einverstanden erklären. – Niemals ist das gekommen. Aber die Erneuerbare- Energien-Branche, darunter die Fotovoltaik- und die Solarenergiebranche, hat das, was ab Januar 2010 an Degression schon geplant war, sogar mitgetragen.  ("
1106,Kein Applaus bei der  SPD!,FDP,Josef Grünbeck,SPD,von Larcher,1991-05-14,925,"wie teuer uns die deutsche Einheit kommt.  Damit das klar ist — entgegen Ihren Diffamierungen  unserer Partei, wir wollten in Wahrheit die Deutsche  Einheit nicht —, sage ich hier: So teuer, wie uns die  deutsche Einheit kommt, so teuer ist sie uns auch.  (Zuruf von der FDP: Aber nicht so lieb!  —  "
26165,Dieser Regierung!,SPD,Rudolf Bindig,CDU/CSU,Dr. Christian Neuling,1993-11-24,15998,".  (Beifall bei der CDU/CSU und der FDP  sowie bei Abgeordneten der SPD)  Meine lieben Kolleginnen und Kollegen, wir beraten und verabschieden ja heute vermutlich zum letzten Mal in dieser Legislaturperiode den Einzelplan  des Bundesministeriums für wirtschaftliche Zusammenarbeit und Entwicklung.  ("
60766,Das hat der Waigel  gemacht!,SPD,Dr. Peter Struck,SPD,Rudolf Scharping,1998-05-06,39430,"  ihre Zukunft und zu der Bedeutung der Entscheidung über die gemeinsame europäische Währung  gesagt worden ist, wird im Hause - praktisch ungeteilt - mit Zustimmung begleitet. Das steht außer  Frage.  (Beifall bei der SPD)  Man muß aber aufpassen, die Debatte vom  23. April nicht zu wiederholen.  ("
81012,"Ihr müsst euch darüber klar werden, das ist richtig!",GRÜNE,Rezzo Schlauch,CDU/CSU,Friedrich Merz,2000-06-08,48172,"nn wäre es besser, die Krise findet in der Europäischen Union der Fünfzehn statt und wird gelöst, als dass sie in einer erweiterten Europäischen Union stattfindet und dann möglicherweise nicht mehr lösbar ist.  (Beifall bei der CDU/CSU) Es kommt darauf an, dass wir uns selbst darüber klar werden,  ("
198602,"Jetzt entschuldigt er sich dafür, dass er einmal etwas Gutes gemacht hat! Das ist nicht zu fassen!",SPD,Andrea Nahles,FDP,Dr. Heinrich L. Kolb,2009-01-22,91489,ewirkt. Dazu will ich Folgendes feststellen: Das Arbeitnehmer-Entsendegesetz von 1996 ist mit den heutigen Regelungen absolut nicht mehr vergleichbar. Die Regelung von 1996 war befristet. Sie ist erst1998 nach der Bundestagswahl durch Rot-Grün entfristet worden. (Beifall bei der SPD und dem GRÜNE – 
128317,Leider ist das nicht parteiübergreifend geschehen! Ich war zum Beispiel nicht eingeladen!,FDP,Ina Lenke,FDP,Ina Lenke,2003-10-15,62999,"struktur ist ja nach meinen Informationen in bestem Zustand. Es gab in dieser Woche ein Gespräch des Bundesministers mit drei Bürgermeistern aus der Region und Herrn Kollegen Stünker. Dabei ist schon dargestellt worden, dass die Nutzung dieser Kaserne in die weiteren Überlegungen einbezogen wird.  ("
100205,Ihr habt doch die Kostenkontrolle im Haushaltsausschuss verweigert!,GRÜNE,Franziska Eichstädt-Bohlig,FDP,Jürgen Koppelin,2001-11-08,54890,"pleite! Die Gesellschaften, die für uns bauen, und auch die Bundesbaugesellschaft wissen natürlich, dass der Bund nicht Pleite gehen kann und dass man alles machen kann, weil das schon irgendwie zurechtgebogen werden wird und weil zum Schluss diverse Kommissionen und Gremien alles abnicken werden. ("
123871,Genau!,SPD,Siegfried Scheffler,SPD,Hans-Günter Bruckmann,2003-05-08,61428,"eit von 130 km/h, und zwar im öffentlichen Personennahverkehr. Damit liegt er nur unwesentlich unter der eines Intercityexpress, der auf der Strecke von Essen nach Berlin als Nahverkehrsmittel im Schnitt rund 150 Kilometer pro Stunde erreicht. Das Gerede von der Bimmelbahn ist daher purer Unsinn.  ("
44250,Nimm den Schnabel  nicht zu voll!,SPD,<unknown>,CDU/CSU,Bartholomäus Kalb,1996-03-13,28572,"iben.  Es gehört ja schon zum Ritual in diesem Hause,  daß Sie zu jedem Haushalt ein Horrorszenario entwickeln und den Teufel an die Wand malen.  (Zuruf von der SPD: Zu Recht!)  Ich habe mir vorhin noch das Protokoll der  122. Sitzung des 12. Deutschen Bundestages vom  24. November 1992 angesehen.  "
51163,"Wie der  Staat, so sieht der Wald aus!",CDU/CSU,Siegfried Hornung,FDP,Ulrich Heinrich,1997-02-21,33863,"die  sich auf den Zustand des Waldes in der Zukunft auswirkt. Denn wer versorgt unsere Wälder? Wir wissen  doch, wie es in den neuen Bundesländern ausgesehen hat und noch heute aussieht. Der Eigentümer  Staat hatte kein Interesse an der Pflege des Waldes.  Entsprechend sehen die Wälder dort aus -  ("
41462,Das kann man nur  bedauern!,FDP,Ulrich Irmer,CDU/CSU,Willy Wimmer,1995-11-23,26579,"agen, Herr Kollege Weisskirchen: Sie an der Spitze haben für alle Redner aus den  Reihen der Opposition mit das übelste Beispiel gegeben.  (Dr. Helmut Haussmann [FDP]: Absolut!)  Ich sage das mit allem Nachdruck, weil ich das in  Anbetracht unserer sonstigen Zusammenarbeit nachdrücklich bedauere.  ("
351058,Jammerlappen! Das ist ja furchtbar!,CDU/CSU,de Vries,AfD,Dr. Christian Wirth,2019-05-16,158652,"Ecke zu rücken, (Christoph de Vries [CDU/CSU]: Was soll dieses Selbstmitleid!) nur weil wir im Zusammenhang mit der Zuwanderung auf die Gefahr von Parallelgesellschaften aufmerksam machen. (Stefan Müller [Erlangen] [CDU/CSU]: Sagen Sie doch mal was zum Thema! Immer dieses Selbstmitleid! – Christoph "
352920,Falsch!,AfD,Tino Chrupalla,GRÜNE,Dr. Irene Mihalic,2019-06-27,159567,"achten, die besonders auffällig sind. Das gilt vor allem für die organisierte Kriminalität. (Beifall beim GRÜNE sowie der Abg. Susanne Mittag [SPD]) Wenn wir uns das Bundeslagebild Organisierte Kriminalität anschauen, dann stellen wir fest, dass die größte Gruppe der Tatverdächtigen Deutsche sind. ("
346204,Das läuft doch!,SPD,Kirsten Lühmann,AfD,Marc Bernhard,2019-03-14,156396,"s gibt keine einzige klinische Studie, die einen Stickstoffdioxidgrenzwert unter 100 Mikrogramm rechtfertigen würde. Oder beweisen Sie uns doch einfach das Gegenteil, indem Sie endlich der von uns vor über einem Jahr beantragten erstmaligen wissenschaftlichen Überprüfung des Grenzwertes zustimmen. ("
152375,Versagen auf ganzer Linie!,CDU/CSU,Ernst Hinsken,CDU/CSU,Johannes Singhammer,2005-02-25,70848,1. Januar dieses Jahres fertig sein. Jetzt sollte es bis Ende Februar fertig sein. Es ist kein Ende in Sicht. Deshalb wird das vorrätige Geld nicht in die Hand genommen. Es passiert nichts. Sie kommen nicht voran und neue Arbeitsplätze werden nicht geschaffen. (Beifall bei der CDU/CSU und der FDP – 
409098,Ihre Ministerpräsidenten haben zugestimmt!,FDP,Jens Teutrine,CDU/CSU,Maximilian Mörseburg,2022-10-19,186787,"diese Themen diskutieren, zum Beispiel, dass ich nicht vertreten kann, dass wir alle Kriegsflüchtlinge, die herkommen, in Deutschland aufnehmen, auch nicht in Stuttgart. Dafür gab es immer Verständnis. Aber wofür es kein Verständnis gab, war Ihre Regelung in diesem Bereich, der Rechtskreiswechsel. ("
332503,Dummes Zeug! Lächerlicher Unsinn!,AfD,Jürgen Braun,DIE LINKE,Katja Kipping,2018-06-27,150387,"en Ländern gehört unser Dank. Das Problem jedoch war, dass ohne eine Genehmigung durch das Bundesinnenministerium keines dieser Länder auch nur einen Geflüchteten aus Malta zu sich holen durfte. Das heißt: Das Leben von 234 Menschen hing an einer Anweisung aus Ihrem Haus, die Sie verweigert haben. ("
298252,Das sagen sonst immer nur andere! Sie sonst nie!,CDU/CSU,Dr. Thomas Feist,DIE LINKE,Dr. Rosemarie Hein,2015-09-24,133941,"icht können Sie da noch etwas nachsteuern. Verehrter Herr Dr. Feist, die Berufsschulen zu verändern und ihre Qualität zu verbessern, das finden wir auch wichtig; da sind wir uns einig. Ich muss Ihnen nur sagen: Das ist dummerweise nicht Aufgabe des Bundes; vielmehr unterliegt das der Länderhoheit. ("
344663,"Und das völlig unabhängig davon, welcher Nationalität sie sind!",SPD,Ulli Nissen,AfD,Frank Magnitz,2019-02-14,155635,"setz keine Rede. (Dr. Wolfgang Strengmann-Kuhn [GRÜNE]: Das ist gelogen! Lügen Sie doch nicht!) Bitte befragen Sie Ihr Gewissen, und lassen Sie uns heute ohne Ansehen der Person allen Menschen in Deutschland ein Dach über dem Kopf und eine warme Mahlzeit sichern! Danke schön. (Beifall bei der AfD – "
290838,Jetzt unterstell doch Manuel Sarrazin nichts!,GRÜNE,Annalena Baerbock,DIE LINKE,Andrej Hunko,2015-02-05,130371,"mal in Griechenland, das eine Mal mit Ihnen zusammen, das andere Mal einige Mitglieder mit Herrn Krichbaum. Ich habe für die zweite Reise dem Ausschuss vorgeschlagen, dass wir uns dort das Gesundheitssystem anschauen, dass wir Krankenhäuser besuchen. Leider war niemand Ihrer Kollegen dazu bereit.  ("
80769,"Das fehlt noch, Fischer mit Hut!",GRÜNE,Rita Grießhaber,FDP,Dr. Guido Westerwelle,2000-05-19,48078,", weil ein Privatmann eine Rede hält, der zufällig noch Minister ist? Setzt man eigentlich als Minister mal einen Hut auf und setzt ihn dann wieder ab und wenn man ihn abgesetzt hat, darf man sagen, was man will, und wenn man ihn aufgesetzt hat, darf man nur sagen, was andere ihm vorgegeben haben? ("
207487,"Sie müssen doch nicht Ja sagen, wenn es falsch ist!",GRÜNE,Renate Künast,FDP,Gisela Piltz,2009-12-02,95937,"nd nicht ein Minister dieser Regierung. Sie haben zwei Jahre lang keinen Ton zu SWIFT gesagt. (Beifall bei der FDP und der CDU/CSU) Sie haben zwei Jahre lang den Mund gehalten. Sich jetzt hier so aufzublasen, ist eine Unverschämtheit für den Datenschutz; das muss hier einfach einmal gesagt werden. ("
164237,So ist das!,SPD,Iris Gleicke,CDU/CSU,Kurt J. Rossmanith,2006-03-31,74937,"verehrten Kolleginnen und Kollegen! Frau Kollegin Flach, wir haben dazu keine grundsätzlich unterschiedlichen Anschauungen. Aber Fakt ist, dass Sie das DLR natürlich nicht teilen können. Ganz wesentliche Teile im Deutschen Zentrum für Luft- und Raumfahrt betreiben anwendungsorientierte Forschung.  ("
266091,Sie widerspricht sich permanent!,FDP,Christine Aschenberg-Dugnus,GRÜNE,Birgitt Bender,2013-01-16,118485,"rabschieden. Die PKV als solche ist eine Fehlkonstruktion, nichts anderes. (Beifall beim GRÜNE sowie bei Abgeordneten der SPD und der LIN- KEN) Man sieht es doch: Obwohl sie weit weniger chronisch Kranke, Behinderte und Alte versichert, liegen ihre Ausgabensteigerungen deutlich über denen der GKV. ("
121503,Das ist diskriminierend!,GRÜNE,<unknown>,CDU/CSU,Andreas Scheuer,2003-03-18,60723,"sten und unflätigen Kommentaren. (Nicolette Kressl [SPD]: Und das beim Haushalt für das Ministerium für Familie, Senioren, Frauen und Jugend! – Wilhelm Schmidt [ Salzgitter] [SPD]: Das ist doch unglaublich! Das ist nicht nur bescheuert, das ist ungehörig! Unfassbar! Nehmen Sie das zurück! – Weiterer"
256285,"Die ist auch so ein  Problem, die Servicestelle!",SPD,Dr. Bärbel Kofler,FDP,Dr. Christiane Ratjen-Damerau,2012-06-13,114425,"nd die  Zusammenarbeit zwischen Staat, Wirtschaft und Nichtregierungsorganisationen ausgebaut. Die Türen in Richtung Mitte der Gesellschaft sind weit geöffnet. Ein bedeutender Schritt dafür ist die Servicestelle für  bürgerschaftliches und kommunales Engagement, die in  diesem Jahr eröffnet wurde. ("
302669,Sagen Sie noch was zum Datenschutz? Datenschutz ist auch Innovation!,GRÜNE,Kai Gehring,CDU/CSU,Tino Sorge,2015-12-18,136017," müssen wir anonymisierte Routinedaten, die sowieso erhoben werden und jetzt verfügbar sind, viel stärker nutzen. Wir müssen gerade im Sinne einer besseren Versorgung Forschungseinrichtungen und auch Kassenärztliche Vereinigungen Daten, die ohnehin schon den Krankenkassen vorliegen, nutzen lassen. ("
164255,Fangt doch mal an!,FDP,Martin Zeil,SPD,Bernhard Brinkmann,2006-03-31,74939,"el diskutiert worden. Ich will von dieser Stelle aus darauf hinweisen, dass wir den Menschen an dieser Ecke nicht zu viel Sand in die Augen streuen sollten: (Roland Claus [DIE LINKE]: Aber ein bisschen geht?) Politik kann lediglich die Rahmenbedingungen für die Schaffung von Arbeitsplätzen setzen. ("
360294,"Ja, in der Tat!",FDP,Dr. Stefan Ruppert,SPD,Falko Mohrs,2019-11-26,162559,"Sehr geehrte Frau Präsidentin! Meine Damen und Herren! Vielleicht noch mal ein paar Dinge zu meinen Vorrednerinnen und Vorrednern. Denn wenn man so manchem zuhört, bekommt man ja den Eindruck, als ob hier ein Haushalt vorgelegt worden wäre, der völlig rückwärtsgewandt ist. ("
46626,Sie  wollten sie nie!,CDU/CSU,Dietmar Kansy,GRÜNE,Dr. Helmut Lippelt,1996-06-27,30561,"nungen sollte 1997 abgeschlossen  sein. Jetzt wird es auf die Hälfte bis Mitte des Jahres  2000 heruntergeschraubt. Den durch die Expo bedingten Mietpreissteigerungen entgeht Hannover  also nicht.  Wir, GRÜNE, wollen die Expo in  Hannover wegen all ihrer geschilderten Konsequenzen nicht.  (Dr.-Ing. "
33529,Abbau!,SPD,<unknown>,FDP,Dr. Günter Rexrodt,1994-11-24,21161,Dr. Wolfgang Weng [Gerlingen] [FDP]:  Nichts!)  Sagen Sie das doch einmal! Von Herrn Schröder habe  ich das nicht gehört.  Wir setzen auf eine Dynamik bei Forschung und  Innovation. Gibt es dazu eine Alternative? Wir wollen die Kostenbelastung durch weniger  Steuern und den Umbau des Sozialsystems  
332206,Stimmen Sie gegen die CSU! Das wäre ja mal was Neues!,FDP,Benjamin Strasser,SPD,Dr. Eva Högl,2018-06-15,150193,"fen, und dass wir fähig sind, eine gute und konsequente Politik zu machen, die nicht an Schlagzeilen orientiert ist, sondern sich an der Sache orientiert, die nicht Streit provoziert, sondern Kompromisse ermöglicht, und zwar ruhig, sachlich und lösungsorientiert. (Beifall bei Abgeordneten der SPD – "
452957,"Ei, ei, ei!",SPD,Dr. Tanja Machalet,CDU/CSU,Dr. Silke Launert,2024-02-01,200294,"t steht, eigentlich zu Unrecht. Warum? Weil gerade die Ausgaben, die wir in diesem Etat haben, unsere Finanzpolitik, das, was wir uns als Gesellschaft leisten können, massiv beeinflussen. Und das betrifft nicht nur die großen Zuschüsse zur Rentenversicherung, sondern natürlich auch das Bürgergeld. ("
77423,Ist der Mittelstand dabei? In welchen Verhältnis?,CDU/CSU,Ernst Hinsken,GRÜNE,Werner Schulz,2000-02-17,46669,"ößte Steuerreform, die diese Republik je erlebt hat. Das müssen wir immer wieder deutlich machen.  (Beifall beim GRÜNE  und bei der SPD)  Die Steuerreform ist sozial ausgewogen, an Wachstum und Beschäftigung orientiert; gleichzeitig werden  international wettbewerbsfähige Steuersätze eingeführt.   ("
460033,Und die Endlagersuche?,GRÜNE,Britta Haßelmann,AfD,Steffen Kotré,2024-04-26,202658,"ear in  unserem Nachbarland Schweiz sagt das so. Und Sie  konnten vor einem Jahr in der „WirtschaftsWoche“ lesen,  dass das Berliner Energieberatungsunternehmen enervis  genau die gleiche Summe festgestellt hat. Zu diesen Kosten kommt vielleicht noch ein bisschen Gewinn der Unternehmen; das war’s. ("
165419,Die Medikamente werden  durch die Mehrwertsteuererhöhung teurer!,FDP,Dirk Niebel,GRÜNE,Anja Hajduk,2006-05-19,75522,"soll der Beitrag zu Arbeitslosenversicherung gesenkt werden. Schon jetzt steht aber fest: Der Beitrag zur Rentenversicherung wird nächstes Jahr um 0,4 Prozentpunkte erhöht. Die Rentenexperten sagen: Das wird wahrscheinlich nicht reichen. Möglicherweise braucht man sogar 0,6 bis 0,7 Prozentpunkte.  ("
284951,Unstrittig!,GRÜNE,Matthias Gastel,SPD,Bettina Hagedorn,2014-09-12,127373,"be ich gelesen – sind wir darin einig. Denn ihr Verkehrsminister Winfried Hermann, der ja lange unser Kollege war, hat auf dem 2. Welt-Infrastrukturgipfel jüngst verkündet, dass 7,2 Milliarden Euro pro Jahr zusätzlich benötigt werden. Das ist das Ergebnis der Bodewig-Kommission. Das brauchen wir.  ("
166029,Dann fangen Sie mal an!,GRÜNE,Dr. Thea Dückert,CDU/CSU,Dr. Angela Merkel,2006-06-21,75846,"mit Angst und Sorge auf die Diskussion. (Beifall bei Abgeordneten der FDP sowie des  Abg. Oskar Lafontaine [DIE LINKE])Deshalb haben all jene, die die Thematik verstehen, auch die Pflicht, diese Debatte redlich zu führen; denn es wird keine Strukturveränderungen geben, ohne dass sich etwas ändert. ("
278008,Wir haben alles gelesen!,CDU/CSU,Hans Michelbach,GRÜNE,Dr. Thomas Gambke,2014-02-12,124322,"sen genauer hinschauen; denn die Tatsache, dass die strafbefreiende Selbstanzeige dazu führen kann, dass sich derjenige, der sie nutzt, besserstellt als der ehrliche Steuerzahler, existiert nicht erst seit heute, Frau Tillmann. Wenn Sie unseren Antrag vor drei Jahren tatsächlich gelesen  (Dr. h. c. "
137215,Das stimmt nicht! Das war nur bei Ihnen!,GRÜNE,Krista Sager,CDU/CSU,Michael Glos,2004-03-25,65885,"rer Erlaubnis würde ich gern wieder an die Regierungserklärung des Bundeskanzlers und daran anknüpfen, wie Deutschland zu mehr Stärke kommt. Während Ihrer Rede, Herr Bundeskanzler, war eine gewisse Unlust spürbar, nicht nur bei Ihnen selbst, sondern auch auf der linken Seite.  (Lachen bei der SPD – "
338769,Genau!,FDP,Dr. Marie-Agnes Strack-Zimmermann,GRÜNE,Jürgen Trittin,2018-11-08,153028," Es muss uns doch besorgen, wenn die größte und stärkste Militärmacht der Welt – und das ist die NATO – bei dieser Aufrüstungsentwicklung an vorderer Front mitspielt. Das wird so ein bisschen kaschiert von Ihnen. Aber die Erklärung von Wales lautet ja: Wir wollen darauf abzielen, das zu erreichen. ("
422939,Schon lange!,SPD,Peggy Schierenbeck,GRÜNE,Renate Künast,2023-03-16,191040, der CDU/CSU und der FDP – Thorsten Frei [CDU/CSU]: Aber Sie ganz sicher!) aber Sie könnten trotzdem mal nachlesen. Und dann sagen Sie: Jetzt gilt das plötzlich für Insekten und Insektenpulver. – Falls jemand von Ihnen Kinder hat oder selber gerne „kinder“-Schoko-Bons isst: Da ist Schellack drauf. (
12713,So ist es!,CDU/CSU,Dr. Wolfang Bötsch,FDP,rich Irmer,1992-07-22,7506,"t sind, unsere Bündnisverpflichtungen zu erfüllen. In diesem Zusammenhang frage ich Sie: Wo liegt  denn da die Logik? Sie argumentieren ja gern mit  Moral. Ist es denn weniger moralisch, anderen zu Hilfe  zu eilen, die Opfer von Angriffen werden, als es  moralisch ist, sich selber zu verteidigen?  ("
404247,Wegen Ihrer Politik!,AfD,<unknown>,GRÜNE,Dr. Robert Habeck,2022-09-21,185379,"werden, aber niemand oder immer weniger wollen es haben. (Zuruf von der AfD: Quatsch!) Es gibt Versicherungen, die nicht mehr versichern. Es gibt Geldgeber, die kein Geld mehr geben. Es gibt Arbeitnehmerinnen und Arbeitnehmer, die sich zurückziehen. Es gibt Abnehmer, die nicht mehr abnehmen wollen. "
9965,Es herrscht doch eine ganz besondere Situa tion!,DIE LINKE,Dr. Dagmar Enkelmann,FDP,Dr. Walter Hitschler,1992-03-13,5774," noch  keinen verläßlichen Partner gefunden hat. Ihre Bereitschaft, ein Rechtsgut wie das Privateigentum an  Grund und Boden von heute auf morgen zugunsten  anderer Interessen und Ansprüche aufzugeben, entlarvt Ihr gestörtes Verhältnis zu diesem Kernelement  unserer marktwirtschaftlichen Ordnung.  ("
293675,Sehr richtig!,SPD,Rüdiger Veit,CDU/CSU,Dr. Hans-Peter Friedrich,2015-04-22,131708," haben.  (Ulla Jelpke [DIE LINKE]: Die müssen aber auch auf die Schiffe steigen, weil sie sonst nicht hierherkommen können!)  Aber es ist ihnen natürlich nicht zuzumuten, dass sie zunächst einmal unter Lebensgefahr nach Europa kommen müssen, um dieses Recht überhaupt in Anspruch nehmen zu können.  ("
347334,"Sehr lobenswert, Herr Patzelt!",AfD,Armin-Paulus Hampel,CDU/CSU,Martin Patzelt,2019-03-21,156913,"Stunde, die uns die Situation unseres Parlaments sehr eindrücklich vor Augen führt. Als die Aktuelle Stunde angesetzt wurde, war ich eigentlich sehr betroffen, und ich habe gefragt: Muss das sein? Was wird das bewirken? Werden wir uns weiter entzweien? – Ich selber war mit dem Fall vorher befasst. ("
149854,"Es ist doch Lügerei, was Sie da sagen!",GRÜNE,Ulrike Höfken,CDU/CSU,Artur Auernhammer,2005-01-19,69992,h ein Thema: Ökologische Landwirtschaft ist der absolute Heilsbringer für den deutschen Verbraucher. – Jetzt erleben Sie wenige Tage vor der Grünen Woche diesen Betriebsunfall. (Hans-Michael Goldmann [FDP]: Nicht nur  diesen!) Es ist ein absoluter Betriebsunfall. (Hans-Michael Goldmann [FDP]: Ja! – 
289705,Genau!,GRÜNE,Britta Haßelmann,GRÜNE,Irene Mihalic,2015-01-14,129771,"n Ersatz-Personalausweis nicht. Deswegen frage ich: Stimmen Sie dem zu? Könnten Sie dazu noch einmal Stellung nehmen? Wie nehmen Sie diese Anregung auf?    Dr. Thomas de Maizière, Bundesminister des Innern:  Zum ersten Teil Ihrer Frage. In der Tat kann bei einer Mindestkontrolle abgefragt werden.  ("
374438,Warum sind davon nur 16 Milliarden abgeflossen?,FDP,Christian Dürr,CDU/CSU,Ralph Brinkhaus,2020-09-29,169487,"gegen gewehrt, dass der Bund Verantwortung für die Bildung von Kindern übernimmt. Ich muss eines sagen: Die Krise hat uns gezeigt: Es geht nicht mehr anders. Die Digitalisierung der Bildung kriegen wir nur zusammen hin, wenn der Bund eingreift. Alles andere hat sich als nicht erfolgreich erwiesen. ("
380462,"Wie immer! Und nur bei der Mütterrente II, wenn Sie ehrlich sind, Herr Kollege!",FDP,Otto Fricke,SPD,Dennis Rohde,2020-12-11,172471,"llen im nächsten Jahr die Grundrente nicht in Kraft setzen (Otto Fricke [FDP]: Sondern eine Basisrente!) und damit bei denen ansetzen, die ihr Leben lang gearbeitet haben; Sie gönnen denen nicht, dass sie mehr bekommen als das, was Sozialhilfe wäre. Sie sind bereit, bei der Mütterrente anzusetzen, ("
121566,Was hören wir  da?,SPD,Dr. Dieter Wiefelspütz,SPD,Otto Schily,2003-03-18,60733,"n nur dankbar – das geht etwa an die Adresse von Herrn Strobl oder der Kollegen aus Hessen –, wenn Sie sich bei Ihren Landesregierungen ebenso massiv einsetzten. Der Widerstand kommt von Ministerpräsident Koch und von Bundesminister Otto Schilydem baden-württembergischen Finanzminister Stratthaus. ("
332372,Herr Kauder kennt ihn nicht!,AfD,Dr. Bernd Baumann,CDU/CSU,Detlef Seif,2018-06-15,150256," kennt. Das hat mich vorhin wirklich verwundert. (Beifall bei Abgeordneten der CDU/CSU) Wir müssen europäisch, international, aber auch national vorgehen. Ein Kernbereich ist in jedem Fall die geordnete Migration nach Deutschland. (Dr. Alexander Gauland [AfD]: Er durfte ja nicht! Wo ist der Plan? – "
159761,Das können die  nicht!,CDU/CSU,Maria Michalk,CDU/CSU,Arnold Vaatz,2005-12-15,73059,"hre Strategie in Ostdeutschland. Mit dieser Strategie haben Sie in Ostdeutschland bis jetzt nur Schaden angerichtet und nichts erreicht.  (Widerspruch bei der LINKEN) Ich bitte Sie, Herr Claus: Überdenken Sie die Strategie und bringen Sie sich in einer sinnvollen Art zugunsten Ostdeutschlands ein! ("
37391,Dann haben Sie  nicht zugehört!,FDP,Dr. Olaf Feldmann,SPD,Susanne Kastner,1995-05-31,23979,"erein da!)  — Zur FDP und zu Herrn Rexrodt komme ich noch  einmal eigens, Herr Feldmann.  Herr Minister Rexrodt, Sie haben zwei Punkte genannt. Sie haben gesagt, Sie wollen hier eine schonungslose Aufklärung be treiben. Dies ist Ihnen - so  muß ich bedauerlicherweise feststellen - nicht gelungen.  ("
381435,Das liegt an Ihrem Kollegen!,FDP,Christine Aschenberg-Dugnus,CDU/CSU,Stephan Pilsinger,2021-01-14,173143,Das ist aber sehr kurzfristig angemeldet. (
164836,Das machen wir schon lange!,GRÜNE,Philip Winkler,CDU/CSU,Katharina Landgraf,2006-04-06,75183,"Winkler [GRÜNE]: Kommt gar nicht in Frage! Es ist Aufgabe des Parlaments, die Regierung zu kontrollieren!) Liebe Kolleginnen und Kollegen von den Grünen, wenn Sie sich tatsächlich und wirksam für die Umsetzung von Kinderrechten in Deutschland engagieren wollen, habe ich eine kleine Anregung: (Josef "
429657,"Das ist Populismus pur, Herr Amthor! Populismus pur!",GRÜNE,Filiz Polat,CDU/CSU,Philipp Amthor,2023-05-25,193285,"das haben Sie zu vertreten. Statt dieses Problem anzugehen, lassen Sie sich hier abfeiern für rein gar nichts, für keinen Gesetzentwurf, für neun Minuten Wohlfühlrhetorik. Das ist zu wenig für unser Land. (Beifall bei der CDU/CSU – Andrea Lindholz [CDU/CSU]: Genau so ist es! Eine Aktuelle Stunde! – "
155430,Stellen Sie doch Ihr eigenes Haus als Freiraum zur Verfügung!,FDP,Dirk Niebel,SPD,Gabriele Fograscher,2005-04-22,71780,"Jugendarbeit investieren würden, müssten sie vielleicht weniger in die Reparatur von Schäden investieren.  (Beifall bei der SPD und dem GRÜNE – Lachen des Abg. Dr. Jürgen Gehb [CDU/CSU]) Das Fehlen von Freiräumen zur Gestaltung des eigenen Umfelds ist mit ursächlich für die Vielzahl von Graffiti.  ("
275774,Wir  haben der Fluthilfe zugestimmt! Ales andere  ist gelogen!,SPD,Betina Hagedorn,CDU/CSU,Norbert Barthle,2013-06-27,122892," haben wir gerade heute  im Haushaltsausschuss wieder erlebt. Ich halte es für  skandalös, dass die SPD dem Nachtragshaushalt nicht  zustimmt, in dem das Geld für die Fluthilfe bereitgestelt  werden sol. (Beifal bei Abgeordneten der CDU/CSU und  der FDP – Andreas Matfeldt [CDU/CSU]:  Unglaublich! – "
299928,"Hört, hört: Adenauer",SPD,Sönke Rix,SPD,Dr. Dorothee Schlegel,2015-11-05,134690,"eifall bei der SPD sowie bei Abgeordneten des GRÜNE) fördern kognitive, sprachliche und soziale Fähigkeiten. Auch für jüngere Kinder wird eine hochwertige Betreuung bis zu 30 Stunden pro Woche für förderlich erachtet. (Beifall bei Abgeordneten der SPD sowie der Abg. Dr. Franziska Brantner [GRÜNE] – "
75474,Wendehals!,FDP,Friedrich Nolting,CDU/CSU,Helmut Rauber,1999-12-01,45784," Frau Kollegin Beer, ich kenne keine verteidigungspolitische Position, die Sie in den letzten eineinhalb Jahren nicht vertreten haben. (Lachen und Beifall bei der CDU/CSU und der FDP) Sie reden einmal so und einmal so, gerade wie es die Schlagzeile hergibt. Das macht Sie wenig glaubwürdig. (Günther "
354163,Wir haben die Mittel dafür verdreifacht! Jetzt müssen die Länder das Geld dafür auch ausgeben!,CDU/CSU,Michael Grosse-Brömer,DIE LINKE,Victor Perli,2019-09-12,160024," in der Antwort auf eine Anfrage von mir zugeben mussten – wie Delmenhorst oder Garbsen in Niedersachsen. Zuwächse von über 30 Prozent in den letzten sechs Jahren! Dafür gibt es politische Ursachen. Eine ist, dass in den letzten 30 Jahren die Zahl der Sozialwohnungen um 1,8 Millionen gesunken ist. ("
344481,Eine traurige Zukunft!,AfD,Armin-Paulus Hampel,CDU/CSU,Marian Wendt,2019-02-14,155590,"urch Familiennachzug!) Das heißt, wir als Große Koalition sind auf einem guten Weg und werden ihm weiter folgen. (Beifall bei der CDU/CSU) Nun haben wir das Werkstattgespräch durchgeführt; denn wir blicken auch in die Zukunft. (Jürgen Braun [AfD]: Ihre eigene Fraktion glaubt Ihnen das nicht mehr! – "
256336,Jetzt ist aber  gut!,CDU/CSU,Helmut Heiderich,SPD,Dr. Barbara Hendricks,2012-06-13,114432,"er LINKEN und dem  GRÜNE – Patrick Döring [FDP]: So ist es! Das hat er auch getan!) Dies hat er getan, indem er gesagt hat, er habe einen  Fehler begangen, diesen räume er ein und es tue ihm  leid. Was ist denn zum Beispiel mit einem 14-Jährigen, der  im Supermarkt eine Schachtel Zigaretten klaut, ("
429057,Steht drin! ,SPD,<unknown>,CDU/CSU,Michael Kießling,2023-05-24,193126," Rohstoffen. Ich habe es gesagt: Holz schließen Sie aus. (Bernhard Herrmann [GRÜNE]: Schließen wir nicht aus! Quatsch! Das ist Unsinn! – Gabriele Katzmarek [SPD]: Das ist doch Unsinn, was Sie erzählen!) Denken wir an die Wärmepumpe. Bei der Wärmepumpe müssen Sie auch an erneuerbare Energien denken. "
132760,"Das ist ja gut, dass Sie das so genau wissen!",GRÜNE,Katrin Göring-Eckardt,CDU/CSU,Laurenz Meyer,2003-12-10,64259,"-Kerns, obwohl das ein Phantom ist, und Sie reden davon, dass die Brennelemente aus Hanau nach China gehen sollen, obwohl das ein Phantom ist. Sie bauen Ihren Popanz auf, damit Sie hinterher sagen können: Das haben wir verhindert und dafür haben wir die Brennelementefabrik nach China gehen lassen. ("
198620,Frau Connemann zeigt  Rückgrat! Sie sitzt da!,FDP,Dirk Niebel,GRÜNE,Brigitte Pothmer,2009-01-22,91494,"Herr Präsident! Meine Damen und Herren! Offen gestanden kann ich die Aufregung, die es in der CDU/ CSU-Fraktion gegeben hat und die vom Wirtschaftsflügel getragen wurde, überhaupt nicht verstehen. Frau Connemann, Herr Fuchs und Herr Meyer haben offensichtlich unter Protest den Saal verlassen.  ("
383944,Dann würde was passieren?,AfD,Uwe Schulz,GRÜNE,Cem Özdemir,2021-03-03,174704,"er nach dem anderen den Ausstieg aus dem fossilen Verbrenner. (Beifall beim GRÜNE sowie bei Abgeordneten der SPD) Wenn es Ihnen wirklich ums Auto gehen würde – aber darum geht es Ihnen ja gar nicht, Sie wollen einen Kulturkampf –, wenn es Ihnen wirklich darum gehen würde, den Standort zu erhalten, ("
309303,Stimmt!,CDU/CSU,Volker Kauder,SPD,Dr. Katarina Barley,2016-06-28,139263,"n unsere Kollegin Jo Cox zu erinnern, die diese aufgeheizte und aggressive Atmosphäre am Ende mit ihrem Leben bezahlt hat. (Beifall im ganzen Hause) Herr Kauder, niemand will Großbritannien für seine Entscheidung bestrafen, ich als Letzte. Aber „in is in“ und „out is out“ – so viel muss klar sein. ("
449132,Das ist unsozial!,CDU/CSU,Matthias Hauer,CDU/CSU,Sebastian Brehm,2023-12-14,199270,"n stellt man fest, lieber Kollege Mordhorst – Sie haben ja von „Riesenentlastungen“ gesprochen –, dass es ab 2024 zu Belastungen kommt. Es gibt keine Entlastungsmaßnahmen. Es gibt weniger Netto; denn die Anpassung der Tarifeckwerte wird durch die höheren Sozialabgaben aufgefressen, lieber Kollege. ("
181273,Sie haben ein  schönes Parlamentsverständnis!,CDU/CSU,Volker Kauder,GRÜNE,Volker Beck,2007-09-19,82905,"en wir eine ständige vereinbarte Debatte in der Bundesregierung. (Heiterkeit und Beifall beim GRÜNE, bei der FDP und der LIN- KEN) Da dürfen sich die Minister beteiligen – manche sind ja auch Abgeordnete –, da dürfen sich die Abgeordneten beteiligen, und dann haben wir alle einmal darüber geredet. ("
304514,Das haben Sie ja schon gemacht!,CDU/CSU,Günter Baumann,SPD,Uli Grötsch,2016-02-24,136815," roten Punkte, liebe Kolleginnen und Kollegen, markieren Dunkeldeutschland. (Beifall bei Abgeordneten der SPD und des GRÜNE) Ich möchte aber auch sagen, dass ich die Menschen in Sachsen bei weitem nicht pauschal verurteilen und schon gar nicht an den Pranger stellen will. (Beifall bei der CDU/CSU – "
11791,"Es ist falsch,  was Sie da sagen!",CDU/CSU,Peter Kittelmann,DIE LINKE,Dr. Dietmar Keller,1992-06-17,6865," Weg zur gesamteuropäischen Integration nicht öffnen, sondern versperren. Sie würde  eine ungeheure Machtzusammenballung in den westeuropäischen Zentralinstitutionen bewirken, vor allem auf den Gebieten der Währungs- und Finanzpolitik, der Innenpolitik, der Justiz-, Außen- und Sicherheitspolitik.  ("
45858,Das wird nie  gehen!,FDP,Dr. Gisela Babel,SPD,Ulla Schmidt,1996-06-13,29829,"ialen Bedingungen, unter denen ich groß geworden  bin, Ich will nicht, daß Menschen in diesem Land so  leben. Ich möchte, daß wir in einem Land leben, in  dem für beide, für Männer und Frauen, auf dem Erwerbsarbeitsmarkt Platz ist, wodurch beide in der  Lage sind, ihre eigene Existenz zu sichern,  ("
452705,Besser zuhören!,CDU/CSU,Carsten Körber,SPD,Bettina Hagedorn,2024-01-31,200239,"iebe Kolleginnen! Liebe Kollegen! Liebe Zuschauerinnen und Zuschauer! Liebe Ministerin Svenja Schulze! Mein lieber Carsten Körber, du hattest gerade eben sechs Minuten Redezeit, aber vom Einzelplan 23 haben wir nicht so richtig viel gehört. (Beifall bei Abgeordneten der SPD, des GRÜNE und der FDP – "
95024,Frau Lenke und ihr Popanz!,SPD,Dr. Uwe Küster,FDP,Ina Lenke,2001-05-31,53351,"Herr Präsident! Meine Damen und Herren! Endlich führen wir heute die Debatte zum Sechsten Familienbericht, der sich mit der Situation ausländischer Familien in Deutschland befasst. Seit Oktober vergangenen Jahres wurde er von der Bundesregierung unter Verschluss gehalten.  ("
419077,So ist es!,SPD,<unknown>,SPD,Axel Schäfer,2023-02-08,189774,"g, als Joe Biden seine oben zitierte Erklärung abgegeben hat. (Zuruf von der SPD: Pfui!) Dazu kam von Ihnen öffentlich kein Widerspruch, liebe Kolleginnen und Kollegen von der CDU/CSU, und das ist völlig unakzeptabel in diesem Haus. (Beifall bei der SPD sowie bei Abgeordneten des GRÜNE und der FDP –"
329232,Neuland!,DIE LINKE,Anke Domscheit-Berg,FDP,Reinhard Houben,2018-04-26,148995,"rüßen, aber sie ist nicht besonders neu. Wenn Sie Ihren Entschließungsantrag aus dem März 2017 danebenlegen, kann ich nur sagen: Sehr viel Copy-and-paste und sehr wenig Innovation. (Steffi Lemke [GRÜNE]: Das ist schlimm genug, dass das nötig ist!) Die technische Entwicklung schreitet rasant voran. ("
417507,"Ich glaube, ihr seid euch selbst noch nicht einig! Ihr müsst euch schon auf eine Verschwörungsideologie einigen!",FDP,Maximilian Mordhorst,AfD,Jörn König,2023-01-19,189284,"tätig geblieben sind. Ist das etwa eine Gegenleistung für positive Regierungspropaganda? (Dr. Bernd Baumann [AfD]: Zumindest links-grüne Propaganda! – Stephan Brandner [AfD]: Ich würde das gar nicht fragen, ich würde das feststellen! – Weiterer Zuruf von der AfD: Auf jeden Fall! – Gegenruf des Abg. "
399079,Aha!,DIE LINKE,<unknown>,GRÜNE,Sven-Christian Kindler,2022-05-31,183429,äische Kommission für 2023 noch einmal die Ausnahmeklausel des Stabilitäts- und Wachstumspakts beschlossen hat. Europa hat aus den Fehlern der letzten Finanzkrise und den Fehlern der Austeritätspolitik gelernt. In Zeiten der Not handelt man; man spart sich in keine Krisen hinein. (Beifall beim GRÜNE
338661,Da ist die Union seit 15 Jahren dran!,AfD,Jürgen Braun,CDU/CSU,Frank Steffel,2018-11-08,152997,"– brauchen. Dafür arbeitet unser Entwicklungshilfeminister. Die Bundeskanzlerin war gerade mit elf afrikanischen Ländern dabei, dafür zu sorgen, (Martin Erwin Renner [AfD]: Ich habe Ihnen zwei Alternativen gegeben!) dass Krieg, Terror und Fluchtursachen bekämpft und Perspektiven geschaffen werden. ("
151185,Schon mal  was vom Sparen gehört?,CDU/CSU,Hans Michelbach,GRÜNE,Anja Hajduk,2005-02-16,70457,"ht. Sie hätten dabei eine echte Chance gehabt, diesen Grundwiderspruch aufzulösen. Das hätte einen Lernfortschritt aufseiten der Opposition bedeutet, den dieses Land nötig hat. (Beifall beim GRÜNE  sowie bei Abgeordneten der SPD) Ich möchte begründen, warum dieses Land das so nötig hat. Anja Hajduk("
145541,Das hat aber nichts mit dem heutigen Thema zu tun!,FDP,Ina Lenke,SPD,Götz-Peter Lohmann,2004-10-29,68659,"nen. Allein in den Sportvereinen – diese Zahl muss man sich auf der Zunge zergehen lassen – werden Jahr für Jahr von rund 2,7 Millionen überwiegend ehrenamtlich tätigen Mitarbeitern rund 500 Millionen Arbeitsstunden geleistet.  (Beifall bei der SPD sowie bei Abgeordneten des GRÜNE und der CDU/CSU – "
12880,Worauf wollen Sie  hinaus? Sollen alle kommen?,SPD,Hans-Ulrich Klose,DIE LINKE,Dr. Gregor Gysi,1992-09-09,7537,"statten,  weil sie damit ihren illegalen Aufenthalt bekanntgeben müßten. Sie könnten darüber hinaus extrem  ausgebeutet werden, indem sie zu Billigstlöhnen  arbeiteten, was wiederum zu Konflikten auf dem  Arbeitsmarkt auch mit deutschen Arbeitnehmerinnen  und deutschen Arbeitnehmern führen müßte.  ("
93226,So ist es!,CDU/CSU,Wolfgang Meckelburg,CDU/CSU,Heinz Schemken,2001-04-05,52611,"Frau Präsidentin! Meine lieben Kolleginnen und Kollegen! Frau Rennebach, so ist es, wenn man draufhaut und nicht zuhört. Ich habe meinem Fraktionsvorsitzenden gesagt   dazu stehe ich : Wenn das Herr Blüm gesagt hätte, dann wäre Herr Dreßen reihenweise über die Tische gesprungen.  ("
180698,Das habe ich gesagt!  Genau! Meine Rede!,FDP,Dr. Karl Addicks,CDU/CSU,Hartwig Fischer,2007-09-12,82749," Prüfstand zu stellen. Aber das, liebe Kolleginnen und Kollegen, darf man nicht so undifferenziert tun. (Gabriele Groneberg [SPD]: Das ist eine Pauschalierung!) Wir müssen uns die Zeit nehmen, uns jedes einzelne Land vorzunehmen, für das es Budgethilfe gibt, und jedes einzelne Land zu überprüfen.  ("
147850,"Haben wir noch Geld? Erzählen Sie doch einmal, wo das Geld ist!",CDU/CSU,Albrecht Feibel,GRÜNE,Dr. Reinhard Loske,2004-11-25,69300,"und die Abkehr vom Öl. (Beifall beim GRÜNE  sowie bei Abgeordneten der SPD) Als Drittes möchte ich den Bereich Entwicklungszusammenarbeit ansprechen. Herr Feibel hat eben so abfällige Bemerkungen in der Art gemacht: Wir haben selber kein Geld, wir können uns dieses oder jenes jetzt nicht leisten.  ("
447969,Wo wollen Sie denn kürzen?,DIE LINKE,Victor Perli,CDU/CSU,Dr. Silke Launert,2023-11-30,198910,"für die Aussetzung der Schuldenbremse wirklich nicht mehr vorliegen. (Beifall bei der CDU/CSU) Dann müssen wir uns einfach an das halten, was uns das Grundgesetz sagt. Die ungefähr 18 Milliarden Euro, die uns jetzt fehlen, sind natürlich ein Packen Geld, und es wird schwierig, das wissen wir alle. ("
196458,Dafür haben wir gesorgt,CDU/CSU,Reinhard Grindel,GRÜNE,Omid Nouripour,2008-11-25,90440,"ionskursen teilzunehmen. (Helmut Brandt [CDU/CSU]: Weshalb denn?) Der Bedarf ist riesig. (Helmut Brandt [CDU/CSU]: Und wir reagieren darauf!) Wir wollen, dass mehr Menschen an den Kursen teilnehmen können. Wir wollen, dass die Bürokratie nicht mehr so groß ist und die Kinderbetreuung funktioniert. ("
312421,Wovon träumen Sie nachts? Von der Weltherrschaft?,CDU/CSU,Mark Hauptmann,DIE LINKE,Dr. Diether Dehm,2016-10-20,140631, CETA und TTIP für die europäische Idee: Reines Gift! Darum danke ich den Wallonen. Bleibt stark und standhaft! (Beifall bei der LINKEN) Darum danke ich vor allen Dingen den vielen Hunderttausend Demonstranten gegen TTIP und CETA: Wir schaffen das! (Beifall bei der LINKEN – Lachen bei der CDU/CSU – 
122553,Darauf hören sie  ja leider nicht!,FDP,Dr. Heinrich L. Kolb,FDP,Dirk Niebel,2003-04-03,61008," gerade in den kleinen Betrieben nicht eingestellt wird. Daran wollen wir anknüpfen. Wir haben deswegen einen Vorschlag vorgelegt, der nicht nur auf einer Initiative aus der letzten Legislat urperiode, sondern auch auf den Bemerkungen Ihres Sachverständigenrates im Jahresgutachten 2002/03 basiert. ("
100283,"Nicht so einäugig, Frau Kollegin!",SPD,Jörg Tauss,CDU/CSU,Ilse Aigner,2001-11-08,54920,"ungsübernahme festgestellt, dass alles, was 1996 von der CDU/CSU und von der FDP eingeführt worden ist, falsch war. Sie hätten damals schon eigentlich alles besser gewusst.  Wenn das so ist, dann hätten Sie die Reform eigentlich auch schon zum Zeitpunkt Ihrer Regierungsübernahme einleiten können.  ("
398324,"Na, na!",SPD,Dr. Johannes Fechner,CDU/CSU,Steffen Bilger,2022-05-19,183153," immer noch zu wenig. Daher legen wir weiter gehende Vorschläge auf den Tisch. Und es steht uns auch gut an, diesen Antrag einzubringen mit Blick auf unsere zurückliegende Regierungsverantwortung. Da haben wir einiges erreicht, aber die Widerstände gerade des SPD-geführten Bundesumweltministeriums ("
26378,"Herr  Schreiner, die Zahl bitte!",CDU/CSU,von Schmude,SPD,Ottmar Schreiner,1993-11-25,16064,"ben bei der Ergänzungsabgabe pausenlos  die Summe von 140 000 DM brutto diskutiert. Wir  haben Ihnen pausenlos Vorschläge dazu gemacht. Ich  sage Ihnen jetzt, wie unser Finanzierungsvorschlag  aussieht.  (Dr. Klaus-Dieter Uelhoff [CDU/CSU]: Herr  Schreiner, sagen Sie uns das doch einmal! —  Michael "
49834,"Ach, das ver langt doch niemand!",FDP,Dr. Burkhard Hirsch,CDU/CSU,Dr. Rupert Scholz,1996-12-04,32838,"en Sie mir einmal, das zu karikieren: Da  wir leider Gottes, wie die Erfahrung zeigt, mit solchen Problemen immer wieder konfrontiert worden  sind, bei denen es um den Schutz unserer Staatsangehörigen geht, müßten Sie sozusagen ein Geiselbefreiungsreferat innerhalb der Bundesregierung einrichten.  ("
85761,Nachbesserung im Juli 2001!,FDP,Dr. Irmgard Schwaetzer,CDU/CSU,Karl-Josef Laumann,2000-11-16,50135,"gen den Krankenkassen erstattet werden sollen, sondern lediglich vage Andeutungen, dass man das Gesetz, das man heute reformiert, in den nächsten Wochen kassieren und in einem entscheidenden Punkt ändern werde. Das hat die Parlamentarische Staatssekretärin Mascher gestern im Ausschuss angekündigt. ("
163574,Aber so läuft es  doch!,FDP,Markus Löning,CDU/CSU,Arnold Vaatz,2006-03-29,74782,"n Gemeinschaftsleistung der Koalition. Darauf können wir stolz sein.  (Beifall bei der CDU/CSU und der SPD) Wir sind uns natürlich darüber im Klaren, dass das Instrument des Schuldenerlasses zweischneidig ist. Schuldenerlass darf nicht dazu führen, dass sofort wieder neue Schulden gemacht werden.  ("
44450,Sehr rich,CDU/CSU,Steffen Kampeter,CDU/CSU,Dr. Klaus W. Lippold,1996-03-14,28654,"h will jetzt erst einmal weiterreden.  Sie haben immer wieder gefordert, marktwirtschaftliche Instrumente einzusetzen und nicht mit  den veralteten ordnungsrechtlichen Vorstellungen  die Sache anzupacken. Dieser Steinzeitansatz von  Umweltpolitik, dem Sie immer noch anhängen, ist  doch der Punkt.  ("
45884,Nennen Sie sie doch!,SPD,<unknown>,FDP,Ulrich Irmer,1996-06-14,29858,"SU)  Das alles gibt es nicht mehr.  Meine Damen und Herren, all das rechtfertigt in  keiner Weise das Unrecht der Vertreibung. Dennoch  darf all das genausowenig verschwiegen werden wie  das Unrecht der Vertreibung. Ich meine aber: Wer  heute den Vertriebenen vorgaukelt - ich nenne keine  Namen -,  "
214909,"Sie wissen wohl gar  nicht, dass das ein Terminus technicus ist!",DIE LINKE,Dr. Petra Sitte,FDP,Gisela Piltz,2010-03-25,98093,"E]: Wer hat denn von Düsseldorf geredet? – Joachim Poß [SPD]: Sie haben doch von Düsseldorf und Köln gesprochen!) Zweitens. Wenn Sie davon sprechen, dass eine Stadt ihr Tafelsilber verscheuert, dann muss ich Sie darauf hinweisen, dass ich in Düsseldorf noch nie mit silbernem Besteck gegessen habe. ("
342615,Ach was!,AfD,Martin Hebner,SPD,Angelika Glöckner,2019-01-17,154751,"der SPD – Lachen bei Abgeordneten der AfD) Wir stehen zu unseren französischen Freunden, und wir stehen zu Europa. Uns ist im Gegensatz zu Ihnen klar, dass wir die drängendsten Fragen unserer Zeit nicht alleine lösen können. Das Klima zu schützen, uns global wettbewerbsfähig zu halten, Sicherheit, ("
273903,Sie haben das doch  heute schon alles besser gehört!,SPD,Ulla Burchardt,CDU/CSU,Karl Holmeier,2013-06-06,121839,"mals gehört – hatten sie einen Finanzierungsüberschuss  von 1,8 Milliarden Euro; ich wiederhole: einen Überschuss. Im Jahr 2003 unter Rot-Grün hat es ganz anders  ausgeschaut. Dabei schlägt sich vor allem die Übernahme der Kosten für die Grundsicherung positiv in den  Bilanzen der Kommunen wieder. ("
123946,Bei Marschewski wird es helfen!,CDU/CSU,Hartmut Koschyk,SPD,Dr. Dieter Wiefelspütz,2003-05-09,61468,"Herr Marschewski, sollten wir nicht einmal gemeinsam den Präsidenten des Bundesamtes in Nürnberg, Herrn Dr. Albert Schmid, aufsuchen und darum bitten, dass Sie, Herr Marschewski, und ich einen Integrationskurs besuchen, damit wir erfahren, was da eigentlich abläuft? ("
371813,Er hätte die Chance gehabt!,DIE LINKE,Dr. Dietmar Bartsch,CDU/CSU,Dr. Patrick Sensburg,2020-06-19,167955,"E LINKE]: Hätte er ja erklären können!) Denn keiner war dabei, (Zuruf der Abg. Sevim Dağdelen [DIE LINKE]) keiner kennt Akten, keiner kennt Sachverhalte. (Zurufe von der LINKEN) Da kann man sich hier natürlich hinstellen und das Wort ergreifen, um einen Kollegen von vorn bis hinten runterzumachen. ("
141040,Das ist ja wohl unerhört!,SPD,Karin Rehbock-Zureich,fraktionslos,Dr. Gesine Lötzsch,2004-07-01,67401,"ersönlich ab. Die angestrebte Autobahnverlängerung würde nämlich quasi durch die Schlafzimmer vieler Bürgerinnen und Bürger meines Wahlkreises und auch durch mein eigenes führen. Sie können sich sicherlich vorstellen, dass das für mich kein amüsanter Gedanke ist. (Lachen bei der SPD und dem GRÜNE – "
42462,Meister ist Lafon,FDP,<unknown>,SPD,Wolfgang lite,1996-01-17,27321,"r diesmal werden wir Ihnen das nicht durchgehen lassen;  das verspreche ich Ihnen, meine Damen und Herren.  Die andere Möglichkeit wäre: Sie finanzieren das  über den Bundeshaushalt. Da haben Sie wieder zwei  Möglichkeiten, einsparen oder Schulden machen.  Nun sind Sie ja Meister im Schuldenmachen  "
337665,So ist das in der Demokratie! In der Diktatur können Sie große Würfe machen!,CDU/CSU,Dr. Matthias Zimmer,AfD,Sebastian Münzenmaier,2018-10-18,152535,erade für Sie von der SPD oder von den Grünen als Großeuropäer diese ganzen nationalen Gesetzentwürfe irgendwie überflüssig und lästig sind. (Beifall bei der AfD – Steffi Lemke [GRÜNE]: So ein Blödsinn!) Mit dem vorliegenden Gesetzentwurf schrauben Sie wieder einmal nur minimal an kleinen Rädchen. (
417315,Da hättet ihr bei mir noch ein bisschen mehr klatschen können!,SPD,Dietmar Nietan,CDU/CSU,Jürgen Hardt,2023-01-19,189197,"mmt; die anderen haben sie offensichtlich nicht. (Zuruf von der CDU/CSU: Sehr schade!) Das Zweite, was ich anmerken möchte: Wenn hier von Panzerlieferungen an die Ukraine gesprochen wird, kriegen die Redner der Regierungskoalition mehr Beifall aus den Reihen der CDU/CSU als aus den Reihen der SPD. ("
158094,"Das sind ja nur Unterstellungen, Herr Loske!",FDP,Ulrike Flach,GRÜNE,Dr. Reinhard Loske,2005-06-17,72511,"b ist das Gentechnikgesetz ein gutes Gesetz. Sie werden sich, wenn Sie hier Änderungen vornehmen wollen, noch wundern, wie groß der öffentliche Protest sein wird, wenn Sie die Bevölkerung mit Gentechnik zwangsernähren wollen. Das wollen die Leute nämlich nicht. (Beifall beim GRÜNE und bei der SPD – "
411292,Was?,AfD,Dr. Rainer Kraft,SPD,Dunja Kreiser,2022-11-10,187348,ft [AfD]: Die Strategie der Bundesregierung sieht das ganz anders!) – Sie können einfach mal zuhören. Vielleicht verstehen Sie es dann. (Dr. Rainer Kraft [AfD]: Das tue ich!) Die Entwicklung der Akkutechnik schreitet rasant voran. In den letzten Jahren hat sich die Akkukapazität locker verdoppelt. (
407867,Grundrechte!,FDP,Nils Gründer,AfD,Roger Beckamp,2022-10-13,186408,"n und den Tausenden anderen Drittstaatlern, die die Lage in der Ukraine ausnutzen und über diese in unser Land kommen. (Caren Lay [DIE LINKE]: Widerlich!) Und nichts schuldig sind wir auch den Hunderttausenden, die aus dem Nahen Osten und Afrika kommen. Diese Menschen suchen keinen Schutz bei uns. ("
372832,In welcher Welt leben Sie?,DIE LINKE,Evrim Sommer,AfD,Martin Hess,2020-07-03,168510,"jetzt endlich konsequent zu bekämpfen, kooperieren Sie allesamt mit Linksextremisten – mittlerweile, wie wir wissen, zumindest auf Länderebene ja auch die CDU. (Beifall bei der AfD) Und mit all diesen Sicherheitsbedrohungen, die Sie selbst geschaffen haben, lassen Sie unsere Polizei alleine. (Helin "
288194,Stimmt überhaupt nicht!,GRÜNE,Markus Kurth,CDU/CSU,Stephan Stracke,2014-11-27,129091,"n Steuermitteln aufgrund der Kindererziehungszeiten ins System geflossen sind, als derzeit tatsächlich gebraucht werden.  (Markus Kurth [GRÜNE]: Alle Sachverständigen haben gesagt, dass solle durch aktuelle Steuern finanziert werden!)  Insofern ist die Mütterrente natürlich nachhaltig finanziert.  ("
360435,Was für eine Phrasendreschmaschine! Können Sie auch Inhalte?,SPD,Johannes Kahrs,AfD,Dr. Alice Weidel,2019-11-27,162570,"ingend geboten, ebenso die freie Erforschung neuer Technologien. Aber was Sie als Klimaschutz propagieren, ist pure Ideologie. (Beifall bei der AfD – Johannes Kahrs [SPD]: Da sind Sie ja Expertin! Hass und Ideologie!) Die Frage ist nicht: „Leben oder Tod?“, sondern: „Freiheit oder Ökosozialismus?“ ("
244440,Der Mann kann doch auch daheim bleiben!,CDU/CSU,Dorothee Bär,SPD,Caren Marks,2011-11-09,109617," es auf die Beseitigung bestehender Nachteile hin. Das Betreuungsgeld wäre also klipp und klar verfassungsrechtlich höchst problematisch. (Beifall bei der SPD sowie bei Abgeordneten der LINKEN und des GRÜNE) Außerdem verfestigt es alte, traditionelle Rollenverteilungen zwischen Frauen und Männern. ("
120119,Das stimmt ja gar nicht!,CDU/CSU,Karl-Josef Laumann,GRÜNE,Fritz Kuhn,2003-02-14,60308,"n muss man klären, mit welcher anderen Methode man dieses Ziel erreichen kann. Vieles, was Sie in Ihrem Antrag fordern – ich habe ihn mir genau angeschaut –, ist nicht machbar, zum Beispiel bei der Mitbestimmung. Sie verweigern sich da einer inhaltlichen Diskussion, weil Sie das Ziel nicht wollen. ("
297065,"Und deswegen wollen Sie die Renten noch weiter kürzen, oder was?",DIE LINKE,Katja Kipping,SPD,Sigmar Gabriel,2015-07-17,133375,"fehlen im Programm konkrete Aufträge zum Aufbau sozialer Sicherungssysteme; denn es kann doch nicht sein, dass in einem Land die Existenz eines Rentners in der Familie am Ende das letzte soziale Sicherungssystem ist, weil in schwierigen Lebenslagen kein anderer überhaupt eine Absicherung erfährt.  ("
377912,Was ist denn daran ideologisch?,GRÜNE,von Notz,CDU/CSU,Alexander Hoffmann,2020-11-05,171101,", liebe Kolleginnen und Kollegen. Nach diesen Fällen, beginnend 2001, wo wir merken, dass sich internationaler Terrorismus, Rechtsterrorismus, islamistischer Terror weiter ausbreiten, immer wieder neue Mittel und Wege finden, führen wir hier – Entschuldigung – ideologische Debatten. (Dr. Konstantin "
71185,So ist es!,SPD,Manfred Opel,SPD,Peter Zumkley,1999-09-16,44317,"e darüber zu sprechen. Das ist zugesagt. (Jürgen Koppelin [FDP]: Einverstanden!) Drittens. Was die Ost-West-Besoldung angeht, so belastet uns diese genauso wie jeden anderen hier im Hause. Ich weise darauf hin, daß Sie es in Ihrer Regierungszeit nicht geschafft haben, diese Unterschiede abzubauen. ("
338851,Chance!,DIE LINKE,Susanne Ferschl,CDU/CSU,Kai Whittaker,2018-11-08,153066,"noch einmal: Wir schaffen ein neues Instrument: § 16i SGB II. Wir sagen: Wer die Kriterien erfüllt – sechs Jahre im System, sieben Jahre erwerbslos –, der hat die Möglichkeit, an diesem Programm teilzunehmen. (Susanne Ferschl [DIE LINKE]: Die Möglichkeit!) Das ist ein Recht auf eine zweite Chance. ("
395985,Schauen Sie mal in den Spiegel!,AfD,Dr. Götz Frömming,DIE LINKE,Clara Bünger,2022-04-08,182050,"dem die Gefahr, dass sie keinen Schutz bekommen, obwohl auch sie vor demselben Krieg in der Ukraine geflohen sind. Darauf weisen auch der Bundes Roma Verband sowie Pro Asyl und der Berliner Flüchtlingsrat hin. Es reicht nicht aus, den offenen, den offensichtlichen Rassismus der AfD zu verurteilen. ("
366832,Das hatten die doch gar nicht vor!,AfD,Jörn König,GRÜNE,Dr. Danyal Bayaz,2020-03-05,165143,", das mich besonders beschäftigt – im Zusammenhang mit dem Finanzmarkt. Facebook hat ja angekündigt, eine eigene Währung – Libra – an den Start zu bringen. Ich finde, wir sollten private Unternehmen nicht mit der Macht ausstatten, Geldschöpfung zu betreiben. (Beifall beim GRÜNE und bei der LINKEN – "
19727,Richtig!,CDU/CSU,<unknown>,CDU/CSU,Heribert Scharrenbroich,1993-03-25,11860,"r CDU/CSU — Zuruf von der  SPD: Sagen Sie das einmal dem Kollegen Ulf  Fink!)  Die Arbeitnehmer interessiert, ob es eine Reallohnsteigerung gibt. Ob die Unternehmer dann noch mehr  verdienen, interessiert die Arbeitnehmer zunächst gar  nicht. Wichtig ist, daß sie eine Reallohnsteigerung  erhalten.  "
123198,Deswegen haben wir in Bayern auch den größten Zulauf!,CDU/CSU,Norbert Geis,SPD,Sebastian Edathy,2003-04-10,61162,"lauben!) Eigentlich könnte man sagen, die Staatsregierung in München sollte froh sein über jeden, der freiwillig ein Bayer werden will. Aber ganz im Ernst: Man kann doch wohl mindestens erwarten, dass geltendes deutsches Recht auch in Bayern zur Anwendung kommt. (Beifall bei der SPD und dem GRÜNE – "
32523,Wie war es beim Einmarsch in  die Tschechoslowakei? Heuchler!,CDU/CSU,Herbert Lattmann,DIE LINKE,Dr. Gregor Gysi,1994-07-22,20673," sage Ihnen: Wer weltweit Waffen verkauft, mit  denen immer Krieg oder Bürgerkrieg geführt wird, ist  besonders heuchlerisch, wenn er anschließend seine  Soldaten friedenstiftend hinterhersenden will.  (Beifall bei der DIE LINKE — E rnst  Hinsken [CDU/CSU]: Sie als Oberkommunist müssen das sagen! — "
144634,Wohl wahr! Eine riesige Geldverschwendung!,CDU/CSU,Steffen Kampeter,CDU/CSU,Bernhard Kaster,2004-10-21,68313," mal Vorschläge!) Bernhard KasterIn Zeiten, in denen Millionen Menschen um ihre nackte Existenz fürchten, ist es ein Skandal, dass Sie – dies ist nur ein einziges Beispiel – eine Viertelmilliarde nur für Öffentlichkeitsarbeit und Werbung ausgeben. (Beifall bei Abgeordneten der CDU/CSU und der FDP – "
99649,"So ist es!  Klaus Brandner [SPD]: Sie haben ganz vergessen, dass der Bericht Ihre Regierungszeit widerspiegelt! Da waren Sie verantworlich! Es ist der Armutsbericht für Ihre Regierungszeit!",FDP,Dr. Irmgard Schwaetzer,FDP,Dr. Heinrich L. Kolb,2001-10-19,54763,"bekämpft werden. Wir müssen die Bedürftigen vor den Findigen schützen. Mit der Gießkanne lässt sich Armut nicht bekämpfen. (Beifall bei der FDP sowie bei Abgeordneten der CDU/CSU  Widerspruch bei der SPD) Wenn ich mir allerdings ansehe, wie Ihre Bilanz nach drei Jahren Regierungszeit aussieht   ("
44517,Das ist ein Unter,SPD,Konrad Gilges,CDU/CSU,Wolfgang Meckelburg,1996-03-14,28676,"ber ich möchte einige  kritisch - begleitende Töne mit auf den Beratungsweg geben, weil ich meine, daß es nicht darauf ankommt, jetzt Reregulierung zu machen, sondern es in  der jetzigen Zeit, wenn wir über den Arbeitsmarkt  reden, darauf ankommt, Deregulie rung und Flexibilisierung zu erreichen,  ("
307585,Aha! Sehr interessant!,GRÜNE,Bärbel Höhn,CDU/CSU,Max Straubinger,2016-05-13,138283,"Ach so!) Man kann den Verbraucherschutz natürlich nicht nach dem „Gift des Monats“, das die Grünen erfunden haben, ausrichten. Nach solchen Kriterien kann man keinen Verbraucherschutz betreiben. Der Verbraucherschutz muss auf wissenschaftlicher Grundlage gestaltet werden. (Beifall bei der CDU/CSU – "
32339,Weltweit!,CDU/CSU,Siegfried Hornung,CDU/CSU,Rainer Haungs,1994-06-29,20498,"(Anke Fuchs [Köln] [SPD]: Das sagen die  Arbeitgeber seit 30 Jahren!)  Versetzen wir uns zurück in das Jahr 1993: Die  konjunkturelle Schwäche, die sich bei uns auf Grund  der Sonderbedingungen der deutschen Wiedervereinigung erst zwei Jahre später als in den Nachbarländern bemerkbar gemacht hat,  ("
23538,Genau das ist  fraglich!,SPD,Dieter Wiefelspütz,CDU/CSU,Manfred Kanther,1993-09-10,14213,"ität erleichtern und je nach Wirksamkeit aller Maßnahmen vielleicht auch einen Rechtsrahmen für deren  Mitwirkung an geringfügigen milieubedingten Taten  schaffen, aber nicht aus Prinzip oder um uns gegenseitig zu ärgern, sondern um einen Beitrag zur verbesserten Verbrechensbekämpfung zu leisten.  ("
159811,Das war bei Rot,FDP,Dr. Heinrich L. Kolb,GRÜNE,Brigitte Pothmer,2005-12-15,73079,"enigen, die Gesetze nicht einhalten, also ein Weihnachtsgeschenk für Gesetzesbrecher. (Zurufe von der CDU/CSU: Oh!)Sie belohnen mit diesem Gesetz diejenigen, die sich verweigern, und Sie bestrafen die Pflichtbewussten. Diejenigen, die fleißig und rechtstreu sind, sind bei Ihrer Politik die Dummen. ("
380377,Das stimmt nicht!,GRÜNE,Anja Hajduk,CDU/CSU,Dr. André Berghegger,2020-12-11,172459,"nlichen Notsituation. Da wundert es mich schon – nein, eigentlich wundert es mich nicht –, dass die Linken die Schuldenbremse aussetzen wollen oder dass die Grünen, wie sie formuliert haben, die Schuldenbremse reformieren wollen. Beide wollen auf jeden Fall die bestehende Regelung nicht einhalten. ("
446003,Reden Sie mal mit dem Vizekanzler!,CDU/CSU,Alexander Throm,GRÜNE,Marlene Schönberger,2023-11-17,198431,"ernd. (Beifall beim GRÜNE) Antisemitismus lässt sich aus Deutschland nicht abschieben. Einige haben es noch immer nicht verstanden: Antisemitismus ist ein gesamtgesellschaftliches Problem. Wir sprechen von 20 bis 30 Prozent der Bevölkerung, die latent oder offen antisemitische Einstellungen haben. ("
307219,Das ist lächerlich!,DIE LINKE,Dr. Petra Sitte,SPD,Gabriela Heinrich,2016-05-12,138130,"ass die Grenze wieder aufgeht. Darüber, dass wir hier eine europäische Lösung brauchen, bin ich mit Ihnen völlig einig. Aber es kann nicht angehen, dass Sie sich hierhinstellen und sagen: Nehmt sie halt alle auf, und dann sind die Sorgen erledigt. (Beifall bei Abgeordneten der SPD und der CDU/CSU – "
308375,Weil unsere Argumente so gut sind! Die prägen sich ein!,CDU/CSU,Dr. Tim Ostermann,SPD,Dr. Lars Castellucci,2016-06-09,138710,"rage, ob deswegen alles so bleiben sollte, wie es ist. Da möchte ich mich an die Kolleginnen und Kollegen von der Union wenden. Lieber Herr Ostermann, wenn ich nachts um drei geweckt würde, könnte ich die Rede aufschreiben, die Sie hier zu diesem Thema halten. (Beifall bei Abgeordneten der LINKEN – "
313286,20 Jahre!,DIE LINKE,Andrej Hunko,CDU/CSU,Katrin Albsteiger,2016-11-10,141006,"g zu finden versucht, dann sollte das doch in unser aller Interesse sein. Ob am Ende eine Ratifizierung in dieser Legislaturperiode steht, ganz ehrlich, das kann ich Ihnen nicht sagen. Dafür ist dann die Bundesregierung zuständig. Aber wir können kein Interesse an einer voreiligen Umsetzung haben, ("
440053,Weil Sie nichts gemacht haben!,DIE LINKE,Nicole Gohlke,CDU/CSU,Dr. Ingeborg Gräßle,2023-09-29,196470," all die Menschen wenden, die uns zuschauen – ich weiß, es sind einige –, und ich möchte Sie herzlich begrüßen. Bisher hat es der Linken jedenfalls mit ihrem Antrag nicht pressiert. Der Antrag wurde vor 20 Monaten zum ersten Mal beraten, war vor sieben Monaten im Ausschuss und kommt jetzt hierher. ("
380316,Ein Trippelschrittchen!,DIE LINKE,Matthias W. Birkwald,SPD,Hubertus Heil,2020-12-11,172442,"zuführen. Sie wird zum 1. Januar allen Widerständen zum Trotz in diesem Land eingeführt, meine Damen und Herren. (Beifall bei der SPD sowie bei Abgeordneten der CDU/CSU) Es ist auch richtig, dass der Mindestlohn steigt. Die Mindestlohnkommission hat entsprechende Empfehlungen auf den Weg gebracht. ("
403631,"Sie hätten nur die Hand heben müssen im April, wir wären dabei gewesen! Es stand in unserem Antrag drin! Hätten Sie haben können! Da haben sie Nein gesagt!",GRÜNE,Dr. Till Steffen,CDU/CSU,Andrea Lindholz,2022-09-08,185154,"en Weg gebracht. (Zuruf des Abg. Otto Fricke [FDP]) Das würde uns nämlich heute und in Zukunft ermöglichen, die Pandemie besser zu managen, das würde uns ermöglichen, unsere Bürger besser zu schützen, und das würde uns auch ermöglichen, die Grundrechte besser zu schützen. (Beifall bei der CDU/CSU – "
28189,Die haben es immer  noch nicht kapiert! Unglaublich!,FDP,Ina Albowitz,SPD,Siegmar Mosdorf,1994-02-03,17308,"Herr Schäuble, ich möchte  Sie erstens fragen, ob Sie in dem Buch von Karl  Schiller, das Sie ja mit Aufmerksamkeit gelesen  haben, auch die vielen Passagen der kritischen  Anmerkungen zu der Art und Weise, in der Sie die  Vereinigung betrieben haben, nachgelesen haben.  ("
196192,Fangen Sie doch einmal  an!,FDP,Otto Fricke,SPD,Joachim Poß,2008-11-25,90390,"all bei der SPD) Joachim PoßDem baden-württembergischen Ministerpräsidenten Oettinger bin ich in diesem Zusammenhang dankbar, am 21. November im Handelsblatt noch einmal darauf hingewiesen zu haben, dass Forderungen nach weitgehenden Steuerentlastungen sanierte öffentliche Haushalte voraussetzen.  ("
326587,Was sind denn jetzt Ihre Lösungen?,CDU/CSU,Dr. Jan-Marco Luczak,AfD,Martin Sichert,2018-03-01,147513,"li Nissen [SPD]: Was ist Ihre Lösung?) – Zu den Lösungen komme ich gleich. Wir haben eine massive Zunahme an Obdachlosigkeit. In München sind inzwischen sogar Menschen aus der Mittelschicht von Obdachlosigkeit bedroht, wenn sie ihre Wohnung verlieren. Und warum? Weil es nicht genug Wohnungen gibt. ("
50732,Das ist  eine Beleidigung des Haushaltsausschusses!,CDU/CSU,Dietmar Kansy,GRÜNE,Franziska Eichstädt-Bohlig,1997-01-30,33589,"genau in Erinnerung; ich lasse  mich gerne über die Zahlen belehren -  (Editha Limbach [CDU/CSU]: Sie kennt  nicht einmal die Zahlen!)  und daß die Kontrolle über diese Maßnahmen nur  sehr bescheiden, nämlich vom Haushaltsausschuß im  Rahmen der Haushaltsplanungen, ausgeübt werden  kann?  (Dr.-Ing. "
124181," Ich denke, das ist  die große Agenda!",CDU/CSU,<unknown>,SPD,Rolf Schwanitz,2003-05-21,61544,"Ich  vermute, Herr Koppelin, dass das Papier, das Sie hinterfragen,  (Hartmut Koschyk [CDU/CSU]: Er vermutet  es!) ebenfalls ein Papier einer Partei ist.  "
277921,"Aber am meisten rasen die Eltern vor den Kitas, mit den dicksten Autos!",GRÜNE,Dr. Valerie Wilms,SPD,Birgit Kömpel,2014-01-31,124192, gebracht und umgesetzt worden. Aber auch dem zunehmenden Anteil älterer Menschen an der Gesamtbevölkerung muss die Verkehrssicherheitsarbeit mit neuen Maßnahmen Rechnung tragen.Ältere Menschen über 65 und Kinder im Grundschulalter verunglücken als Fußgänger dreimal so oft wie 35- bis 44-Jährige.  (
10607,Das ist ja nicht viel!,SPD,Günter Rixe,CDU/CSU,Hannelore Rönsch,1992-04-29,6201,"tzt  eingehen werde, unmittelbar angesprochen wurden.  Die heute mangelnde Präsenz hat nichts damit zu tun,  daß dieses Thema die Kollegen nicht interessieren  würde.  Seit dem 1. Januar 1991 zahlen die Krankenkassen  für Schwerpflegebedürftige auf Antrag nun endlich  monatlich 400 DM Pflegegeld.  ("
149289,Er lebt nicht in  Deutschland!,CDU/CSU,Ernst Hinsken,SPD,Rüdiger Veit,2004-12-16,69777,"il sie keinen Pass haben oder weil ihre Identität unklar ist.  (Reinhard Grindel [CDU/CSU]: 90 Prozent  der Fälle kommen ohne Pass!) Von daher gesehen geht Ihr Antrag schon im Ansatz von völlig falschen Voraussetzungen aus.  Ich habe nicht die Zeit und möglicherweise auch nur bedingt die Neigung,  ("
59458,Das ma chen die auch in Zukunft!,CDU/CSU,Siegfried Hornung,SPD,Matthias Weisheit,1998-03-26,38772," die sagen, daß die ganze Landwirtschaftspolitik der Bundesregierung gescheitert  ist. Sie sei vergeblich und schlecht gewesen.  In Wangen im Allgäu im Kreisbauernverband -  man muß sich das einmal vorstellen - sind kreuzbrave Bauern, die normalerweise immer schön anständig schwarz gewählt haben,  ("
221329,Deshalb macht ihr  das Betreuungsgeld?,SPD,Nicolette Kressl,CDU/CSU,Dr. Angela Merkel,2010-09-15,100640,"s auf die Reihe bringen. (Beifall bei Abgeordneten der CDU/CSU und  der FDP) Wir sagen: Bildung ist der Schlüssel für Teilhabe an der Gesellschaft. Wie wir gestern aus der Shell-Studie erfahren haben, gibt es 10 bis 15 Prozent Kinder, für die diese Teilhabe noch nicht gilt und die frustriert sind. ("
400343,Sehr gutes Papier!,FDP,Konstantin Kuhle,CDU/CSU,Yannick Bury,2022-06-03,183799," mit Ihrem konkreten Regierungshandeln zu tun hat und mit dem, was Sie uns in diesem Haushalt vorgelegt haben. (Beifall bei der CDU/CSU) Wie sehr Erzählung und Wirklichkeit Ihrer Politik auseinanderklaffen, wird ganz besonders deutlich, wenn man sich Ihr finanzpolitisches Strategiepapier anschaut, ("
236961,Dann geben Sie sich mal Mühe!,GRÜNE,Lisa Paus,GRÜNE,Hans-Christian Ströbele,2011-05-27,106484,"ir doch mal gucken, was Herr Wolf in der taz zu dem Thema gesagt hat! – Manfred Grund [CDU/ CSU]: Die Belehrungen können Sie im Senat machen, aber nicht hier!) – Ich spreche gerade mit dem Kollegen Ströbele, der mir eine Frage gestellt hat, die ich, wie sich das gehört, anständig beantworten will. ("
135374,Das ist  Stamokap!,CDU/CSU,Dr. Gerd Müller,CDU/CSU,Albert Rupprecht,2004-02-13,65082,"ür Innovation in Europa sein. Das Ergebnis finden Sie in der Finanzplanung der Kommission. Die Ausgaben für Forschung und Entwicklung werden glatt vervierfacht. Offensichtlich glauben die Regierungschefs, eine zentral gesteuerte europäische Innovationspolitik sei erfolgreicher als eine nationale.  ("
187732,"Das sagt nichts darüber aus, ob es ausreichend ist!",GRÜNE,Markus Kurth,CDU/CSU,Karl Schiewerling,2008-02-21,85999,"ht darum gehen, neue Leistungsanforderungen an die Grundsicherung zu stellen. An dieser Stelle weise ich in aller Deutlichkeit darauf hin, dass das Bundessozialgericht im November 2006 Höhe und Art der Bedarfsermittlung, wie sie in § 23 des SGB II geregelt ist, als verfassungsgemäß angesehen hat.  ("
416401,Das sagen aber die Richtigen!,SPD,Dr. Johannes Fechner,CDU/CSU,Stephan Mayer,2022-12-15,188851,"t vor, dass die Interessenvertreterinnen und ‑vertreter die Schenkungen Dritter nicht anzeigen müssen. (Dr. Günter Krings [CDU/CSU]: Hört! Hört!) Das sage ich jetzt auch mal ganz deutlich an die Adresse der Sozialdemokratie gerichtet: Gerade vor dem Hintergrund der jüngsten Vorkommnisse in Brüssel ("
205641,Er hat eben gar nicht zugehört!,FDP,Dirk Niebel,CDU/CSU,Dr. Ralf Brauksiepe,2009-07-03,95327,"n, die es können, um zwei Jahre zu verlängern, damit diejenigen, die nicht so lange arbeiten können, weiter solidarisch abgesichert werden. Wenn es in den letzten Jahren irgendetwas gab, wozu es keine seriöse Alternativ gab, dann war es dieses Gesetz für die Rente mit 67. (Beifall bei der CDU/CSU – "
349888,Hat Ihnen Herr Frohnmaier die Rede geschrieben?,CDU/CSU,Michael Grosse-Brömer,AfD,Steffen Kotré,2019-05-09,158085,"dann seine Wahlchancen steigen. Da kann ihm seine eigene Partei schlecht dazwischenreden. Mehrheit ist Mehrheit, er wird also unterstützt. Aber das, was Herr Weber hier macht, ist Verrat an deutschen Interessen. (Beifall bei der AfD) Herr Weber hat unserem Vaterland sozusagen den Rücken zugekehrt. ("
4533,Eine vorbildliche  Demokratin!,CDU/CSU,<unknown>,SPD,Hanna Wolf,1991-09-26,2750,"iten und diskutieren heute über viele Gesetzentwürfe.  Wir setzen uns auch kritisch mit ihnen auseinander.  Das möchte ich ebenfalls tun, natürlich ganz besonders mit dem Entwurf der CDU/CSU-Fraktion. Ich  sage hier auch, daß ich mich mit dem Entwurf der  Gruppe Werner nicht mehr auseinandersetze,  "
347856,"Steinzeit ist das! Sehr digital, sehr modern!",FDP,Thomas L. Kemmerich,DIE LINKE,Susanne Ferschl,2019-04-04,157242,"twas kommt von der Partei, die die Ausweitung des Arbeitszeitgesetzes fordert! (Beifall bei der LINKEN sowie bei Abgeordneten des GRÜNE) Ich zeige Ihnen mal was: Das hier ist das Formblatt für Stundenaufzeichnung der Minijob-Zentrale. Da trägt man Beginn und Ende der Arbeitszeit und die Summe ein. ("
19593,"Er  war der zweitletzte, der letzte war Herr  Jansen!",CDU/CSU,<unknown>,SPD,Konrad Gilges,1993-03-24,11787,"gt — ich zitiere jetzt den Kölner „Express"" —:  „Man hat das Gefühl, man sei der letzte Blödmann,  weil man als einziger eine Konsequenz gezogen hat.""   Sind Sie der Meinung, daß Herr Möllemann der letzte  Blödmann aus der Bundesregierung war?  (Torsten Wolfgramm [Göttingen] [FDP]:  Der vorletzte! —"
227907,Unglaublich!,DIE LINKE,Christine Buchholz,CDU/CSU,Michael Frieser,2010-12-02,102806,"rdern damit allenfalls die deutsche Außenpolitik ins Abseits. Das ist das Einzige, was damit erreicht wird. Davon kann WikiLeaks nur träumen. Ich muss aber ehrlich sagen: Dass damit eine solche Katastrophe vorbereitet werden könnte, ist vielleicht genau die Absicht, die hinter diesem Antrag steht. ("
341730,Ja!,FDP,Manfred Todtenhausen,GRÜNE,Claudia Müller,2018-12-13,154342,"ein- und Kleinstbetriebe hat sich erhöht, allerdings ebenfalls in den zulassungspflichtigen Bereichen. Sie hat sich in den Jahren 1995 bis 2015 in beiden Bereichen fast verdreifacht. Sie lag allerdings bei den Betrieben aus dem B1-Bereich schon vor 1995 deutlich höher als in den anderen Bereichen. ("
111385,Da hat doch eine Zertifizierung stattgefunden!,CDU/CSU,Albert Deß,SPD,Gustav Herzog,2002-06-12,58101," Pflanzenschutzmitteln feststellbar. Ich wiederhole meine Frage vom letzten Donnerstag: Was denken sich eigentlich die Leute dabei, dort Getreide oder Lebensmittel einzulagern? 24162 (Beifall bei der SPD, dem GRÜNE und der PDS) Hierbei müssen wir auch nach der Verantwortung der Unternehmen fragen. ("
167487,Sie haben doch damals  dagegen gestimmt!,SPD,Ulrich Kelber,FDP,Michael Kauch,2006-06-29,76256," besonders aufgrund der Tatsache, dass wir noch vor zwei Jahren fraktionsübergreifend ein Instrument beschlossen haben. Dieser typische Fall von Instrumentenhopping wird aber nicht aus umweltpolitischen Gründen, wie es die Koalition hier suggeriert, sondern aus rein fiskalischen Gründen betrieben. ("
135088,Leider wahr!,FDP,Carl-Ludwig Thiele,CDU/CSU,Peter Rzepka,2004-02-12,64966,"n, dann sollten Sie wenigstens auf die Sachverständigen hören –: Im Bereich der Steuerpolitik bestehen gegenwärtig erhebliche Defizite. Das deutsche Einkommensteuerrecht wird zunehmend als chaotisch wahrgenommen. Steuerpolitische Einzelmaßnahmen fügen sich nicht in eine erkennbare Systematik ein:  ("
355896,Warum?,DIE LINKE,Matthias W. Birkwald,SPD,Ralf Kapschack,2019-10-17,160896,"t es nach wie vor erhebliche Unterschiede bei den Löhnen. Deshalb müsse es auf absehbare Zeit dabei bleiben, dass Rentenbeiträge im Osten anders, nämlich besser beurteilt und behandelt werden als im Westen. – Das geht nicht! (Beifall bei der SPD sowie des Abg. Dr. Wolfgang Strengmann-Kuhn [GRÜNE] – "
62725,Er hat aber  einen guten Staatsminister!,FDP,Friedrich Nolting,SPD,Günter Verheugen,1998-09-03,40470,"agen hat.  Das ist aber offensichtlich nicht der Fall.  Ich verzichte darauf, den Bundesaußenminister  herbeirufen zu lassen; aber ich stelle fest, daß er bei  der Beratung seines Haushaltes nicht anwesend ist.  (Wolf-Michael Catenhusen [SPD]: Das geht  so aber nicht! Das ist unanständig! - Günther "
219103,Peinlich!,SPD,Caren Marks,CDU/CSU,Norbert Geis,2010-06-17,99718,"er Erklärung abtun: Nur in der Kita kann richtige Erziehung erfolgen. (Monika Lazar [GRÜNE]:  Der Tag hat mehr als acht Stunden!) Deswegen meine ich: Ihr Antrag ist einfach nicht ausgewogen, er ist rechtlich nicht fundiert, und deshalb ist er auch abzulehnen. Danke schön. (Beifall bei der CDU/CSU – "
215190,"Ja, ja!",DIE LINKE,van Aken,CDU/CSU,Philipp Mißfelder,2010-03-26,98260,"m breiten Konsens über das Thema Abrüstung diskutiert haben. Herr van Aken, geben Sie sich einen Ruck und stimmen Sie diesem wirklich vernünftigen Antrag zu, der auf einem breiten Konsens fußt. (Jan van Aken [DIE LINKE]: Warum haben  Sie nicht mit uns geredet?)– Ich rede ja gerade mit Ihnen. – (Jan "
219038,So ein  Zufall!,CDU/CSU,Michael Grosse-Brömer,DIE LINKE,Dr. Dietmar Bartsch,2010-06-17,99687,"n, die bekannt sind. Wir haben uns in diesem Vertrag gleichzeitig dazu verpflichtet, das Dreifache an Strafe zu zahlen, sollte irgendein Vermögensgegenstand auftauchen, von dem auch nur irgendeiner aus der Führung der Partei etwas weiß. Das sind die sachlichen Fakten. Es ist nie etwas aufgetaucht, ("
236630,Wer ist denn die  Aufsichtsbehörde bei der AOK in Berlin?,CDU/CSU,Rudolf Henke,SPD,Mechthild Rawert,2011-05-26,106335,"uf von der CDU/CSU: In Berlin, Frau Kollegin, in Berlin! Was hat denn Ihre Regierung gemacht?) Infolgedessen hätten hier schon längst Vorbereitungen getroffen werden können. Sie sollten sich also nicht so viel einbilden und nicht sagen, dass nur andere schuld sind; auch Ihre Regierung hat versagt. ("
372372,Unglaublich!,DIE LINKE,Martina Renner,DIE LINKE,Caren Lay,2020-07-02,168348,"ifall bei der LINKEN sowie der Abg. Canan Bayram [GRÜNE]) Meine Damen und Herren, das alles kann nur der erste Schritt sein; das wissen wir als Linke, das haben wir immer gesagt. Zwangsräumungen während der Pandemie wollen wir grundsätzlich ausschließen und nicht wie die AfD auch noch erleichtern. ("
440526,"Freiheit, Frau Kollegin, Freiheit wollen wir!",AfD,Fabian Jacobi,GRÜNE,Hanna Steinmüller,2023-10-12,196763,"Herr Präsident! Liebe Kolleginnen und Kollegen! Liebe Bürgerinnen und Bürger! Jetzt wissen wir mal wieder, was die AfD alles nicht will. ("
413533,Das kann man doch nicht ernst nehmen!,GRÜNE,Britta Haßelmann,CDU/CSU,Andreas Mattfeldt,2022-11-25,187928,"trahlung auf Forschung, mit Ausstrahlung auf Bildung, mit Ausstrahlung auf Arbeitsplätze der Zukunft und auf neue Branchen. Herr Habeck, ich kann es Ihnen nicht ersparen: Sie gefährden so den Wirtschaftsstandort Deutschland. (Beifall bei Abgeordneten der CDU/CSU und des Abg. Gereon Bollmann [AfD] – "
431829,„Über“!,AfD,Steffen Kotré,GRÜNE,Dr. Robert Habeck,2023-06-21,193988,"Vielen Dank. – Wenn ich richtig informiert bin, ist Aserbaidschan ein souveräner Staat und nicht Russland. (Lachen bei Abgeordneten der AfD – "
146011,Das Letztere wollen wir auch!,GRÜNE,Winfried Nachtwei,CDU/CSU,Anita Schäfer,2004-11-11,68828,"d, verkauft aber fast keine Liegenschaft.  Zum Schluss meiner Rede möchte ich die Abgeordneten der Regierungsfraktionen auffordern: Stehen Sie zu Ihren früheren Forderungen, unterstützen Sie unserenvorliegenden Antrag und helfen Sie den betroffenen Gemeinden! Vielen Dank. (Beifall bei der CDU/CSU – "
84223,Das ist offiziell erklärt worden!,FDP,Walter Hirche,FDP,Gudrun Kopp,2000-10-12,49444,"sierung des Ladenschlusses. Allerdings – das war dann der große 11971 Coup –: Bundeskanzler Schröder entdeckte den Ladenschluss als taktisches Beruhigungsmittel in Richtung Gewerkschaften, um in der Rentenfrage weiterzukommen.  (Konrad Gilges [SPD]: Den Quatsch glauben Sie doch wohl selber nicht! – "
69948,Wir bedanken uns aber nicht für Ihre Rede!,SPD,Dr. Uwe Küster,FDP,Klaus Haupt,1999-06-30,43844,"it Chancen für die Jugend schaffen will, muß auch das gesellschaftliche Umfeld in den Blick nehmen. Denn über die Chancen, die ein Jugendlicher hat, wird nicht erst bei der Ausbildungsplatzfrage entschieden. Ich danke für die Aufmerksamkeit. (Beifall bei der FDP sowie bei Abgeordneten der CDU/CSU – "
427130,"Ja, so ist es!",CDU/CSU,Andrea Lindholz,CDU/CSU,Dr. André Berghegger,2023-04-28,192433,"reden suchen, warum eine Unterstützung gerade nicht geht, und vor allen Dingen darf sie keine Gründe anführen, die nichts mit der aktuellen Migrationssituation zu tun haben. Denn die Migrationssituationen können die Kommunen nicht beeinflussen, die Bundesregierung schon, wie wir hier gehört haben. ("
234468,Genau!,SPD,Christel Humme,GRÜNE,Beate Müller-Gemmeke,2011-04-07,105438,"se bei frauendominierten Tätigkeiten die Anforderung „soziale Kompetenz“ nicht bewertet, in klassischen Männerberufen, zum Beispiel auf dem Bau, wird aber die notwendige Muskelkraft besonders hoch bewertet, hingegen werden die körperlichen und psychischen Belastungen der Pflege wiederum ignoriert. ("
14807,"Sehen Sie, jetzt  bringen Sie doch noch Heiterkeit ins  Ple",CDU/CSU,Jochen Feilcke,DIE LINKE,Dr. Barbara Höll,1992-10-29,8597," vermittelte Zwang zur Vermehrung des abstrakten Reichtums als solchem läßt die  Arbeitskraft, Produktionsmittel und die Ressourcen  als zu minimierende Kostenfaktoren erscheinen.  (Dr. Wolfgang Bötsch [CDU/CSU]: Ihr seid  aber ohne Profit untergegangen!)  Obwohl in den neuen Bundesländern 1991 —  ("
