Unnamed: 0,comment_text,comment_party,comment_name,interrupted_speaker_party,interrupted_speaker,date,speech_id,preceding_context,sentiment
433684,Jetzt nicht durcheinanderkommen!,GRÜNE,Dr. Till Steffen,AfD,Dirk Brandes,2023-07-05,194603,"DIE LINKE]: Jeder Cent für die Sozialsysteme ist ein guter Cent! Das gibt nämlich höhere Renten und eine Gesundheitsversorgung, die sich sehen lassen kann!) Liebe CDU, runde Tische und eine Absenkung der Ausbildungsstandards für Berufskraftfahrer reichen nicht aus, um dem Fahrermangel zu begegnen. (",1
238107,Ui!,DIE LINKE,Michael Schlecht,CDU/CSU,Ulrich Lange,2011-06-30,106964,"uwirken. Tun Sie das endlich, (Beifall bei Abgeordneten der CDU/CSU sowie des Abg. Oliver Luksic [FDP]) damit Ihr Wunsch, Stuttgart 21 realisieren zu können, Wirklichkeit werden kann. (Beifall bei Abgeordneten der FDP) Kollege Schlecht, Ihre Rede war eine Rede im Sinne eines besten Krawallbürgers. (",0
381901,Sie haben es nicht verstanden!,FDP,Dr. Marco Buschmann,GRÜNE,Dr. Manuela Rottmann,2021-01-28,173441,"soll das? Sie stärken damit doch nicht den Bundestag, Sie machen aus ihm einen Schlaumeier am Spielfeldrand, der die Strichliste über gewonnene Zweikämpfe in der Ministerpräsidentenkonferenz führen darf. (Beifall beim GRÜNE, bei der CDU/CSU und der SPD – Michael Grosse-Brömer [CDU/CSU]: Sehr gut! – ",1
148254,Wir auch!,FDP,Ulrike Flach,CDU/CSU,Dr. Maria Böhmer,2004-12-02,69450,"len Leuten Sachen! Damit wäre ich vorsichtig!) – Liebe Frau Flach, ich gehe gern darauf ein. Wir haben engsten Kontakt zu den Wissenschaftlern. Sie wissen, dass die CDU/CSU-Bundestagsfraktion einen Beirat für Fragen der Bio- und Gentechnologie mit exzellenten Stammzellwissenschaftlern berufen hat. (",0
61862,"Es ist schon interessant,  was da herauskommt!",SPD,Horst Sielaff,FDP,Günther Bredehorn,1998-06-18,39933,"ilosophie „Mengen runter, Preise rauf"" hat sich als Flop erwiesen. Wir sollten  nicht weiterhin den Eindruck erwecken - das wird  immer noch von allen Seiten gemacht -, daß wir mit  einer Mengenregulierung oder mit dieser Garantiemengenregelung die Herausforderungen der Zukunft bewältigen werden.  (",0
326228,Um Gottes willen!,AfD,<unknown>,CDU/CSU,Dr. Volker Ullrich,2018-02-23,147271,"uropa?) Über die inhaltlichen Themen, meine Damen und Herren, werden wir im Ausschuss diskutieren. Wir müssen darüber sprechen, wie wir die Gemeinsame Außen- und Sicherheitspolitik im mehrjährigen Finanzrahmen mit Mitteln unterlegen können, wie wir die Stellung der Kommissarin weiter stärken können.",1
49575,Unmöglich!,CDU/CSU,Steffen Kampeter,SPD,Doris Odendahl,1996-11-28,32593,"t über das  Thema Gesamtschule diskutieren, sondern über den unglaublichen Vorgang, daß Bürgerinnen und Bürger in Münster versuchen, ihre Schulen zu erhalten,  und einen Bürgerentscheid durchsetzen und daß der  SPD-Innenminister Kniola das mit obrigkeitsstaatlichen Mitteln zu verhindern versucht.  (",1
321230,Von welchen Steuern denn?,SPD,Klaus Mindrup,CDU/CSU,Volkmar Vogel,2017-05-19,144572,"über den sie verfügen können. (Christian Kühn [Tübingen] [GRÜNE]: Das debattieren wir noch mal!) Da sind es vor allen Dingen die Familien, die Schwellenhaushalte, die es schwer haben, zu Wohnungseigentum zu kommen. Denen müssen wir helfen, zum Beispiel durch steuerliche Abschreibungsmöglichkeiten. (",1
103108,Und das soll Klimaschutz sein?,GRÜNE,Hans-Josef Fell,GRÜNE,Michaele Hustedt,2001-12-13,55591,"Gas importieren müssen. Aber wenn man die Kohlestrategie wählt, dann muss Deutschland nach der Prognos-Berechnung absolut gesehen – nicht relativ, weil man auf Kohle setzt; aber die absolute Zahl ist entscheidend dafür, wie abhängig man ist – mehr Gas importieren als bei der Klimaschutzstrategie.  (",1
350482,Ihr habt doch bei 800 schon dagegengestimmt!,CDU/CSU,Hans Michelbach,GRÜNE,Dr. Danyal Bayaz,2019-05-10,158340, enormer Tragweite. Die Wahrheit ist: Die Anhebung der GWG-Grenze um 200 Euro – von 800 auf 1 000 Euro – ist nahezu unstrittig. Die Bedeutung für den Bundeshaushalt ist marginal. Wir reden hier über einen Zinseffekt. (Lothar Binding [Heidelberg] [SPD]: 100 Prozent Anhebung ist auch was! – Dr. h. c. ,0
422172,Die größte Unwahrheit ist das!,CDU/CSU,Thorsten Frei,GRÜNE,Katharina Dröge,2023-03-16,190884," in der Europäischen Union. (Dorothee Bär [CDU/CSU]: Ihr seid dagegen!) Sie sind auch gegen Windenergieausbau in Bayern. (Zuruf des Abg. Christian Dürr [FDP]) Sie sind eigentlich gegen alles, was Klimaschutz in diesem Land bringt. (Beifall beim GRÜNE und bei der FDP sowie bei Abgeordneten der SPD – ",1
425447,Das glaube ich!,DIE LINKE,Jan Korte,GRÜNE,von Notz,2023-04-20,191865,"erer Ausführung verliehen und sie damit für ihre persönlichen Leistungen geehrt. Ich möchte diesen TOP der AfD auch dafür nutzen, um hier in aller Klarheit zu sagen: Wir gratulieren Frau Merkel ganz herzlich zu dieser schönen Auszeichnung. (Beifall beim GRÜNE, bei der SPD, der CDU/CSU und der FDP – ",2
71876,Das ist wahr!,SPD,<unknown>,FDP,Klaus Haupt,1999-10-01,44563," wir, daß die Bundesregierung einen neuen Anlauf unternimmt, diese fast unendliche Geschichte zu einem Abschluß zu bringen. Irmingard Schewe-Gerigk Seit Mitte der 80er Jahre wird versucht, zu einem Altenpflegegesetz zu kommen. Zuletzt waren die Bemühungen an der Blockadehaltung Bayerns gescheitert. ",2
116847,In den Irak gehen wir doch gerade nicht rein!,SPD,Rudolf Bindig,CDU/CSU,Dr. Gerd Müller,2002-12-04,59417,"die Sie nicht beantwortet haben: Gibt es eine Exit-Strategie? Wie sollen im Ernstfall 2 000 bis 5 000 Mann herausgeholt werden? Wo ist das Gesamtkonzept für Afghanistan? Herr Bundesaußenminister, Sie lassen sich feiern. Ihre Devise lautet: Wir gehen überall rein: Mazedonien,  Bosnien, Afghanistan. (",0
176214,Wir haben eine andere Auffassung von Kontrolle als Sie! Das ist richtig!,CDU/CSU,Leo Dautzenberg,DIE LINKE,Dr. Barbara Höll,2007-03-23,80453," nicht praktikabel.  (Leo Dautzenberg [CDU/CSU]: Die Abstimmung  mit den Ländern ist doch jetzt geklärt!) Ein Problem ist schon, dass der Anteilseigner von sich aus seine Dividenden angeben muss. Wenn er das nicht tut, dann tut er das nicht. Wer das alles kontrollieren soll, ist völlig ungeklärt.  (",0
16563,Jetzt nennen Sie die  einmal!,SPD,Horst Sielaff,CDU/CSU,Siegfried Hornung,1992-12-09,9755,"häden des vergangenen Jahres  bzw. des Jahres 1990 den Zustand des Waldes verschlechtert und auch emissionsbedingte Schäden  stärker zutage treten lassen.  Konsequenzen aus dieser Tatsache sind ein ganzes  Bündel von kurz- und langfristigen Maßnahmen, die  sowohl im Bereich der Ursachenbekämpfung  (",1
162281,Weiter so!,FDP,Dr. Heinrich L. Kolb,CDU/CSU,Peter Weiß,2006-03-09,74247,"iträge der Geschichte zahlen müssen und dafür relativ wenig herausbekommen. (Dirk Niebel [FDP]: Stimmt doch, oder?) Solche Reden kann man halten. Der Punkt ist nur: Damit wird kein einziges rentenpolitisches Problem gelöst. (Dirk Niebel [FDP]: Aber es ist wahr, oder?) Unser Kurs ist und muss sein, (",2
439959,Wieso?,CDU/CSU,Moritz Oppelt,GRÜNE,Lamya Kaddor,2023-09-29,196433,"darauf, uns im öffentlichen Raum sicher fühlen zu dürfen. Dieses Recht wird auch durch Organisierte Kriminalität infrage gestellt. Darauf braucht es eindeutige Antworten. (Beifall bei Abgeordneten des GRÜNE) Ihr Antrag hat gute Ansatzpunkte. Allerdings macht er es sich an vielen Stellen zu leicht. (",0
73125,Das kann ja wohl nicht sein!,CDU/CSU,Erwin Marschewski,GRÜNE,Marieluise Beck,1999-11-04,45076," (Zuruf von der CDU/CSU: Das ist vom Gesetz auch gewollt!) Aus dem Fehlen einer sachlichen Rechtfertigung für diese Sonderbehandlung dürfte sich eine verfassungsrechtliche Diskriminierung ergeben. Es sei denn, dieses Modell sollte Vorreiter für eine entsprechende Kontrolle auch von Inländern sein. (",1
185946,Vollkommen richtig!,SPD,Gabriele Groneberg,CDU/CSU,Sibylle Pfeiffer,2008-01-17,85161,"Unterausschuss zur Gesundheit in Entwicklungsländern gekämpft haben.  (Dr. Karl Addicks [FDP]: Ich habe es ja gesagt!) Aber um der Wahrheit die Ehre zu geben: Mir erschließt sich überhaupt nicht, warum du das jetzt in diesem konkreten Zusammenhang vorbringst.  (Beifall bei der CDU/CSU und der SPD – ",2
438342,Schon mal was von Demokratie gehört?,GRÜNE,Henrike Michaelsen,AfD,Dr. Dirk Spaniel,2023-09-21,195830,"kraummangel besteht, den Verkehr beschränken. Das muss man sich mal vorstellen, was Sie als FDP hier abziehen oder sich in die Feder diktieren lassen. Das geht doch alles gar nicht; das wissen Sie auch. Was hier passiert: Irgendwelche Bürgermeister – das sehen wir auch gerade in Hannover – (Swantje ",1
299147,"Wollen Sie die erschießen, oder was? Oder erschießen lassen?",DIE LINKE,Sevim Dağdelen,CDU/CSU,Dr. Hans-Peter Uhl,2015-10-14,134347,"ten zehn Jahre nichts wissen!) Die griechische Insel Kos liegt in Sichtweite der türkischen Küste. 1 bis 2 Millionen Menschen warten an der türkischen Mittelmeerküste darauf, auf die griechischen Inseln überzusetzen, um von dort aus über Mazedonien im Wesentlichen nach Deutschland weiterzuwandern. (",1
411180,Dann wäre es nicht Gesetz geworden! Ist ja nicht logisch!,CDU/CSU,Jens Spahn,SPD,Michael Müller,2022-11-10,187324,"brauchen an dieser Stelle von der Union keinen Nachhilfeunterricht. Das Lieferkettengesetz, das genau das Thema der Menschenrechte in den Blick nimmt, ist gegen die Blockade der Union durchgesetzt worden. (Beifall bei der SPD und dem GRÜNE – Dr. Johann David Wadephul [CDU/CSU]: Stimmt doch nicht! – ",0
157891,Das finden Sie doch auch  falsch!,FDP,Dirk Niebel,GRÜNE,Dr. Thea Dückert,2005-06-17,72474,"r dazu führt, dass diese Frühverrentungspraxis zum Beispiel durch Verkürzung der Bezugsdauer des Arbeitslosengeldes unattraktiver wird.  (Dirk Niebel [FDP]: Warum kehren Sie dann  jetzt um?) Die Übergangsfrist, bis die Regelungen dieses Gesetzes in Kraft treten, wird nun um zwei Jahre verlängert.  (",0
364217,Die Blechtrommel!,CDU/CSU,Michael Grosse-Brömer,CDU/CSU,Dr. Georg Nüßlein,2020-01-17,164051,"Herr Kollege! – Zuruf von der AfD: Sachlich geht es auch!) Man kann natürlich bei der Gelegenheit die gleiche Melodie spielen, die wir hier übrigens auch spielen, was schon mal gar nicht schlecht ist. Blöd ist, wenn man zeitversetzt spielt, also ein bisschen hinterher. Das kommt nicht ganz so gut. (",0
220443,Wir hatten einen besseren!,GRÜNE,Brigitte Pothmer,DIE LINKE,Sabine Zimmermann,2010-07-08,100321,"Kramme hat auch schon einige Hinweise dazu gegeben. Zweitens. Die Regierung will die Regelung zur freiwilligen Arbeitslosenversicherung für Selbstständige verlängern. Dazu muss man natürlich sagen, dass die Linken und die Grünen schon im März einen Gesetzentwurf bzw. Antrag dazu eingebracht haben. (",1
138797,So ist es!,SPD,<unknown>,SPD,Karin Evers-Meyer,2004-04-29,66353,"htung der Sicherheitsbehörden auf die neue Bedrohungslage. Die Bundeswehr wird da, wo es notwendig und sinnvoll ist, ihren Beitrag auch für die Sicherheit im Innern leisten. Die Transformation der Bundeswehr zu einer international einsetzbaren Eingreiftruppe steht diesem Ziel gewiss nicht entgegen. ",2
13938,Wir kennen ihn!,FDP,Jürgen Koppelin,SPD,Horst Kubatschka,1992-10-07,8068,"Frau Kollegin, woher  nehmen Sie die Meinung, daß der Herr Kollege  Dreßler das anders bewertet hätte, wenn die Anzeige  in Gewerkschaftszeitungen erschienen wäre?  (",0
276696,So sind wir!,CDU/CSU,Dr. Günter Krings,CDU/CSU,Peter Beyer,2013-11-18,123468,"Frau Präsidentin! Meine sehr geehrten Damen und Herren! Liebe Kolleginnen und Kollegen! Lassen Sie mich vorab meine Freude zum Ausdruck bringen, dass auch ich als Außenpolitiker in dieser sehr innenpolitisch ausgerichteten Debatte zu Wort kommen darf.  (",0
394211,Sie haben es nicht verstanden!,AfD,<unknown>,FDP,Sandra Bubendorfer-Licht,2022-03-18,181251,"n Mahnung und Warnung sein. (Beifall bei der FDP und dem GRÜNE sowie bei Abgeordneten der SPD) Werte AfD, wenn Sie Haltung hätten, würde es Ihnen um die fachliche Aufarbeitung der Katastrophe sowie um die notwendigen Maßnahmen zur besseren Aufklärung und zur Stärkung des Katastrophenschutzes gehen. ",1
344434,Weil sie gegen das Gesetz verstoßen! Verstoß gegen das Gesetz!,AfD,Armin-Paulus Hampel,GRÜNE,Filiz Polat,2019-02-14,155586," sich aus gutem Grund gegen eine Abschiebung – zum Beispiel nach Afghanistan – engagieren, (Armin-Paulus Hampel [AfD]: Alles ungesetzlich!) drohen Sie jetzt – Frau Kollegin Jelpke hat es gesagt – mit einer Gefängnishaft von bis zu drei Jahren. Das kann nicht Ihr Ernst sein, meine Damen und Herren. (",1
126285,Manche Städte  sind auch zehnmal so groß wie andere!,CDU/CSU,Günter Nooke,GRÜNE,Ursula Sowa,2003-07-03,62434,"suchen. Die Medien lieben es, immer wieder Schreckensnachrichten im Kulturbereich zu verbreiten. In letzter Zeit ist es Usus, über die drohende Schließung von Häusern zu berichten, angefangen von Stadtteilbibliotheken bis hin zur Oper. In manchen Städten sind sogar drei Opern gleichzeitig bedroht. (",0
280611,Kommen Sie einmal nach Koblenz! Ich zeige Ihnen einen!,DIE LINKE,Alexander Ulrich,CDU/CSU,Dr. Michael Fuchs,2014-04-10,125561,"haben die niedrigste Jugendarbeitslosigkeit aller europäischen Länder.  (Alexander Ulrich [DIE LINKE]: Niedriglohn! Prekäre Beschäftigung!)  Daran kann man noch arbeiten, man kann es immer noch verbessern. In meinem Wahlkreis gibt es de facto keinen einzigen Jugendlichen mehr, der ausbildbar ist.  (",1
379540,"Es wäre schön, wenn der Wirtschaftsminister zuhören würde!",FDP,Otto Fricke,CDU/CSU,Hans Michelbach,2020-12-08,172175,chrank. Wir brauchen erfolgreiche chirurgische Eingriffe für die Sicherung von Unternehmen und der Arbeitsplätze. Das ist mit der Ordnungspolitik der sozialen Marktwirtschaft am besten zu erreichen. (Carsten Schneider [Erfurt] [SPD]: Deswegen nimmst du mit der Verlustverrechnung die Schrotflinte! – ,1
296980,So ein Quatsch!,CDU/CSU,Dr. Thomas Feist,GRÜNE,Özcan Mutlu,2015-07-03,133352,"emile Giousouf [CDU/CSU]: Das sind europäische Mittel! Das können sie auch machen! – Dr. Thomas Feist [CDU/CSU]: Das kann jedes Bundesland machen!)  Ich frage einfach: Warum nicht daraus lernen und es flächendeckend einführen? Nein, der Bund prüft und prüft und prüft und lässt die Länder alleine.  (",1
323811,Unglaublich!,DIE LINKE,Dr. Gesine Lötzsch,DIE LINKE,De Masi,2017-11-21,145839,"ht bei drei auf dem Baum war. Alle Fraktionen im Bundestag – außer der Linken – stimmten dem irischen Programm zu. Meine Fraktion verwies bereits damals auf die niedrige irische Körperschaftsteuer. Irland ermöglichte es Apple, im Jahr 2014 nur 0,005 Prozent Steuern auf seine Gewinne zu entrichten. (",1
106335,Deswegen wird es jetzt auch wieder besser!,CDU/CSU,Karl-Josef Laumann,SPD,Klaus Brandner,2002-02-28,56495,"s dann ganz schnell abgebrochen, weil Sie eine Kurswende vollzogen haben. Sie haben die ausgestreckte Hand der Gewerkschaften ausgeschlagen und Ihre Hand nicht für sinnvolle Veränderungen in der Gesellschaft gereicht. Das ist Ihnen beim Wahlergebnis teuer zu stehen gekommen.  (Beifall bei der SPD – ",0
80959,Sie haben es immer noch nicht kapiert! ,CDU/CSU,<unknown>,SPD,von Larcher,2000-06-07,48153," nicht gefunden haben,  (Hartmut Schauerte [CDU/CSU]: Herr Kollege, Sie sind von der Rolle!) sehen Sie daran, dass Sie nun schon zum zweiten oder dritten Mal, wie ich glaube, verlorene Schlachten schlagen. Die Argumente gegen die Ökosteuer haben wir doch schon x-mal gehört, als wir sie einführten.  ",1
436552,"Ja, das wäre mal was!",GRÜNE,Renate Künast,SPD,Susanne Mittag,2023-09-07,195285," in unserem Bereich massive Auswirkungen. Es wäre wirklich hilfreich, wenn die Kritiker in dieser Debatte mal realisieren würden, dass wir ganz außergewöhnliche Zeiten haben, Artur; das würde auch von Fach- und Sachverstand zeugen. (Beifall bei der SPD und dem GRÜNE sowie bei Abgeordneten der FDP – ",2
108563,Es gab drei Debatten!,SPD,Sabine Kaspereit,CDU/CSU,Günter Nooke,2002-04-18,57155," angeblichen Chefsache Aufbau Ost.  (Dr. Uwe Küster [SPD]: Was ist peinlich? – Zuruf von der SPD: Halten Sie sich mal schön fest, damit Sie bei dieser Aussage nicht umfallen!) Es ist Ihnen aber dank der von uns beantragten Debatten nicht gelungen, dieses Thema totzuschweigen.  (Lachen bei der SPD – ",0
105691,Zu Recht! Aber da sitzen natürlich Ihre Leute drin!,FDP,Dirk Niebel,SPD,Ute Kumpf,2002-02-21,56308," Vermittlung soll eine zentrale Bedeutung bekommen. Wir alle, auch Sie als Opposition, sollten ein Interesse daran haben, dass die Vermittlungsschiene funktioniert. Man sollte das Kind nicht mit dem Bade ausschütten und die Selbstverwaltung sozusagen mit einem Schnellschuss an den Pranger stellen. (",0
300547,"Das ist ein Problem von uns Männern, dass wir öfter nicht verstehen, was Frauen sagen!",CDU/CSU,Volker Kauder,GRÜNE,Özcan Mutlu,2015-11-13,135105,"tlich und klar, und wenn Sie sich das noch einmal durchlesen, werden Sie es auch merken. (Dagmar Freitag [SPD]: Sie haben es leider nicht verstanden! – Gegenruf des Abg. ­Özcan Mutlu [GRÜNE]: Sie haben es verstanden? – Renate Künast [GRÜNE]: Frau Freitag ist die Einzige, die etwas verstehen kann! – ",0
135472,Sehr zuständig!,GRÜNE,Jerzy Montag,CDU/CSU,Thomas Strobl,2004-02-13,65108," sie heute in unserem Gesetzentwurf einbringen, ist eine gravierende Sicherheitslücke. Herr Kollege Montag, ich will einmal Praktiker der Strafverfolgungsbehörden zitieren – denn Sie haben ja das, was Kollege Röttgen hier vorgetragen hat, bestritten –, und zwar den Bund Deutscher Kriminalbeamter,  (",2
358641,Da sind wir einer Meinung!,FDP,Christian Dürr,CDU/CSU,Peter Altmaier,2019-11-13,162038,"er Luftfahrtindustrie demonstrieren können. (Manuel Höferlin [FDP]: Sie weichen nur aus!) Ich bitte um Verständnis, dass wir hier nicht mit staatlichen Hilfsangeboten durch die Gegend wedeln, (Christian Dürr [FDP]: Habe ich nicht verlangt!) die von unserer Wirtschaftsverfassung nicht gedeckt sind. (",2
211298,Pfui!,DIE LINKE,Dr. Ilja Seifert,DIE LINKE,Ingrid Remmers,2010-02-25,97094,"werden. Dass sich Goldman Sachs darüber hinaus mit der Finanzierung von US-Immobilien kräftig verspekuliert hat, ist ebenfalls hinlänglich bekannt. Das hindert die deutschen Regierungsbehörden aber offensichtlich nicht daran, weiterhin öffentliches Wohneigentum an solche Spekulanten zu verkaufen.  (",1
315612,Ist aber nicht geregelt!,GRÜNE,Oliver Krischer,CDU/CSU,Alois Rainer,2016-12-16,142023,"r vorverpackte Lebensmittel herstellt. Das auf die Schiene zu setzen, darin besteht die Schwierigkeit. Aber ich bin völlig bei Ihnen: Wir brauchen eine Nährwertkennzeichnung auf allen Konserven und vorverpackten Produkten. Es muss nur machbar und am Ende auch lesbar sein. (Beifall bei der CDU/CSU – ",0
28925,"Ich habe  meiner Frage einen zweiten Teil angefügt,  Frau Kollegin!",CDU/CSU,Dr. Friedbert Pflüger,FDP,Ursula Seiler-Albring,1994-03-03,17951,"tigen Amtes in Kopie zur Verfügung  stellen.  (Dr. Friedbert Pflüger [CDU/CSU]: Ich bitte  sehr darum, Frau Kollegin! Ich finde nur, daß  das nicht meine Frage beantwortet!)  — Sie haben doch gesagt, Sie wollten den Inhalt dieses  Schreibens kennenlernen. Ich stelle es Ihnen gerne  zur Verfügung.  (",0
376689,Kritisieren Sie jetzt die Direktzahlungen doch?,GRÜNE,Steffi Lemke,CDU/CSU,Julia Klöckner,2020-10-28,170362,"h Ihnen sagen: Sprechen Sie mal mit Sarah Wiener – Abgeordnete der Grünen im Europaparlament. Fast 400 000 Euro bekommt sie. (Gitta Connemann [CDU/CSU]: Ja, genau! Agrarzahlungen!) Ich glaube jetzt nicht, dass sie das bekommt, weil sie so wenig Fläche hat, sondern weil sie relativ viel Fläche hat. (",0
449414,Hallo! Das ist ein eigenes Gesetz! Das ist gar nicht dadrin! Oje!,SPD,Michael Schrodi,AfD,Kay Gottschalk,2023-12-14,199325,"chael Schrodi [SPD]: Das steht doch gar nicht im Gesetz!) „Insolvenz“ ist, glaube ich, für Sie und Herrn Habeck ein Fremdwort; Sie interpretieren es vielleicht anders. Auf Bedenken sind Sie eingegangen, wie beim MoPeG; ich will nicht auf weitere Einzelheiten eingehen. Auch das ist immerhin gut so. (",1
106221,Das sieht man an den Umfragen!,CDU/CSU,<unknown>,SPD,Wolfgang Grotthaus,2002-02-27,56475,"araus dann noch politisches Kapital schlagen. Die Menschen in unserer Republik sind nicht so dumm, dass sie das nicht erkennen. Von daher werden Sie am 22. September die Quittung bekommen. (Beifall bei der SPD und dem GRÜNE – Dirk Niebel [FDP]: Wer die Quittung bekommt, ist noch nicht ganz heraus! –",0
425292,"Sie zeigen, dass die Bürger draufzahlen! Sie haben auch im Ausschuss bereits ausgeführt, was es mehr kosten wird!",AfD,Marc Bernhard,SPD,Dr. Nina Scheer,2023-04-20,191833,"tenzial in Angst ummünzen und tatsächlich dann verängstigt sind. (Marc Bernhard [AfD]: Sie wollen die Verschwendung von Strom sanktionieren!) Deswegen muss man immer wieder hier auch dem Transparenzanspruch so Rechnung tragen, dass diese Falschmeldungen und diese Verhetzungen, diese Angstmacherei, (",1
429641,So ist es!,FDP,Konstantin Kuhle,CDU/CSU,Andrea Lindholz,2023-05-25,193280,"t zu vereinbaren. (Beifall bei der CDU/CSU) Und ein letzter Punkt zum Schluss. Die FDP hatte Anfang März vollmundig Folgendes angekündigt: Künftig darf bei allen Einbürgerungstatbeständen nur noch eingebürgert werden, wer seinen eigenen Lebensunterhalt bestreiten und für seine Familie sorgen kann. (",2
376912,"Ja, und bei uns alle!",AfD,Petr Bystron,CDU/CSU,Alexander Dobrindt,2020-10-29,170477," Angst machen!) Es wird die Frage gestellt: Ist die Politik in Schweden nicht besser als die in Deutschland? Sie ist auf jeden Fall anders; das stimmt. Was passiert in Schweden? Für die Politik, die in Schweden gemacht wird, zahlt vor allem eine Generation den Preis, nämlich die ältere Generation; (",0
174160,Das hätte man den grünen  Bürgermeister in Freiburg fragen sollen!,SPD,<unknown>,SPD,Florian Pronold,2007-01-18,79211,"Das ist eine Frage, die wir schon lange beantwortet haben. Aber schon die Fragestellung ist falsch.  ",0
406903,Wo sind Ihre Vorschläge?,SPD,Tim Klüssendorf,CDU/CSU,Dr. Mathias Middelberg,2022-09-30,186096,"dass Sie 200 Milliarden Euro Schulden machen. (Dr. Lukas Köhler [FDP]: Die sehen nicht panisch aus!) Diese Aktion hätte komplett andersherum laufen müssen. (Beifall bei der CDU/CSU) Sie hätten jetzt ganz konkret sagen müssen, was Sie mit der Gaspreisbremse, was Sie mit der Strompreisbremse machen. (",0
282995,Landwirtschaftsminister ist er!,GRÜNE,Sven-Christian Kindler,CDU/CSU,Thomas Mahlberg,2014-06-24,126593,"herausstehlen und die Finanzierung den zu kontrollierenden Unternehmen aufbürden.  (Beifall bei der CDU/CSU – Sven-Christian Kindler [GRÜNE]: Das ist doch marktwirtschaftlich!)  – Sehr geehrter Herr Kollege Kindler, Sie haben eben sehr lobend über Ihren Umweltminister in Niedersachsen gesprochen.  (",0
363417,"Ihre Wohnungspolitik kann man auch in die Tonne hauen! Noch zehn Jahre Linke, und die Häuser sind in der Tonne!",FDP,Dr. Marie-Agnes Strack-Zimmermann,DIE LINKE,Caren Lay,2019-12-20,163592,"nungen privatisiert. (Kai Whittaker [CDU/CSU]: Sie haben das getan! Sie haben es in Berlin getan! Sie haben doch Wohnungen verkauft, Frau Lay! – Weiterer Zuruf von der CDU/CSU: Das war doch in Berlin mit dem Verscherbeln, oder?) Die meisten Wohnungen wurden im Bund privatisiert – von Schwarz-Gelb. (",2
253500,Seehofer für  ganz Deutschland!,CDU/CSU,Max Straubinger,SPD,Caren Marks,2012-04-25,113305,"Leim gegangen. Der CSU-Vorsitzende Horst Seehofer will das Betreuungsgeld als Wahlkampfgeschenk für Bayern umsetzen. Es geht ihm um nichts anderes. (Stefan Müller [Erlangen] [CDU/CSU]:  Quatsch!) Ich denke, das ist auch mehrfach in öffentlichen Äußerungen von Herrn Seehofer sehr deutlich geworden. (",2
317430,"Hören Sie zu, Herr Harbarth!",DIE LINKE,Frank Tempel,GRÜNE,Irene Mihalic,2017-02-17,142887,"Erfahrungen gemacht hätten. Der Tatbestand „Widerstand gegen Vollstreckungsbeamte“ ist erst im Jahre 2011 verschärft worden. Die Zahl der Fälle von Widerständen und Körperverletzungsdelikten zulasten von Polizeibeamten ist dadurch aber nicht etwa geringer geworden, sondern sie ist sogar gestiegen. (",1
66360,Das ist typisch: Kontrolle!,CDU/CSU,Wolfgang Meckelburg,GRÜNE,Dr. Thea Dückert,1999-03-04,42037,"re Frucht. Wir deckeln diese Ent- Dr. Peter Ramsauer wicklung. Ich denke, das wird dazu führen, daß dieser Aufwuchs gestoppt wird. (Beifall beim GRÜNE und bei der SPD – Birgit Schnieber-Jastram [CDU/CSU]: Das ist schon allerhand!) Zum anderen führen wir Kontrollmöglichkeiten in diesem Bereich ein. (",1
173710,Ich finde es gut!,GRÜNE,Renate Künast,CDU/CSU,Julia Klöckner,2006-12-15,78993,"eine Szene im Restaurant vor, wenn das panierte Schnitzel gebracht wird. Vielleicht haben Sie auch noch Vorschläge, wie man den Teller optisch gestalten könnte, damit man erkennt, welches Ei, das in der Panade ist, aus Freilandhaltung, welches aus Bodenhaltung und welches aus Käfighaltung stammt.  (",2
74400,Und der Deutsche Bundestag!,SPD,Georg Wagner,SPD,Dr. Peter Struck,1999-11-24,45518,"nen Menschen in der Ehre zu treffen, das ist die Absicht! – Zuruf von der CDU/CSU: Gemeinheit! – Weitere Zurufe von der CDU/ CSU) – lassen Sie mich doch ausreden –, weil Sie meinen, daß dies nicht der geeignete Ort sei. In der Tat ist der geeignete Ort der Untersuchungsausschuß, Herr Kollege. (Hans ",0
255381,Deshalb haben Sie die Hoteliers entlastet! Damit der Schuldenberg nicht wächst!,SPD,Caren Marks,FDP,Miriam Gruß,2012-05-11,114024,gkeit verloren. Sie sollten kein einziges Mal mehr über den Abbau der Neuverschuldung sprechen. (Beifall bei der FDP und der CDU/CSU) Jetzt kommt mein Lieblingssatz: Auf Schuldenbergen können Kinder nicht spielen und erst recht nicht lernen. (Beifall bei der FDP sowie bei Abgeordneten der CDU/CSU – ,0
397443,"Ab dem 21. Kilometer, Herr Schrodi! Das ist sozial ausgewogen! Super!",AfD,Kay Gottschalk,SPD,Michael Schrodi,2022-05-12,182750," bringen wir jetzt eine Entlastung von 16 Milliarden Euro auf den Weg. Das sind massive, umfassende, in dieser Situation aber notwendige und angemessene Maßnahmen. Dazu gehören neben der Erhöhung des Arbeitnehmerpauschbetrags auf 1 200 Euro und der Erhöhung der Entfernungspauschale für Fernpendler (",2
5758,Ach  was!,CDU/CSU,Harald Rauen,SPD,Dietmar Schütz,1991-11-07,3655,en diese Wette hier  an.  Wir dürfen hier nicht nach der Parole verfahren:  Was kümmert mich mein Geschwätz von gestern!  Die sogleich einsetzende Abstimmung läßt sich  nicht mehr aufhalten. Das Kind fällt in den Brunnen.  Die frühzeitige Öffentlichkeitsbeteiligung wird nicht  durchgesetzt.  (Peter ,0
263147,"Die Milliarden, die  Sie vorher herausgekürzt haben!",SPD,Bettina Hagedorn,FDP,Dr. Claudia Winterstein,2012-11-22,117333,"enbeitragssatzes von 19,6 auf 18,9 Prozent und damit der  Senkung der Lohnnebenkosten gerade für einen weiteren  positiven Impuls für den Arbeitsmarkt. Sie, meine Damen und Herren von der Opposition, schlagen vor, mehr  Geld für Arbeitsmarktprogramme auszugeben – und das  gleich in Milliardenhöhe. (",1
35449,Was hat die SPD  in ihrer Regierungszeit getan?,CDU/CSU,<unknown>,SPD,Georg Pfannenstein,1995-03-09,22625,"nbefriedigenden Aktionen ist aber niemandem gedient, am allerwenigsten  dem Ökosystem Wald und dem Patienten Wald.  Nach nunmehr zwölfjähriger Tatenlosigkeit, einhergehend mit einem ausgeprägten Hang zur Verdrängung dieses die ganze Bevölkerung betreffenden  Problems, muß endlich gehandelt werden.  ",0
245825,Aber das waren doch nicht Sie!,SPD,Marco Bülow,CDU/CSU,Dr. Christian Ruck,2011-11-22,110015,ein. Deswegen ist auch der Ausbau der erneuerbaren Energien kein Selbstzweck. Wir alle haben gesagt: Ein entscheidender Pfeiler der Energiewende sind die erneuerbaren Energien. Gerade in den letzen zwei Jahren haben wir unter der christlich-liberalen Koalition gewaltige Ausbaufortschritte erzielt. (,1
81394,Das ist Politik!,CDU/CSU,Hans-Joachim Fuchtel,SPD,Jelena Hoffmann,2000-06-28,48389,"Frau Präsidentin! Liebe Kolleginnen und Kollegen! Der Entwurf der Bundesregierung zum Haushalt 2001 ist gerade fertig gestellt worden, da trommeln die Oppositionskollegen bereits zum Aufstand. Man muss sich schon fragen, was hinter Ihrem Aktionismus steckt. (",0
207134,"Na, na, na!",CDU/CSU,<unknown>,DIE LINKE,Klaus Ernst,2009-11-26,95769,"und Herren, Schwarz-Gelb lehnt eine weitere Förderung der Altersteilzeit ab. Das ist natürlich problematisch. Dieses Gesetz ist nämlich nicht von der SPD eingeführt worden, sondern es ist unter Schwarz- Gelb entstanden. (Elke Ferner [SPD]: So ist das!) Damals gab es in Ihren Reihen noch Sozialpoliti",1
195227,Das macht im Übrigen  der Bundesumweltminister!,SPD,<unknown>,CDU/CSU,Dr. Georg Nüßlein,2008-10-16,89758,". – Gleichzeitig werden in Frankreich zum Beispiel die Chemieunternehmen durch einen Staatskonzern – die Liberalisierung ist da nicht angekommen – mit billigem Strom subventioniert. Über diese Dinge müssen wir reden. Ich bin dem Bundeswirtschaftsminister dankbar, dass er das auch offen und klar tut.",0
159535,Das ist ein Fehler!,FDP,Dirk Niebel,CDU/CSU,Max Straubinger,2005-12-02,72944,"lich nachdenklich stimmen. Vor allen Dingen unter dem Gesichtspunkt des Erfahrungsschatzes, den ältere Arbeitnehmerinnen und Arbeitnehmer ins Erwerbsleben einbringen, müssen wir die Situation bei uns verbessern.  Wir werden die Geltungsdauer der Maßnahmen der so genannten 58er-Regelung verlängern. (",1
78825,Ich bin gerade im Untersuchungs,GRÜNE,Hans-Christian Ströbele,CDU/CSU,Dr. Wolfgang Götzer,2000-03-23,47340,"hrt Ihre Verweigerungshaltung, meine Damen und Herren von der Regie- Dieses Vorhaben wurde übrigens bei der Anhörung rungskoalition, dazu, dass das Vertrauen in den Rechtsdes Rechtsausschusses im Herbst vergangenen Jahres staat schwindet.  von der deutlichen Mehrheit der Sachverständigen begrüsst. (",0
316980,Genau so!,GRÜNE,Katja Keul,CDU/CSU,Tobias Zech,2017-02-15,142728," also an einer schlechten Wirtschaftspolitik, an einer schlechten Arbeitspolitik und an einer zu hohen Zahl von Arbeitslosen. Wenn man wirklich daran interessiert ist, Altersarmut in der Zukunft zu verhindern, dann muss man in Deutschland gute Jobs schaffen, eine gute Wirtschaftspolitik betreiben. (",2
446416,Erzählen Sie das doch! Ist es zurückgeholt worden oder nicht?,SPD,Michael Schrodi,DIE LINKE,Christian Görke,2023-11-17,198530," auf 47 Millionen Euro Rückzahlung für das Jahr 2009 verzichtet. (Michael Schrodi [SPD]: Es ist zurückgeholt worden! Herr Görke, ist es zurückgeholt worden oder nicht?) Meine Damen und Herren, das war es, was die zuständige Finanzbeamtin mit den Worten feierte: Der teuflische Plan ist aufgegangen. (",0
326753,"Sie sollen sich nicht bekennen, Sie sollen bauen!",GRÜNE,Kai Gehring,CDU/CSU,Dr. Stefan Kaufmann,2018-03-01,147582,"n Ihnen geforderte Trendumkehr bis 2021 schaffen. Was wir damit auch erreichen wollen, liebe Kolleginnen und Kollegen, ist eine weitere Stärkung der Stipendienkultur und auch der Begabtenförderung in Deutschland. Wir bekennen uns ausdrücklich auch zur Schaffung von weiterem studentischem Wohnraum. (",0
336446,"Was im Koalitionsvertrag steht, haben Sie schon gelesen?",SPD,Dr. Eva Högl,CDU/CSU,Philipp Amthor,2018-09-28,151898," Evrim Sommer [DIE LINKE]: Das ist populistisch!) Deswegen würde ich mich freuen, wenn Sie mit uns zum Beispiel eher über eine Ausweitung der Befugnisse reden. Das ist es, was wir brauchen, damit der Rechtsstaat mithalten kann, liebe Kolleginnen und Kollegen. (Beifall bei Abgeordneten der CDU/CSU – ",0
72071,Was ist rückwärtsgewandt?,SPD,Konrad Gilges,CDU/CSU,Heinz Schemken,1999-10-07,44669,"rgeld dar. Es wird dann gezahlt, wenn sowohl die erbrachten Eigenleistungen als auch die Winterbauumlage nicht mehr greifen. Sie stellen das ganze System jetzt rückwärtsgewandt eigentlich wieder auf den Kopf, wenn Sie diese von den Beitragszahlern aufzubringende ergänzende Leistung erhöhen wollen. (",0
436675,Das war jetzt alles?,SPD,Dr. Johannes Fechner,CDU/CSU,Katrin Staffler,2023-09-07,195315,"Ich danke Ihnen für Ihre Frage, weil solide und gute Haushaltsführung eine Frage der Prioritätensetzung ist. Ich sage Ihnen: Sie setzen einfach die falschen Prioritäten, insbesondere im Etat für Bildung und Forschung. (Beifall bei Abgeordneten der CDU/CSU – ",0
309078,Da hat sie recht!,CDU/CSU,von Stetten,SPD,Cansel Kiziltepe,2016-06-24,139165,"hlen, dass ich mir eine andere Lösung gewünscht hätte. Das ist auch die Meinung vieler meiner Kollegen. Umso mehr bedauere ich, dass es in den anderthalb Jahren der Beratungen keinen Gesetzentwurf der Länder zu dieser Frage gab. (Dr. h. c. Hans Michelbach [CDU/CSU]: Hört! Hört! – Christian Freiherr ",2
208304,Was wollen Sie denn jetzt? Wollen Sie ein fiskalisches Ziel oder Steuern?,CDU/CSU,Leo Dautzenberg,GRÜNE,Dr. Gerhard Schick,2009-12-17,96248,"haus [FDP]: Wer stellt das  fest?) Dr. Gerhard SchickDiese Situation kann man jetzt nutzen, um politisch eine Initiative zu ergreifen. Das würde die Frage nach der volkswirtschaftlichen Wirkung beantworten, die nämlich darin besteht, dass die volkswirtschaftlich unproduktiven Umsätze unterbleiben. (",0
285612,Was würden wir ohne Bayern machen?,GRÜNE,Özcan Mutlu,CDU/CSU,Katrin Albsteiger,2014-10-09,127780,"h die freiwerdenden Mittel aus dem Bereich des BAföG zu 90 Prozent in die Hochschulen und zu 10 Prozent in die Schulen. Das ist auch in Ordnung. Die Bürger werden zum Schluss ganz genau hinschauen, wer von uns verantwortlich mit den Bildungsausgaben umgeht und wer nicht.  (Beifall bei der CDU/CSU – ",0
345610,Dafür haben wir eine Thesaurierungsbegünstigung!,CDU/CSU,Fritz Güntzler,AfD,Stefan Keuter,2019-02-21,156077,"men- und Umsatzsteuer zugestanden werden. Allerdings ist das Verlangen der FDP, Kapitalgesellschaften sollten künftig nur noch 12,5 Prozent Körperschaftsteuer zahlen, anderen Steuerpflichtigen gegenüber – insbesondere den Personengesellschaften gegenüber – zutiefst ungerecht. (Beifall bei der AfD – ",0
258699,Oh! Sie sind ja toll!,FDP,Gisela Piltz,SPD,Christine Lambrecht,2012-09-13,115451,"t auch die Oppositionsfraktionen mitarbeiten.  Das wird dazu führen, dass wir, wenn es hoffentlich zum  Bruch dieser Chaostruppe bzw. Chaosregierung kommt,  ein wirksames und gültiges Wahlrecht haben. (Dr. Günter Krings [CDU/CSU]: Sie reden ja  von 2030!) Insofern: Wir sind bereit. Wir machen mit. (",1
411153,"Ja, weil Sie es nicht wollen!",AfD,Stephan Brandner,CDU/CSU,Daniela Ludwig,2022-11-10,187321,"auf einen Stellvertreter mit Füßen getreten? (Zuruf von der AfD: Genau darum geht es!) – Darum geht es heute ausdrücklich nicht. Wir haben im Ausschuss nochmals sehr eindeutig festgehalten, dass konkurrierende, bedingte oder eben parallele Vorschläge im zweiten Wahlgang nicht zulässig sind. Warum? (",0
94915,Irgendwann!,SPD,Bernd Reuter,CDU/CSU,Hubert Deittert,2001-05-31,53322,"tive mag unterschiedlich sein, je nachdem, ob man zur Regierungsmehrheit oder zur Opposition, also der parlamentarischen Minderheit, gehört, der ich im Augenblick angehöre. Aber das wird sich Gott sei Dank in absehbarer Zeit wieder ändern. Da bin ich ganz zuversichtlich.  (Beifall bei der CDU/CSU – ",0
284198,Genau das schlagen wir vor!,GRÜNE,Annalena Baerbock,CDU/CSU,Jens Koeppen,2014-07-04,127089,"rbara Lanzinger hat darauf hingewiesen, Herr Jurk auch –, logischerweise aber eine Brücke hin zu erneuerbaren Energien. Sie kann keine Brücke zu einem anderen fossilen Energieträger sein, aus meiner Sicht jedenfalls nicht. Anders als bei der Kernenergie müssen wir den Ausstieg synchron betreiben:  (",0
400913,Wer hat jetzt die Alarmstufe ausgerufen? Kann ich es noch mal hören?,CDU/CSU,Jens Spahn,SPD,Bengt Bergt,2022-06-23,184143,"ren. Es gibt sicher viel, das uns in dieser Situation weiterhilft. Und da haben Sie in den vergangenen Monaten sehr konstruktiv mitgearbeitet. Dafür danken wir Ihnen. Aber Angstmacherei gehört nicht dazu, meine Damen und Herren. (Beifall bei Abgeordneten der SPD und des Abg. Stefan Wenzel [GRÜNE] – ",0
428316,"Ja, sagen Sie mal was dazu!",AfD,Dr. Götz Frömming,SPD,Dunja Kreiser,2023-05-11,192828,"h! Zynisch!) die sich bereits seit Jahren, seit Jahrzehnten dafür einsetzen, dass hilfesuchende Menschen Schutz bekommen, und die sich für ihre Integration einsetzen. (Dr. Götz Frömming [AfD]: Was ist denn mit der deutschen Bevölkerung, die das alles erträgt und bezahlt?) – „Deutsche Bevölkerung“! (",0
266752,Er ist sehr  originell!,DIE LINKE,Wolfgang Gehrcke,CDU/CSU,Andreas G. Lämmel,2013-01-31,118778,"aben, und sind jetzt sozusagen der Friedensengel des Deutschen Bundestages. (Beifall bei der CDU/CSU und der FDP – Beifall bei der LINKEN – Dr. Dagmar Enkelmann  [DIE LINKE]: Blockflöte!) Wissen Sie, das ist schon ein starkes Stück. Mit Blick auf den Rüstungsexportbericht muss ich natürlich sagen: (",0
271114,Das ist dünnes  Eis! ,CDU/CSU,<unknown>,SPD,Brigitte Zypries,2013-04-18,120589,"zess durchgemacht haben. Das freut uns natürlich. (Beifall bei der SPD sowie bei Abgeordneten  des GRÜNE –  Michael Kretschmer [CDU/CSU]: Wir können  nichts dafür, dass die SPD nicht so lernfähig  ist!) – Die SPD hat es vielleicht nicht so nötig; das kann man  an verschiedenen anderen Dingen sehen. ",1
282592,Noch nicht einmal!,GRÜNE,Luise Amtsberg,SPD,Daniela Kolbe,2014-06-06,126467,"leicht nicht: Nach der geltenden Gesetzeslage dürfen Asylsuchende erst nach neun Monaten arbeiten und Geduldete erst nach zwölf Monaten. – Die Opposition hat das hier in ihren Redebeiträgen anklingen lassen, aber ein bisschen kleingeredet. Die Kollegin Amtsberg hat es als „Zückerchen“ bezeichnet.  (",1
396655,"Das ist sehr, sehr peinlich, was die AfD wieder abliefert! Peinlich!",GRÜNE,Ulle Schauws,AfD,Gereon Bollmann,2022-04-28,182377,"il zu definieren. Man könnte die Stelle also verfassungskonform durch die Familienministerin besetzen, wenn man denn bereit wäre, eine Bestenauswahl auch wirklich durchzuführen. Das ist doch nicht zu viel verlangt. Nur Mut, Frau Ministerin! Vielen Dank für die Aufmerksamkeit. (Beifall bei der AfD – ",1
170986,"1,5 Millionen  seit 2001!",FDP,Dr. Heinrich L. Kolb,CDU/CSU,Laurenz Meyer,2006-11-08,77964," wir sie uns für dieses Jahr erhofft haben.  Ich muss ganz offen sagen, dass ich es zu Beginn dieses Jahres nicht für möglich gehalten habe, dass wir innerhalb eines Jahres den Prozess, in dem über Jahre hinweg 400 000 bis 500 000 sozialversicherungspflichtige Arbeitsplätze verloren gegangen sind, (",0
459350,Das wissen wir alles! Wie soll das denn passieren?,AfD,Stephan Brandner,SPD,Dirk-Ulrich Mende,2024-04-24,202448,"gen. (Stephan Brandner [AfD]: Das war eine   FDP-Idee!) Wir müssen die vielen Perspektiven von unterschiedlichen Ebenen, von den Bürgerinnen und Bürgern, den  Ländern und den Kommunen, der Wissenschaft und  dem Parlament, mit einbeziehen. Darüber hinaus brauchen wir einen offenen Zugang zum Thema. (",0
357265,Aber Ihre!,AfD,Dr. Bernd Baumann,SPD,Frank Junge,2019-10-25,161490,"struktur entwickeln und Innovationen fördern. Das ist und bleibt der beste Weg, Regionen für Ansiedlungen attraktiv zu machen, aus denen dann Beschäftigung und Wertschöpfung entstehen. Ihre Phrasen, Floskeln und leeren Worte bringen uns bei der Bewältigung solcher Aufgaben keinen Millimeter voran. (",0
102,Das ist ja ganz neu!,SPD,<unknown>,CDU/CSU,Dr. Alfred Dregger,1991-03-13,99,"pt  aus, Herr Dregger!)  Meine Damen und Herren, wir werden Ihnen das  nicht ersparen. Zum Zeitpunkt der von uns vorgeschlagenen begrenzten Steuererhöhung läßt sich  rückblickend sagen: Natürlich hätte man schon 1990  eine Steuererhöhung sozusagen auf Vorrat ankündigen oder gar beschließen können.  ",0
305592,"Das tut wirklich weh! Es ist schmerzhaft, Ihnen zuzuhören!",GRÜNE,Uwe Kekeritz,CDU/CSU,Charles M. Huber,2016-03-17,137290," Regierung und der Bundesregierung nicht an. Im Gegenteil: Sie bezeichnet sie in ihrem Sprachjargon als eine imperialistische Geste, welche an den Geschädigten (Niema Movassat [DIE LINKE]: Herr Huber, ich kenne die Partei nicht einmal!) – lassen Sie mich ausreden, auch wenn es wehtut – vorbeigeht. (",1
141824,Da steht aber auch: Du sollst kein falsches Zeugnis geben wider deinen Nächsten!,SPD,Lothar Mark,CDU/CSU,Michael Glos,2004-09-08,67609," alles besser gemacht hätte, war überflüssig. Menschenrechtsverletzungen muss man gleichmäßig in der ganzen Welt verurteilen. Nur dann wird man glaubhaft. (Beifall bei der CDU/CSU sowie bei Abgeordneten der FDP) Ein letzter Punkt. In der Bibel steht, die Linke soll nicht wissen, was die Rechte tut.(",1
123381,Musikalische Verarmung ist das!,CDU/CSU,Steffen Kampeter,CDU/CSU,Dr. Günter Krings,2003-04-11,61209,"ts aus einer illegalen Quelle – Tendenz steigend. Wenn das deutsche Recht die Vervielfältigung aus einer illegalen Quelle für legal erklärt, kann ich mich als Rechtspolitiker mit einer solchen von Staats wegen erlaubten urheberrechtlichen Datenwäsche nur schwer abfinden.  (Beifall bei der CDU/CSU – ",1
67536,So eine Nullnummer!,CDU/CSU,Siegfried Hornung,SPD,Gerhard Schröder,1999-03-26,42626,"m zu vergleichen, was andere aus Edinburgh mitgebracht haben. (Beifall bei der SPD und dem GRÜNE) Auf diese Diskussion, die wir sicherlich noch mit großem Nachdruck und mit großem Interesse miteinander – in welchen Gruppierungen bei Ihnen auch immer – werden führen können, freuen wir uns wirklich. (",1
168969,"Genau, das ist ein guter  Mann!",SPD,Ute Kumpf,SPD,Ute Berg,2006-09-21,76874,"eschehen, und zwar überall in Deutschland. (Beifall bei der SPD) „Vorsprung durch Innovation ist der einzige Weg, um Wohlstand und Beschäftigung am Standort Deutschland zu sichern. Das Gebot der Stunde heißt Erneuerung“, so der Präsident der Fraunhofer-Gesellschaft, Professor Hans-Jörg Bullinger.  (",2
42950,Unglaublich!,SPD,<unknown>,CDU/CSU,Dr. Norbert Blüm,1996-02-02,27632,"chtsbereinigungsgesetzes, hat die SPD zugestimmt. Wenn das Diebstahl ist, dann haben Sie  Schmiere gestanden. Wie kommen Sie eigentlich  dazu, von Diebstahl zu reden?  (Beifall bei der CDU/CSU und der FDP -  Widerspruch bei der SPD)  Sie haben allem zugestimmt und rufen heute die  Katastrophe aus.  ",1
371954,Ach so! Genau!,DIE LINKE,Heike Hänsel,FDP,Gyde Jensen,2020-07-01,168089,"t es anders gesagt!) Sie im Rahmen der Ratspräsidentschaft, indem Sie als erste Amtshandlung auf EU-Ebene entsprechende personenbezogene Sanktionen gegen KP-Funktionäre anstreben und den EU-China-Gipfel absagen. Es ergibt momentan keinen Sinn, auf dieser Ebene zu diskutieren. (Beifall bei der FDP – ",2
146979,Jäger 90!,CDU/CSU,Steffen Kampeter,GRÜNE,Krista Sager,2004-11-24,69108,"der sind nicht mehr in der Lage, einen verfassungskonformen Haushalt aufzustellen – allen voran Hessen, aber auch das Saarland und Niedersachsen haben ihre Probleme. Gleichzeitig blockieren Sie, dass wir endlich an die Eigenheimzulage herangehen. Ich weiß, Sie können dieses Wort nicht mehr hören,  (",0
179443,Was ist mit dem Ehegattensplitting?,SPD,Nicolette Kressl,CDU/CSU,Paul Lehrieder,2007-06-22,82188,"Zunächst zu Ihnen, Frau Sager: Es geht nicht um eine Belohnung dafür, dass die Kinder zu Hause bleiben, sondern um einen Ausgleich. (Johannes Singhammer [CDU/CSU]: So ist es! – ",0
453278,"Ja, bei Ihrem Beitrag!",GRÜNE,Dr. Till Steffen,CDU/CSU,Philipp Amthor,2024-02-01,200356,"Frau Kollegin Rottmann, das lässt wirklich die Ernsthaftigkeit vermissen, (",0
245303,Aus rein wirtschaftlichen Erwägungen!,SPD,Ulrich Kelber,CDU/CSU,Alois Gerig,2011-11-11,109861," auch einmal eine Douglasie gepflanzt wird. (Harald Ebner [GRÜNE]: Eine ist okay! – Ulrich Kelber [SPD]: Sie schreiben ja nicht fest, wie oft!) Mit dem Waldklimafonds wird die Koalition ein geeignetes Instrument schaffen, um die Anpassung unserer Wälder an Klimaveränderungen finanziell zu fördern. (",0
102428,Also habt ihr euch auch über den Tisch ziehen lassen!,GRÜNE,Franziska Eichstädt-Bohlig,CDU/CSU,Josef Hollerith,2001-11-29,55426,"eg bereits 16 DM aufgrund der Mehrwertsteuer, erst im Nachgang erhalten dann die Investoren etwa 12 DM pro investierten 100 DM an Förderung. Meine sehr verehrten Damen und Herren, wir unterstützen die Entscheidung, dass der Verbraucherschutz in das Landwirtschaftsressort eingegliedert worden ist.  (",0
104527,"Ja, lesen müsste man können!",SPD,Ingrid Holzhüter,GRÜNE,Werner Schulz,2002-01-31,56092," Ich glaube, einen Teil können Sie sich selbst anrechnen. Insofern sollten Sie sich nicht nur mit Kritik an den letzten Jahren beschäftigen. Wem das nicht genügt, der sollte sich vielleicht einmal den jüngsten Wochenbericht des Deutschen Instituts für Wirtschaftsforschung vom 17. Januar anschauen. (",0
295475,Zu Recht!,DIE LINKE,Matthias W. Birkwald,DIE LINKE,Kersten Steinke,2015-06-11,132571,"kutiert wurden, so zum Beispiel zur abschlagsfreien Rente nach 45 Jahren Erwerbstätigkeit oder zur Abschaffung der Abschläge bei Erwerbsminderungsrenten. Ebenfalls sehr oft kritisierten Bürgerinnen und Bürger aus den ostdeutschen Bundesländern die unterschiedliche Rentenanpassung in Ost und West.  (",0
283930,Ach!,GRÜNE,Ulle Schauws,CDU/CSU,Alexander Hoffmann,2014-07-03,126935,"berin eine Frau in Betracht kommt, die deutlich geringer qualifiziert ist und dennoch den Vorzug erhält. Gerade für diese Variante, meine Damen, meine Herren von den Grünen, sieht Ihr Entwurf jedoch weder eine Relativierung noch eine Öffnungsklausel vor, weshalb er gegen das Grundgesetz verstößt.  (",0
286553,Bei Ihnen „Rendite!,DIE LINKE,Caren Lay,CDU/CSU,Karsten Möring,2014-10-17,128213,"ung“ nenne, dann kommt das Wort „Not“ als nächstes Wort. Wenn ich „Miete“ sage, dann kommt „Hai“, „Steigerung“, „Wucher“. Zwei dieser Varianten haben Sie in der Überschrift Ihres Antrages schon gewählt.  (Manfred Grund [CDU/CSU]: Bei „Eigentum“ kommt „Enteignung“! Mehr fällt ihnen dazu nicht ein! – ",0
67950,Sehr wahr!,CDU/CSU,Michael Glos,CDU/CSU,Dietrich Austermann,1999-05-04,42905,"sen, von der Bundesliga in Richtung Oberliga. Die Buchmacher verzeichneten daraufhin Rekordgewinne. Zum Erschrecken der zahlenden Zuschauer läuft er sich wieder am Spielfeldrand warm. Da wünscht man sich einen Manager, der den Transfer ins Ausland besorgt. (Heiterkeit bei Abgeordneten der CDU/CSU – ",0
312902,So ist es! Genauso ist es!,CDU/CSU,Dr. Jan-Marco Luczak,CDU/CSU,Dr. Volker Ullrich,2016-10-21,140811,"em Leistungsgedanken noch mit sozialer Marktwirtschaft zu tun haben. Das muss und das kann bereits nach geltendem Recht bearbeitet werden. Wenn Sie als Mitglied eines Aufsichtsrates eine zu hohe Vorstandsvergütung festlegen, dann sehen Sie sich unter Umständen den Vorwürfen der Untreue ausgesetzt. (",0
67351,Sie zerstören mit dem Gesetz ganze Branchen!,FDP,Ulrich Heinrich,SPD,Walter Riester,1999-03-25,42551," kennen doch die Beispiele von den selbständigen Kellnern und den selbständigen Auslieferungsfahrern. Sie sind in der Regel Arbeitnehmer, häufig allerdings unter Tarif bezahlt und sozial unzureichend abgesichert. Diese Beschäftigungsverhältnisse haben inzwischen ein gravierendes Ausmaß angenommen. (",0
159830,Richtig!,FDP,Dr. Heinrich L. Kolb,CDU/CSU,Stefan Müller,2005-12-15,73082,"in wird nicht dafür sorgen, dass in diesem Land neue Arbeitsplätze geschaffen werden.  (Dr. Heinrich L. Kolb [FDP]: Jetzt kommen  wir zum Punkt!) Natürlich ist es erforderlich, dass wir in der Wirtschafts- und Finanzpolitik die Rahmenbedingungen so setzen, dass neue Arbeitsplätze entstehen können. (",0
140816,Ja!,FDP,Ina Lenke,CDU/CSU,Michaela Noll,2004-06-18,67258,"stattgefunden haben – nämlich gar nicht, weil Sie die Behandlung des Themas permanent vertagt haben, den Punkt von der Tagesordnung heruntergenommen haben, es zu keinem Berichterstattergespräch kam –, wird verstehen, wenn ich sage, dass ich mittlerweile, gelinde gesagt, einen dicken Hals bekomme.  (",0
61890,Das ist wahr!,FDP,Möl lemann,CDU/CSU,Dr. Wolf Bauer,1998-06-18,39948,"menspiel zwischen Bundesoberbehörde, nachgeordneten Behörden und dem Stufenplanverfahren selbst  reibungslos funktioniert. Dabei ist zu bedenken, daß  vorschnelle und undifferenzie rte Informationen auch  zu einer Verunsicherung des Verbrauchers führen  können.  (Beifall bei der CDU/CSU - Jürgen W. ",0
273832,Keine einzige  Aussage zur Sache! Typisch!,CDU/CSU,Klaus-Peter Willsch,SPD,Dr. Hans-Peter Bartels,2013-06-05,121819,"d fließt weiter an die Firmen, oder? Das ist nicht  akkurat. Das ist Vortäuschung falscher Tatsachen. Herr  Minister, Ihr preußisches Image steht heute nicht für Genauigkeit und Gewissenhaftigkeit. Es steht für einen obrigkeitlichen Stil, den Sie pflegen, und der ist nicht gut  für die Bundeswehr. (",0
213688,Mein lieber  Gott!,SPD,Gernot Erler,FDP,Michael Link,2010-03-17,97812,"terschiedlicher Art und Weise man in einer solchen Situation vorgehen kann. (Zuruf von der FDP: Ja oder nein, Frau Wieczorek-Zeul? – Widerspruch der Abg. Heidemarie Wieczorek-Zeul [SPD]) Ich stelle fest: Es handelt sich hier um hochqualifizierte, über jeden Verdacht erhabene Mitarbeiter. (Dr. h. c. ",0
452318,Sie wohnen gar nicht in Deutschland!,GRÜNE,Sven-Christian Kindler,AfD,Dr. Alice Weidel,2024-01-31,200153,"ungen ist die Devise. Aber rationale Argumente erreichen Sie schon gar nicht mehr. Sie können Deutschland nicht gut regieren, und Sie wollen es nicht. Sie richten es zugrunde. Und ich sage Ihnen auch, warum: Weil Sie Ihr eigenes Land, weil Sie Deutschland hassen. (Lachen bei der SPD und dem GRÜNE – ",0
250357,Fangt damit mal an!,SPD,Rolf Hempelmann,FDP,Michael Kauch,2012-02-29,112030,"n. Deswegen machen wir diese Reform. Nun zu der Menge an Solaranlagen, in die wir investieren. Ich denke, dass die Grünen immer noch glauben: Immer mehr ist immer besser. Wir sind inzwischen aber in einer Situation, die erfordert, dass wir systemisch denken. (Lachen des Abg. Rolf Hempelmann [SPD] – ",0
440156,Sie schleifen doch das Klimaschutzgesetz!,CDU/CSU,Julia Klöckner,GRÜNE,Maik Außendorf,2023-10-11,196618,"ungen – auch ein Umstand, den die Union gerne mal ignoriert, genauso wie Sie das Urteil des Bundesverfassungsgerichts ignorieren, das uns vorgibt, effektiven Klimaschutz zu betreiben, um die Lebensgrundlagen und die Freiheit zukünftiger Generationen zu sichern. (Beifall bei Abgeordneten des GRÜNE – ",0
424934,Deswegen gehen die ja alle! Deswegen verlagern die ihre Arbeitsplätze!,AfD,Marc Bernhard,FDP,Konrad Stockmeier,2023-04-19,191714,"teffen Bilger [CDU/CSU]: Sie setzen sich nicht durch in Ihrer Koalition!) Schauen Sie sich doch den Winter an! Schauen Sie sich doch an, welche Maßnahmen wir ergriffen haben, um das Preisniveau so zu senken, dass es für Haushalte und Unternehmen in diesem Land einigermaßen bezahlbar geblieben ist! (",0
448224,"Er hat gesagt, der bisherige Tatbestand wäre viel zu eng!",AfD,Stephan Brandner,SPD,Esther Dilcher,2023-12-01,198961,"keln Sie aber den Menschen vor, Haushaltsuntreue sei gar nicht mehr strafbar. (Stephan Brandner [AfD]: Das hat der Kollege Seitz nicht gesagt! – Karsten Hilse [AfD]: Das hat der Herr Seitz nicht gesagt!) Das ist und bleibt eine falsche Information. Blicken Sie einmal selbst in Ihren Gesetzentwurf! (",0
15938,Sehr richtig!,CDU/CSU,Ernst Hinsken,CDU/CSU,Kurt J. Rossmanith,1992-11-26,9381,"n die Notwendigkeit einer  Sparpolitik, und zwar nicht nur für den Bund. Ich will  an dieser Stelle sehr deutlich sagen: Nicht nur der  Bund hat zu sparen, sondern auch die Länder und die  Kommunen, und dies schon in den Jahren 1993 und  1994, aber dies gilt ebenso für den Rest dieses Jahrzehnts.  (",0
23718,Das ist wohl wahr!,SPD,Doris Odendahl,CDU/CSU,Rainer Jork,1993-09-22,14353,"ind, daß  regionale Programme, Frauenprogramme usw. nötig  sind. Ich möchte das in der gebotenen Kürze nur  andeuten; auch das zeige ich Ihnen gerne.  Wir sollten uns, damit die Situation nicht weiter von  Jahr zu Jahr kritisch ist, darauf konzentrieren, was wir  die nächsten Jahre machen wollen.  (",0
24165,Wo ist denn der Staatsminister des Landes Bayern?,SPD,<unknown>,CDU/CSU,Ernst Hinsken,1993-09-29,14678,"aufenden Stahlverhandlungen in  Brüssel"" beantragen, und dann die Länder, die unmittelbar am stärksten betroffen sind, durch Abwesenheit  glänzen?  (Zuruf von der FDP: Sehr gut!)  Wo ist denn — ich möchte nicht sagen: der Ministerpräsident — der Wi rtschaftsminister des Landes Nordrhein-Westfalen?  ",0
79760,Das hängt immer vom  Anlass ab!,SPD,Joachim Poß,CDU/CSU,Hansjürgen Doss,2000-05-10,47773,"ie in eigener Verantwortung als Unternehmer tätig sind. Wenn man die Mehrheit in einem Parlament wie dem unseren hat, ist es auch eine Frage nach dem guten Stil, ob man die Opposition zu Wort kommen lässt oder ob man sich lärmend und lachend über das, was aus tiefer Sorge vorgetragen wird, erhebt. (",0
379548,"Wir sind gar nicht böse, wenn ich das kurz zwischendurch bemerken darf!",CDU/CSU,Michael Grosse-Brömer,FDP,Otto Fricke,2020-12-08,172177,"öhe anstrebt – ja oder nein? Und wenn Sie sagen, dass Steuersenkungen falsch sind: Wollen Sie dann damit sagen, dass Sie diese Steuersenkungen und gleichzeitig auch noch die Steuersenkungen für Familien mit Kindern nur machen, weil die böse CDU da ist? Oder ist das einfach etwas unehrlich gewesen? (",0
211824,Das stimmt! Bei der  SPD müsste man das!,FDP,Serkan Tören,SPD,Rüdiger Veit,2010-02-26,97269,"Herr Präsident! Meine sehr verehrten Damen und  Herren Kollegen! Fast könnte man Sie hier alle namentlich begrüßen, so wie die Reihen gerade nicht besetzt  sind. Trotzdem vielen Dank für das Interesse. (",0
100674,Unfug!,CDU/CSU,von Stetten,GRÜNE,Volker Beck,2001-11-15,55109,bleibt bei der geltenden Regelung. (Beifall beim GRÜNE) Das BKA kann in seiner Funktion als Zentralstelle nur über andere Stellen Daten erheben. Personenbefragungen sind auch künftig nur bei einem konkreten Anfangsverdacht im Rahmen von strafrechtlichen Ermittlungen zulässig. (Dr. Wolfgang Freiherr ,0
237244,"Ja, was hat sie da  vor?",CDU/CSU,Volker Kauder,SPD,Ulrich Kelber,2011-06-09,106599,"rneuerbare-Energien-Gesetz zweimal abgelehnt, Herr Röttgen – er wird ja gleich noch reden – hat es abgelehnt; aber der Atomausstieg, Milliardeninvestitionen und 400 000 Jobs in Deutschland hängen am Erneuerbare-Energien-Gesetz. Was hat die schwarz-gelbe Bundesregierung jetzt mit diesem Gesetz vor? (",0
333692,Dann müssen wir innovativ sein!,GRÜNE,Anja Hajduk,CDU/CSU,Peter Altmaier,2018-07-03,150848,"en. Selbstverständlich muss der Markt auch gegen Missbrauch geschützt werden. Selbstverständlich gibt es Fälle, wo wir unsere industriepolitischen Interessen wahren wollen. Wenn wir wollen, dass auch unsere Kinder und Enkelkinder über ausreichend und gute Arbeitsplätze von hoher Qualität verfügen, (",0
88447,"Das Bundesverfassungsgericht hat Ihnen sogar bestätigt, dass Sie das vernachlässigt haben!",GRÜNE,Dr. Thea Dückert,CDU/CSU,Johannes Singhammer,2000-12-08,50797,"amilien mit Kindern im reichen Deutschland immer mehr auf der Schattenseite leben. 13832 (Dr. Thea Dückert [GRÜNE]: Wer hat das produziert?) Wir können sicherlich nicht alle finanziellen Aufwendungen für Kinder ausgleichen, aber wir müssen einen großen Schritt in Richtung mehr Gerechtigkeit gehen. (",0
386952,Dafür braucht man aber Tarifpartner!,DIE LINKE,Thomas Lutze,CDU/CSU,Jens Koeppen,2021-05-05,176867,"Die Tarifbindung im deutschen Handwerk ist verbesserungswürdig. – Das ist völlig klar. Unsere Frage war: Können wir Tarifbindung gesetzlich regeln? Wir haben lange darüber nachgedacht, wie das ginge. Wir sind dann zur Meinung gekommen, dass Tarifautonomie und Tarifpartnerschaft ein hohes Gut sind. (",0
326864,Na klar!,FDP,Konstantin Kuhle,CDU/CSU,Stefan Rouenhoff,2018-03-02,147618,"m der FDP hier und heute gleich jedwede Hoffnung zu nehmen: (Dr. Gero Clemens Hocker [FDP]: Was?) Wir lassen uns ganz sicher nicht von Ihnen aufs Glatteis führen. Ihnen geht es mit der Vorlage des Entwurfs eines Vertragsgesetzes nicht darum, CETA zu ratifizieren und vollständig in Kraft zu setzen. (",0
377123,Kommen Sie zum Thema!,AfD,Ulrike Schielke-Ziesing,CDU/CSU,Carsten Körber,2020-10-29,170592,"ar. Ich wünsche niemandem, krank zu werden, natürlich auch dann nicht, wenn er die Krankheit, an der er erkrankt, für ein Ammenmärchen hält. Gleichwohl – das muss ich sagen – ist Ihr Verhalten verantwortungslos. Ein Test am Dienstag kann keine Aussage über eine mögliche Infektion am Sonntag geben. (",0
398745,Hört! Hört!,DIE LINKE,Matthias W. Birkwald,DIE LINKE,Bernd Riexinger,2022-05-19,183281,ten die Zulieferer. Ich wohne in einer Automobilregion. Namhafte Zulieferer haben ihre Produktionsstandorte bereits nach Osteuropa verlagert und Tausende von Arbeitsplätzen vernichtet. Ich habe übrigens noch nie einen Bundes- oder Landespolitiker der CDU bei den Kundgebungen der IG Metall gesehen. (,0
58778,Unglaub,SPD,Wolf-Michael Catenhusen,SPD,Edelgard Bulmahn,1998-02-13,38417,"nister, der sich in der Öffentlichkeit gerne als Zukunftsminister präsentiert  und gar behauptet, er leiste seinen Beitrag zur Stärkung der Hochschulen, wenn er gleichzei tig einen  Haushalt vorlegt, der bis zum Jahre 2001 eine Kürzung der Hochschulausgaben von 3,5 auf 3,2 Milliarden DM vorsieht?  (",0
23274,Eine ganz kleine  ohne Mikrophon!,SPD,Ottmar Schreiner,CDU/CSU,Hans-Joachim Fuchtel,1993-09-09,14117,"ch Ihnen sagen,  daß dort der Vorsitzende des medizinischen Dienstes — —  (Abg. Ottmar Schreiner [SPD] meldet sich zu  einer Zwischenfrage)  — Ich habe schon ein paar Zwischenfragen beantwortet. Den Rest ein anderes Mal! Er beißt sonst noch das  Mikrophon vom Platz aus ab; das will ich vermeiden.  (",0
30875,Bei welcher Aus,SPD,Klaus Kirschner,CDU/CSU,Dr. Paul Hoffacker,1994-05-19,19469,"ch bin ganz dankbar, Herr Dr. Thomae, natürlich;  denn davon kann ich jetzt ein wenig zehren —, die meine Behauptung ganz klar belegt haben, daß das,  was die Koalition macht, richtig ist,  (Widerspruch bei der SPD)  und daß das Schweigen und das Zurückhalten der  SPD natürlich völlig falsch ist.  (",0
409325,"Kannst du was zum Gesetz sagen, Pascal?",CDU/CSU,Max Straubinger,FDP,Pascal Kober,2022-10-20,186869," Max Straubinger. Darauf hinzuweisen, werde ich jetzt nicht verzichten. Was die Steuerbelastung der Unternehmen anbetrifft, liegen wir mit über 30 Prozent international an der Spitze. Erst Anfang der Woche haben die Normenkontrollräte auf Bundes- und Landesebene eine gemeinsame Erklärung verfasst. (",0
49696,"Dann sagen Sie mal,  welche!",SPD,Elke Ferner,CDU/CSU,Bartholomäus Kalb,1996-11-28,32634,"t und damit auch  für die Frage des Erhalts und der Schaffung von Arbeitsplätzen.  Ich weiß sehr wohl - ich spreche das sehr offen an -,  daß es noch mehr gute begründete und sinnvolle  Verkehrsprojekte gäbe, die jedoch mit dem nun zu  beschließenden Haushalt nicht alle finanziert werden  können.  (",0
94070,Das haben Sie in der Vergangenheit gemacht!  Wilhelm Schmidt [Salzgitter] [SPD]: Unsinn!  Dr. Peter  Ramsauer [CDU/CSU]: Leider wahr!,SPD,Klaus Brandner,CDU/CSU,Dr. Maria Böhmer,2001-05-11,52913,"Herr Präsident! Liebe Kolleginnen und Kollegen! Diese Reform der Alterssicherung nach der Methode Riester geht eindeutig zulasten der sozial Schwächeren, der Frauen und der Familien. (",0
243569,Die hat Pfeiffer alle erfolgreich verhindert!,SPD,Ulrich Kelber,GRÜNE,Ingrid Nestle,2011-10-27,109293,"en loben Sie Rot-Grün. Sie loben die Ökosteuer, die Energieeinsparverordnung und die KfW-Programme. Sie loben all die grünen Projekte, die bis heute positiv wirken. In dieser Regierungsperiode gibt es kein schwarzgelbes Projekt, das relevant ist. (Beifall beim GRÜNE sowie bei Abgeordneten der SPD – ",0
327034,"Das Gesetz sagt, an jedem Punkt müssen die Grenzwerte eingehalten werden!",SPD,Kirsten Lühmann,CDU/CSU,Carsten Müller,2018-03-02,147676,"rselben Stelle wie im Jahr 2006. Merkwürdigerweise werden immer die Messstationen umgestellt, die einen besonders starken Rückgang der Schadstoffe aufweisen – man nennt das auch erschlichene Signifikanzen –; aber selbst die 87 verbliebenen ortsfesten Messstationen zeigen den dramatischen Rückgang. (",0
154209,"Na, na!",SPD,Jörg Tauss,CDU/CSU,Katherina Reiche,2005-04-14,71431,"ehört. (Beifall bei Abgeordneten der CDU/CSU – Willi Brase [SPD]: Wollen wir auch nicht! Wir wollen BAföG!) Annette Schavan hat zu Recht darauf hingewiesen, dass Studienbeiträge und Studienfinanzierung zusammen gesehen werden müssen. Sie hat sogar betont, dass das BAföG noch erhalten bleiben muss. (",0
268536,Bitte!,CDU/CSU,Manfred Grund,CDU/CSU,Thomas Bareiß,2013-02-28,119551,"watt in den letzten Jahren waren – gelinde ausgedrückt – nicht immer ganz sinnvoll. Deshalb ist der Punkt, den Sie ansprechen, sehr wichtig. Da sieht man, dass vieles fehlgesteuert wurde, viel Geld in Bereichen ausgegeben wurde, bei denen verhältnismäßig wenig herauszuholen ist. – Herzlichen Dank. (",0
411097,Eijeijei! Jetzt holen wir die alten Kamellen raus!,GRÜNE,Stefan Schmidt,CDU/CSU,Sebastian Brehm,2022-11-10,187311,"affung der Sanktionen bei Hartz IV. (Maximilian Mordhorst [FDP]: Fake News!) Im Bereich der Energie verteuern Sie die Energie künstlich, (Dr. Wolfgang Strengmann-Kuhn [GRÜNE]: Hören Sie doch auf, diese Unwahrheiten zu erzählen!) weil Sie die Abschaltung der Kernkraftwerke viel zu früh durchführen. (",0
392301,"Warum dürfen wir das nicht für die Pandemiebekämpfung einsetzen, wenn es der Wirtschaft und dem Klima dient?",GRÜNE,Sven-Christian Kindler,CDU/CSU,Andreas Mattfeldt,2022-01-27,180242," ins Leben gerufen wurde. Der EKF ist 2010 angelegt worden, damit wir die CO2-Einsparung gemäß den Pariser Klimazielen erreichen. Wir dürfen hier Projekte fördern, mit denen ein wissenschaftlicher und innovativer Mehrwert für die Wirtschaft, für die Energiesicherheit und für die Umwelt einhergeht. (",0
295755,Oh!,SPD,Dagmar Ziegler,DIE LINKE,Jan Korte,2015-06-12,132726,"as ist insbesondere zwischen uns eine beliebte Debatte –: Wenn Sie von der SPD für die Vorratsdatenspeicherung sind, dann sind Sie für die Linke übrigens nicht regierungsfähig – um das auch mal klar zu sagen und es zurückzugeben.  (Beifall bei der LINKEN sowie des Abg. Dr. Anton Hofreiter [GRÜNE] – ",0
174824,"Was wollen  Sie denn, Frau Bender?",CDU/CSU,Hartmut Koschyk,GRÜNE,Birgitt Bender,2007-02-02,79584,"cht mehr. Also könnten Sie wirklich ein Konzept vorlegen.  (Annette Widmann-Mauz [CDU/CSU]: Ich  kann nur lachen!) Ein Konzept, das sich mit den Finanzen befasst, gibt es bisher nicht. Die einen sprechen von privater Kapitaldeckung mit Kopfpauschale – davon sprach gerade auch der Kollege Scharf –, (",0
423989,Zu welchem Preis? Das ist die Frage!,AfD,Dr. Malte Kaufmann,FDP,Dr. Lukas Köhler,2023-03-30,191422," zur Gasversorgung. Und schau da: Die Gasspeicher sind richtig, richtig voll. (Dr. Malte Kaufmann [AfD]: Aber zu welchem Preis?) Überraschung! Da hat die Ampel ganz fantastisch funktioniert. Da haben wir genau das getan, was Sie hier einfordern. (Beifall bei der FDP sowie bei Abgeordneten der SPD – ",0
248511,Sehr gut!  Genau so!,CDU/CSU,Klaus-Peter Flosbach,FDP,Dr. Erik Schweickert,2012-01-19,111135,etzt?) Das suggeriert mir Ihr Antrag – sie schreiben von einer „echten Alternative“ – an vielen Stellen zu sehr. Die Bezahlung – das sollte man der Fairness halber sagen – ist keine Gewähr für eine gute Beratung. Ich kann auch viel bezahlen und schlecht beraten werden. Das muss man so offen sagen. (,0
363684,Herr Maaßen? Um Gottes willen! Den wollen wir nicht haben!,SPD,Dr. Karamba Diaby,AfD,Martin Hebner,2019-12-20,163639,"ale Pakt für Flüchtlinge verabschiedet worden. Gerade erst diese Woche fand das Globale Flüchtlingsforum in Genf statt. Es ist ein von Deutschland – genauer gesagt: vom Auswärtigen Amt, von Herrn Maaßen – veranstaltetes Forum. (Ursula Groden-Kranich [CDU/CSU]: Herr Maaßen war es nicht! Herr Maas! – ",0
246915,So ist es!,FDP,Patrick Döring,CDU/CSU,Steffen Bilger,2011-11-30,110358,"heiter als der Hermann!) Weder hat das Sichten alter Ministeriumsakten durch seine zahlreichen neuen Mitarbeiter und die gezielte Weitergabe an Journalisten zur Aufbauschung vermeintlicher Skandale etwas bewirkt, noch hat es funktioniert, die Regionen Baden-Württembergs gegeneinander auszuspielen. (",0
296393,Aber Dokumentation reicht nicht!,DIE LINKE,Dr. Kirsten Tackmann,CDU/CSU,Franz-Josef Holzenkamp,2015-06-19,133015,Antibiotikaeinsatz jedes landwirtschaftlichen Betriebs zu ermitteln und automatisch Reduktionsmaßnahmen auf den Weg zu bringen.  (Dr. Kirsten Tackmann [DIE LINKE]: Aber das reicht nicht!)  Hier sind wir hervorragend aufgestellt. Darüber dürfen wir uns auch einmal freuen.  (Beifall bei der CDU/CSU – ,0
250235,Da sitzt er! Friedrich heißt er!,GRÜNE,Jürgen Trittin,CDU/CSU,Dr. Angela Merkel,2012-02-27,111889,"nterstützung wird in Tranchen und immer vorbehaltlich der Erfüllung der Auflagen zur Verfügung gestellt. Ich kenne die Stimmen derer, die fragen, ob Griechenland nicht ein Fass ohne Boden sei, ein hoffnungsloser Fall, ob es nicht für alle besser sei, wenn Griechenland wieder die Drachme einführte, (",0
28286,Die Frau  Babel hat da nicht zugehört!,SPD,von Larcher,SPD,Konrad Gilges,1994-02-03,17353,". Gisela Babel [FDP]: Das hat er über-haupt nicht gesagt! — Dr. Uwe Jens [SPD]:  Das ist die FDP insgesamt!)  — Das hat er nicht wortwörtlich gesagt, aber er hat das  so zum Ausdruck gebracht. Er hat es so zum Ausdruck  gebracht, Frau Babel!  (Dr. Gisela Babel [FDP]: Was Sie da verste hen! — Detlev ",0
400341,Deshalb Schuldenbremse!,DIE LINKE,<unknown>,GRÜNE,Dr. Paula Piechotta,2022-06-03,183798,"rteilung zwischen Bund und Ländern im Jahr 2022 noch im Lot? (Beifall beim GRÜNE und bei der FDP sowie bei Abgeordneten der SPD) Welche Antworten versuchen wir darauf als Ampel zu geben? Wir sagen: Nein, wir können nicht auf die Erholungsphase warten. Wir müssen jetzt Zukunftsinvestitionen starten: ",0
265193,Oh!,CDU/CSU,Ralph Brinkhaus,CDU/CSU,Klaus-Peter Flosbach,2012-12-13,118084," einzelner  Finanzmarkt ohne Aufsicht und ohne Regelung sein  soll, gelungen ist. Dieser Satz, liebe Kolleginnen und Kollegen, stammt  von Peer Steinbrück aus dem Jahr 2009. Es war seine  letzte Rede hier im Deutschen Bundestag als Finanzminister. Er hat behauptet, er habe bereits alles reguliert. (",0
49140,Das glau,CDU/CSU,Kurt J. Rossmanith,SPD,Karl Diller,1996-11-26,32352,"n.  Das erste Ziel einer neuen Politik muß deshalb  sein: Arbeitslosigkeit bekämpfen, Arbeit schaffen.  Das Programm der Regierung Kohl, das sich „Programm für mehr Wachstum und Beschäftigung""  nennt, ist in Wirklichkeit ein Programm zur Steigerung der Arbeitslosigkeit und der Staatsverschuldung.  (",0
45963,"Daß Ihnen  die Ergebnisse wehtun, kann ich verste hen!",CDU/CSU,Wolfgang Zöller,SPD,Ingrid Matthäus-Maier,1996-06-14,29886,"gen Leuten sagen  muß, daß man sie nicht braucht, weil man keine Arbeitsplätze für sie hat?  (Beifall bei der SPD sowie bei Abgeordne ten der PDS - Wolfgang Zöller [CDU/CSU]:  So ein Unfug kann nur von Ihnen kommen!)  Nebenbei: Die Landtagswahlen vom 24. März wurden hier mehrfach erwähnt, ebenso,  (",0
295975,Sehr gut!,CDU/CSU,Volker Kauder,CDU/CSU,Graf Lerchenfeld,2015-06-18,132841,"oßen Schritt: Alleinerziehende werden endlich stärker entlastet.Seit 2004 – es wurde schon gesagt – war dieser Freibetrag unverändert. Er wird jetzt um fast 50 Prozent erhöht und ergänzt dadurch, dass für jedes weitere Kind, das zum Haushalt gehört, 240 Euro zusätzliche Entlastung gewährt werden.  (",0
196376,Und jetzt neu organisiert!,FDP,Ulrike Flach,SPD,Klaus Hagemann,2008-11-25,90420,"haos erlebt, weil die Zentralstelle für die Vergabe von Studienplätzen nicht funktioniert. Da schaue ich gerne zu Ihnen, Frau Flach, erstens weil sie in Nordrhein- Westfalen, in Dortmund, ist und zweitens weil Herr Pinkwart es in erster Linie war, der diese Stelle kaputt- und schlechtgeredet hat.  (",0
289831,Ihnen ging es nie um den Steuerzahler!,CDU/CSU,Andreas Mattfeldt,DIE LINKE,Dr. Diether Dehm,2015-01-15,129840," Schulden, die in privater Hand waren, in der Hand von Banken und Großspekulanten; die wären damals betroffen gewesen. Heute sind 88 Prozent der griechischen Staatsschulden in traurigem Besitz der europäischen Steuerzahler. Allein für die deutschen Steuerzahler geht es um rund 75 Milliarden Euro.  (",0
435241,Haben Sie ein Problem?,GRÜNE,Britta Haßelmann,AfD,Gereon Bollmann,2023-09-05,195001,"n dort festgestellt hat, dass 70 bis 80 Prozent der Kinder, die Transgender-Empfindungen haben, diese im Laufe der Zeit wieder von selbst verlieren. Auch in deutschen Psychiatriezentren werden solche medizinischen Diagnosen bestätigt. (Emilia Fester [GRÜNE]: Wollen Sie noch zum Haushalt sprechen? – ",0
242882,Keines!,SPD,Caren Marks,FDP,Nicole Bracht-Bendt,2011-10-20,108962,"chkeit, schwer erkrankte Verwandte zu pflegen und dafür die Berufstätigkeit auf 50 Prozent zu reduzieren, während die finanziellen Einbußen moderat bleiben. Meine Damen und Herren, der Gesetzentwurf löst nicht alle durch die demografische Entwicklung bestehenden Herausforderungen auf einen Schlag. (",0
221772,"Frau Fischbach, das ist doch billig!",SPD,Iris Gleicke,CDU/CSU,Ingrid Fischbach,2010-09-16,100777,"Sie sind da drin? Ich habe Sie da noch nie gesehen. (Dorothee Bär [CDU/CSU]: Er war noch nie da! – Diana Golze [DIE LINKE]: Er ist im Haushaltsausschuss!) Wahrscheinlich handelt es sich um eine Halluzination. Sie haben vorhin beklagt, dass die Ministerin zu den und den Punkten nichts gesagt hätte. (",0
281136,Das stimmt doch gar nicht!,CDU/CSU,Volker Kauder,DIE LINKE,Halina Wawzyniak,2014-05-07,125720,"enntnis nehmen, dass es einen Vergleich mit der Treuhandanstalt gegeben hat, nach dem wir finanziell bei null angefangen haben?  (Lachen bei der CDU/CSU – Tankred Schipanski [CDU/CSU]: Das ist ja lächerlich!)  – Ich weiß, dass Sie das nicht hören wollen. Sie haben das Geld der CDU Ost eingesackt.  (",0
428891,Knallharte Frage!,CDU/CSU,Dr. Hendrik Hoppenstedt,SPD,Dr. Kristian Klinck,2023-05-24,192985,"ie haben gemeinsam mit Herrn Staatssekretär Zimmer eine neue Weisung zur Straffung der Beschaffungsprozesse in Kraft gesetzt. Erläutern Sie, warum Sie zuversichtlich sind, dass dadurch die Probleme gelöst und die Prozesse zur Beschaffung von dringend benötigtem Material beschleunigt werden können! (",0
318958,"Wo er recht hat, hat er recht!",DIE LINKE,Matthias W. Birkwald,CDU/CSU,Tobias Zech,2017-03-24,143551,den Weg gebracht. (Sabine Weiss [Wesel I] [CDU/CSU]: So ist es!) Das ist die Wahrheit. Ihr habt die sachgrundlose Befristung eingeführt. (Beifall bei der CDU/CSU sowie bei Abgeordneten der LINKEN) Immer kurz vor den Wahlen wollt ihr sie wieder abschaffen. Nach den Wahlen wird das wieder vergessen. (,0
374583,Alle Demokraten!,GRÜNE,Lisa Badum,AfD,Martin Hohmann,2020-09-29,169530,"ht? Über Jahrzehnte hatten wir ein zuverlässiges System der Grundlastversorgung. (Timon Gremmels [SPD]: Süße alte Märchen!) Atomkraftwerke und Kohlekraftwerke stellten diese sicher. In einem großen Konsens von Rot-Rot über Grün, Schwarz, Rot und Gelb (Timon Gremmels [SPD]: Also alle Vernünftigen! – ",0
443689,Das war eigentlich eine ganz einfache Frage!,GRÜNE,Beate Müller-Gemmeke,CDU/CSU,Stephan Stracke,2023-11-09,197804,"er Krisenrücklage immer schlechter. Das ist Ihre Politik, Herr Rosemann. (Beate Müller-Gemmeke [GRÜNE]: Die Fragen sind nicht beantwortet!) Das ist die Politik von Linksliberal. (Beifall bei der CDU/CSU) Wir legen hier den Finger in die Wunde, weil Sie in diesem Bereich tatsächlich falsch handeln. (",0
210198,Die bereiten die  Fusion mit der Linken vor!,FDP,<unknown>,CDU/CSU,Peter Aumer,2010-01-28,96784,"  die Frage auf: Gehört die Bayern-SPD mittlerweile zur  Klientel der CSU? Meines Erachtens sollte sich die SPD  in Bayern vergegenwärtigen, dass sie, nur weil wir das  getan haben, was die SPD gefordert hat, noch nicht zur  Klientel der CSU gehört.(Beifall bei Abgeordneten der CDU/CSU und  der FDP ",0
283523,Das stimmt aber nicht! Das sieht der Rechnungshof ganz anders!,GRÜNE,Sven-Christian Kindler,CDU/CSU,Alexander Dobrindt,2014-06-27,126778,"vestitionshochlaufs ist die Ausweitung der ÖPP-Projekte. Ich weiß, dass wir – das ist übrigens nicht neu – seit vielen Jahren immer wieder darüber diskutieren: Kann man sie optimieren, kann man sie verbessern? Führen wir in jedem Einzelfall den Nachweis der Wirtschaftlichkeit? Ja, wir führen ihn,  (",0
442463,Das ist den Grünen egal!,AfD,Dr. Götz Frömming,AfD,Dr. Rainer Kraft,2023-10-20,197430,"de, Vizeminister für Ressourcen und Energie der Republik Mosambik, gut zusammen: dass nämlich eine Nation, in der nur jeder zweite überhaupt einen Stromanschluss hat, keine Energie für den Export übrig haben kann, solange nicht jeder im Land Zugang zu preiswerter Energie hat. (Beifall bei der AfD – ",0
46954,"Das muß man  natürlich wissen, bevor man falsche  Behauptungen aufstellt!",CDU/CSU,Geit Willner,CDU/CSU,Matthias Wissmann,1996-09-10,30755,"Task force für die  Kontrolle an den Rampen inzwischen erfolgt ist und  daß kein Zweifel daran bestehen kann - da die ersten Leute bereits eingestellt sind -, daß bis zum  Ende des Jahres alle diese Mitarbeiter so, wie auch  von „Cockpit"", der Pilotenvereinigung, gefordert, zur  Verfügung stehen?  (",0
288556,"Na, erst mal ist da ja der Schäuble/Scholz",GRÜNE,Kerstin Andreae,DIE LINKE,Dr. Axel Troost,2014-12-03,129255,Vorstellungen gibt: Entweder will man den Soli ganz abschaffen als Ausgleich für die kalte Progression oder die Zweckbindung anders definieren oder ihn – das ist in der Tat der Vorschlag der Ministerpräsidentinnen und Ministerpräsidenten der rot-grünen Länder – in die Einkommensteuer integrieren.  (,0
88144,Das ist doch illusorisch! Da machen doch nicht alle mit!,SPD,Rudolf Bindig,FDP,Sabine Leutheusser-Schnarrenberger,2000-12-07,50704,"r im Menschenrechtsausschuss durchgeführt haben, hätte ich mir angesichts der breiten Übereinstimmung unter den Ausschussmitgliedern gewünscht – das sage ich ganz ehrlich –, dass wir uns dort mit der Einbringung eines gemeinsamen Antrags „Flüchtlingsschutz als Menschenrechtsschutz“ befasst hätten. (",0
106481,Unerhört! ,SPD,<unknown>,SPD,Thomas Sauer,2002-02-28,56512," Krankenkassenbeiträge in den neuen Bundesländern, wie Sie sie durch den Antrag beim Bundesverfassungsgericht herbeiklagen wollen, wären eine unerträgliche zusätzliche Belastung für die ostdeutsche Ökonomie insgesamt. (Beifall bei der SPD) Wer den Risikostrukturausgleich aushebeln will, wie Bayern, ",0
297252,Auf den Inhalt kommt es an!,GRÜNE,Elisabeth Scharfenberg,CDU/CSU,Helmut Heiderich,2015-09-08,133544,", dass wichtige Vorhaben auf den Sankt-Nimmerleins-Tag verschoben werden, wie die Einführung des neuen Pflegebegriffs, eine Krankenhausreform oder das Präventionsgesetz. Ich glaube, die Entwicklung zeigt, wie weltfern die Grünen mit ihren Behauptungen sind. Denn das Präventionsgesetz ist in Kraft. (",0
315222,Er ist im Übrigen durch die Grünen mit eingeführt worden!,SPD,Sönke Rix,GRÜNE,Dr. Wolfgang Strengmann-Kuhn,2016-12-15,141835,"eld kosten, aber das Geld würde nicht unbedingt bei den Kindern, die es am nötigsten brauchen, ankommen. Das ist nicht der Weg, den wir Grüne gehen wollen. Der Kinderzuschlag gehört grundlegend reformiert. Eigentlich gehört er in der Form, in der er jetzt besteht, abgeschafft. (Beifall beim GRÜNE – ",0
260139,Genau!,CDU/CSU,<unknown>,CDU/CSU,Norbert Barthle,2012-10-18,116008,"haft, für wettbewerbsfähige Staaten. Daran darf man  nicht rütteln. Deshalb appelliere ich vor allem an die Opposition, von eventuellen Überlegungen, einen Anti- Banken-Wahlkampf zu führen, Abstand zu nehmen. Wer  das macht, schadet nicht nur der Wirtschaft, sondern  auch dem europäischen Gedanken. ",0
203168,Da haben Sie sich aber ein bisschen vertan!,SPD,Christoph Strässer,FDP,Burkhardt Müller-Sönksen,2009-05-07,93684,", mindestens doch die wesentliche Aufgabe der Strafe ist, zu resozialisieren, den Menschen zu bessern. Wir Liberale werden die künftigen europäischen Initiativen weiterhin aktiv begleiten und ab September hoffentlich auch aktiv gestalten.  Vielen Dank für Ihre Aufmerksamkeit. (Beifall bei der FDP – ",0
72890,Dazu hat Polenz nichts gesagt!,GRÜNE,Christian Sterzing,GRÜNE,Angelika Beer,1999-10-29,44982,ferungen von außen aufgeheizt werden. Das ist unser Verständnis von präventiver Außen- und Sicherheitspolitik. Dafür wollen wir gern Garant sein. Hier können Sie zwischen Rot und Grün kein Blatt und auch keinen Leo schieben. Das ist die politische Grundaussage. (Beifall beim GRÜNE und bei der SPD – ,0
257673,Das ist eine gute  Frage!,GRÜNE,Friedrich Ostendorff,SPD,Heinz Paula,2012-06-29,115099,"rüber im Ausschuss bisher.  Ich greife nur einen einzigen Punkt heraus – Zitat –: Die Praxis des Schwänzekupierens bei Ferkeln wird  aus Tierschutzsicht zu Recht kritisiert. Was tun Sie denn, um an dieser Stelle gegenzusteuern? (Beifall bei der SPD sowie bei Abgeordneten  der LINKEN und des GRÜNE – ",0
27123,"Na, na, na!",CDU/CSU,<unknown>,SPD,Marion Caspers-Merk,1993-12-09,16568,"ansätze in  der Umweltpolitik besonders schwer, denn sie treffen  auf eine gewaltige Front der Ablehnung, weil viele in  der Krise die Chance sehen — das bemerke ich vor  allen Dingen bei den konservativen Kollegen in der  Enquete-Kommission —, einen ökologischen Rollback mit Erfolg durchzusetzen.  ",0
210759,Sie glauben es nicht  selbst!,FDP,Ulrike Flach,SPD,Steffen-Claudio Lemme,2010-01-29,96906,"zit abzuwenden. (Ulrike Flach [FDP]: Bei Ihnen sind es elf  Jahre!) – Bei mir nicht. In der Konsequenz führen dieses wochenlange Stillhalten und Ignorieren der Realitäten des Bundesministers nun zu Zusatzbeiträgen. Ich behaupte schlicht, Herr  Dr. Rösler fährt hier eine Art Tabula-rasa-Strategie.  (",0
458684,Aber nicht die  Landwirtschaft abschaffen!,CDU/CSU,Dieter Stier,SPD,Dr. Franziska Kersten,2024-04-11,202144,"limabilanz. Warum? Ein Hektar Grünland, der umgebrochen  wird, würde 6 Tonnen CO2-Emissionen verursachen. (Artur Auernhammer [CDU/CSU]: Irgendeiner muss fressen!) Beispiel Nummer drei. Boden ist eigentlich das wichtigste Gut unserer Landwirte. Wir müssen Bodenleben  fördern und Erosion verhindern. (",0
195828,Ohne Parlament und nach  den Bundestagswahlen will er das machen!,FDP,Dirk Niebel,SPD,Andrea Nahles,2008-11-12,90087,"r Arbeitslosenversicherung per Gesetz auf 3,0 Prozent zu reduzieren und ihn dann weiter auf 2,8 Prozent zu senken. Für den Fall aber, dass sich die Lage dramatisch entwickelt, hat der Arbeitsminister die Möglichkeit – dies wurde eben schon von Klaus Brandner ausgeführt –, per einfacher Verordnung  (",0
309136,Dann machen Sie das doch einfach!,GRÜNE,Beate Müller-Gemmeke,SPD,Katja Mast,2016-06-24,139192,"okraten das Ziel, Menschen in Arbeit zu bringen. Aus unserer Sicht kann sie gestrichen werden. (Brigitte Pothmer [GRÜNE]: Dann stimmen Sie heute dagegen!) Die eigentliche Botschaft dieser Absenkung des Mindestlohns ist nämlich: Arbeit lohnt sich für dich nicht. – Das ist nicht die Haltung der SPD. (",0
409887,Wir machen das noch!,SPD,Bernd Rützel,AfD,Ulrike Schielke-Ziesing,2022-10-20,186984,"e zeitnahe Lösung. In der Debatte verstieg sich der Kollege Diaby von der SPD sogar zu dem Satz: „Das Problem können wir endgültig nur lösen, wenn die Sozialdemokratie das Sagen hat“. (Dr. Karamba Diaby [SPD]: Jawohl!) Das war im Mai 2021. Nun stelle ich fest: Es ist so weit. Und was ist passiert? (",0
354640,So wirkt keine Mengensteuerung!,FDP,Christian Lindner,CDU/CSU,Ralph Brinkhaus,2019-09-26,160324,"e Möglichkeit ist: Wir machen ein abgestimmtes, integriertes, smartes Konzept, (Dr. Alice Weidel [AfD]: Ein smartes Konzept, das genau das Gleiche beinhaltet!) das auf Mengensteuerung, auf Anreize, auf Markt setzt und da, wo es nötig ist, auf Ordnungsrecht. Ich halte das zweite Konzept für besser. (",0
304788,Wie bitte? Wir haben doch überhaupt keine Subsidiaritätsrüge gemacht!,SPD,Manfred Zöllmer,GRÜNE,Lisa Paus,2016-02-25,136948,"arunter Herr Juncker, Christdemokrat, und Martin Schulz, deutscher Sozialdemokrat, sagen: Wir brauchen jetzt ein europäisches Einlagensicherungssystem. – Aber was machen Sie? Mit dem Versuch einer Subsidiaritätsrüge haben Sie beim Thema Einlagensicherung schon einmal unser Land in Europa blamiert. (",0
215036,Unfassbar!,FDP,<unknown>,CDU/CSU,Klaus-Peter Flosbach,2010-03-25,98156,"iert. Wir können also auch in Deutschland Mikrofinanzfonds auflegen, Fonds für Kleinkredite zur Bekämpfung weltweiter Armut. Ein Hinweis: Herr Dr. Schick und die Grünen haben das abgelehnt, als wir das vor drei Jahren hier vorgeschlagen haben. (Leo Dautzenberg [CDU/CSU]: Das ist die ethische Norm! –",0
275708,Erklären Sie  das Ihren Parteifreunden aus Baden,CDU/CSU,Norbert Barthle,GRÜNE,Kerstin Andreae,2013-06-27,122885,"en wolen! Die  Neuverschuldung zu begrenzen, ist das eine. Die Schulden zu tilgen, ist das andere. (Oto Fricke [FDP]: Das ist der Haushalt 2014!  Das steht doch dort drin!) Aber Sie haben keinen konkreten Vorschlag auf den  Tisch gelegt, aus dem hervorgeht, wie Sie die Schuldenberge abbauen wolen. (",0
245928,Was?,DIE LINKE,<unknown>,CDU/CSU,Gerda Hasselfeldt,2011-11-23,110026,"estliche Industriestaaten. Wir haben dies den Menschen in unserem Land zu verdanken: den Unternehmern, den Arbeitnehmern und denen, die in den Tarifverhandlungen verantwortungsvoll entschieden haben. Sie werden von einer Regierung regiert, die ihnen Freiheit und auch die Früchte ihrer Arbeit lässt. ",0
412251,"Da kommt noch mehr, keine Angst!",SPD,Michael Thews,DIE LINKE,Mohamed Ali,2022-11-22,187665,"nen müssen kurz, allgemein verständlich und leicht zugänglich sein. (Beifall bei der LINKEN) Aber das Gegenteil ist leider die Regel. Die Ampel glaubt ernsthaft, diesem wachsenden Problem mit gerade mal 100 000 Euro mehr für Verbraucherforschung Einhalt gebieten zu können. Wie soll das denn gehen? (",0
437053,"Sie hängen so in der Vergangenheit fest, Herr Heilmann!",GRÜNE,Lisa Badum,CDU/CSU,Thomas Heilmann,2023-09-08,195381,"ung fragen. Was ist das denn für eine Verwirrung? (Beifall bei der CDU/CSU – Zurufe der Abg. Lisa Badum [GRÜNE] und Christian Dürr [FDP]) Dann möchte ich mal deutlich das alte, von der Großen Koalition beschlossene Gebäudeenergiegesetz verteidigen. Wie möchte ich das verteidigen? Mit dem Ergebnis. (",0
157007,Deshalb nehmen Sie auch Zahnersatz heraus!,GRÜNE,Markus Kurth,CDU/CSU,Wolfgang Zöller,2005-06-02,72206,"tz [SPD]: Wir mussten das Urteil des Bundesverfassungsgerichts umsetzen!) Arm zu sein bedeutet in Deutschland aber nicht nur, weniger Geld zu haben. Es heißt auch, in einem schlechteren Gesundheitszustand zu sein und eine geringere Lebenserwartung zu haben als Personen mit einem höheren Einkommen. (",0
251325,Eben nicht!,SPD,Sönke Rix,SPD,Sonja Steffen,2012-03-08,112385," geben wird. Gleichzeitig hoffe ich, dass es für die handelnden Polizeibeamten hingegen Nachwirkungen geben wird, dass dort ermittelt und der Sachverhalt aufgeklärt wird. Aber ich frage: Darf und muss die Zivilcourage so weit gehen, dass uns Bundestagsabgeordneten ein Sonderstatus eingeräumt wird? (",0
46949,So ein Blödsinn!,SPD,<unknown>,FDP,Horst Friedrich,1996-09-10,30753,"ier  beklagt, daß die Ansätze für die Schiene gekürzt  worden sind. Wir haben jetzt ein Volumen, das tatsächlich verbaut werden kann. Es nützt kein Ansatz  von 10 Milliarden DM, wenn nur 7 Milliarden DM  umgesetzt werden können. Das ist ein Nullum, weil  es der Finanzminister dann wieder kassiert.  ",0
33901,Völlig zu  Recht!,CDU/CSU,Dr. Heiner Geißler,CDU/CSU,Maria Eichhorn,1994-12-15,21376,"zeiterwerbstätigkeit, während dagegen eine  Pflicht zur und ein Recht auf Familienarbeit nur für die  Frauen zu bestehen scheint. Aber auch viele Frauen  wollen ihren erlernten Beruf kontinuierlich ausüben.  Sie definieren den Beruf genauso wie die Männer als  wichtigen Teil ihrer Persönlichkeit.  (",0
235231,Wie beim Mindestlohn! Da gehen auch keine Arbeitsplätze verloren!,DIE LINKE,Matthias W. Birkwald,CDU/CSU,Gitta Connemann,2011-04-14,105780,"liert darauf eingegangen. Es kommt aber auch nicht auf die Zahl an. Es kommt darauf an, dass Sie suggerieren, es gäbe dadurch Billigkonkurrenz. Ohne Not; denn die Erfahrungen aus anderen Ländern, die ihre Arbeitsmärkte früher geöffnet haben, zeigen, dass diese Befürchtungen nicht eingetreten sind. (",0
353802,An Dummheit auch!,CDU/CSU,Dr. Georg Nüßlein,AfD,Marc Bernhard,2019-09-10,159912,"ustrieanlagen zerhackt. Vor diesem Hintergrund ist das Zitat Ihrer Fraktionsvorsitzenden Göring-Eckardt – „Wir wollen, dass … jede Biene und jeder Schmetterling und jeder Vogel in diesem Land weiß: Wir werden uns weiter für sie einsetzen“ – an Verlogenheit kaum zu überbieten. (Beifall bei der AfD – ",0
415693,Sie korrigieren sich doch permanent selbst! Das sagt alles über das Gesetz!,CDU/CSU,Thorsten Frei,FDP,Michael Kruse,2022-12-15,188714," dem Parlament seit vielen Wochen vorliegen, Sie die Gelegenheit hatten, sich ausgiebig mit dem Inhalt dieser Gesetze zu beschäftigen, (Thorsten Frei [CDU/CSU]: Aber nein! Das ist jetzt eine schwache Ausrede!) und wir als Koalition dann noch viele Verbesserungen an diesem Gesetz vorgenommen haben. (",0
189205,Wollen Sie sie wieder zurücknehmen? Wie wollen Sie die Renten bezahlen?,GRÜNE,Bärbel Höhn,CDU/CSU,Franz Obermeier,2008-04-10,86818,terbinden. Dann haben wir bei der Strompreisgestaltung als dritten großen Block den staatlich induzierten Teil. Fangen wir einmal mit der Ökosteuer an. Die Ökosteuer macht beim Endverbraucher immerhin 5 bis 6 Cent pro Kilowattstunde Strom aus. Wer hat denn die Ökosteuer eingeführt? Das waren Sie.  (,0
267782,"Ja, weil es ein guter  ist!",FDP,Gabriele Molitor,DIE LINKE,Dr. Ilja Seifert,2013-02-21,119207,"ie Hälfte. Vom gesetzlichen Gründungsanspruch der Fachdienste ist die  heutige Situation jedenfalls weiter entfernt denn je – so  heißt es im Jahresbericht der Integrationsfachdienste. Nun – das verwundert mich wirklich – stimmen die  Kollegen der Oppositionsfraktionen dem Antrag der Koalition zu, (",0
360437,So ein Schwachsinn!,AfD,Dr. Alexander Gauland,SPD,Achim Post,2019-11-27,162571,des Abendlandes. (Dr. Alexander Gauland [AfD]: Ich kann Sie ja nicht immer belehren!) Zum Glück ist auf Frau Weidel Verlass; sie hat sich vorgearbeitet vom Marktradikalismus zum Rechtsradikalismus und ist damit bei ihrem Markenkern angelangt. (Beifall bei der SPD sowie bei Abgeordneten der LINKEN – ,0
326330,Das wird Ihnen alles nichts helfen!,GRÜNE,Dr. Anton Hofreiter,AfD,Dr. Marc Jongen,2018-02-23,147306,"en, aber nie ein Rassismus gegen Deutsche. (Beifall bei der AfD – Matthias W. Birkwald [DIE LINKE]: Heul doch!) Solange Sie einen solchen faulen, weil halbierten Rassismusbegriff kultivieren, kommen Sie nicht einmal in die Nähe des Verständnisses dessen, was in diesem Land wirklich im Argen liegt. (",0
251329,Hatten Sie einen  Abgeordnetenausweis dabei oder nicht?,CDU/CSU,Ruprecht Polenz,DIE LINKE,Ingrid Remmers,2012-03-08,112387,"unkt innerhalb von einer Minute hätte nachweisen können. Darüber hinaus möchte ich feststellen, dass während des gesamten Samstags an keiner Stelle meine Identität infrage gestellt wurde. Meine Identität ist erst im Nachhinein infrage gestellt worden, als klar war, was man sich hier geleistet hat. (",0
87435,Gut!,SPD,<unknown>,CDU/CSU,Heinrich-Wilhelm Ronsöhr,2000-11-30,50514,r Beschluss hätte kein Vertrauen in den 13430 Verbraucherschutz in Deutschland geschaffen und hätte auch nicht das Vertrauen der Rinder haltenden Landwirte und Rindfleisch produzierenden Betriebe in unsere Politik gestärkt. Wir haben uns auf diese Vorgehensweise in konstruktiver Weise eingelassen.  ,0
60415,Den Arzt fragen!,SPD,Walter Kolbow,CDU/CSU,Paul Breuer,1998-04-24,39268," vornimmt und zu dem Ergebnis kommt, daß  der Gesundheitszustand insgesamt intakt ist oder  daß er insgesamt besorgniserregend ist: Wie bewerten Sie es, daß die unterschiedliche Begrifflichkeit,  die hier verwandt wird, zu völlig anderen Ergebnissen und zu einer völlig anderen Wahrnehmung  führt?  (",0
32059,Alles erreicht!,SPD,Dietmar Schütz,CDU/CSU,Dr. Klaus W. Lippold,1994-06-23,20335,"r  Klimaschutzproblematik, der Zerstörung der Ozonschicht, der Frage nicht nur der tropischen Regenwälder, denen wir in der Vergangenheit viel Aufmerksamkeit geschenkt haben, sondern auch der Wälder  der nördlichen Hemisphäre.  Wir haben auch in der CO2-Diskussion, was den  Klimaschutz angeht — —  (",0
133343,Das ist ein Widerspruch in sich!,SPD,Jörg Tauss,CDU/CSU,Vera Lengsfeld,2003-12-12,64413,"ber sicher fühle ich mich diesem Beschluss verpflichtet. Deshalb habe ich ja auch diese Gesamtkonzeption angemahnt und gemeint, dass es gerade nicht im Sinne dieses Beschlusses ist, wenn jetzt, ohne über eine Gesamtkonzeption debattiert zu haben, die Errichtung einzelner Denkmale beschlossen wird. (",0
116100,Sagen Sie die Wahrheit!,CDU/CSU,Volker Kauder,SPD,Hans Eichel,2002-12-03,59304,"ll bei der SPD sowie bei Abgeordneten des GRÜNE – Volker Kauder [CDU/CSU]: Sie haben allen Grund, von Falschmünzerei zu reden!) Bundesminister Hans Eichel Auch wenn die Ausgangslage schwieriger geworden ist, bleibt es dabei: 2006 wird es einen ausgeglichenen gesamtstaatlichen Bundeshaushalt geben. (",0
62599,Leider!,SPD,rid Matthäus-Maier,SPD,Karl Diller,1998-09-02,40420,"ilschen darum, ob im August knapp über oder knapp  unter 4 Millionen Menschen arbeitslos waren. Was  zählt, ist, daß durch Ihr Versagen in diesem Jahr  4,3 Millionen Mitbürgerinnen und Mitbürger ohne  Arbeit und über 3 Millionen Menschen Sozialhilfeempfänger sein werden.  (Beifall bei der SPD - Ing ",0
319782,Beste Außenpolitik!,DIE LINKE,Jörn Wunderlich,CDU/CSU,Katrin Albsteiger,2017-03-31,143913,"von jungen Menschen, von Jugendlichen in Europa anderes als das tatsächliche Zusammenwachsen Europas, (Jörn Wunderlich [DIE LINKE]: Beste Friedenspolitik!) in dem Grenzen sowie sprachliche und kulturelle Unterschiede überwunden werden und in dem Nachbarn von Fremden tatsächlich zu Freunden werden? (",0
400771,CO2,AfD,Kay Gottschalk,SPD,Andreas Mehltretter,2022-06-23,184095,"n wir in einem rasanten Tempo Anlandemöglichkeiten für Flüssiggas und füllen unsere Speicher. Meine Damen und Herren, wenn wir über zu hohe Preise reden, müssen wir auch darüber reden, wo im Moment die Preise hochgetrieben werden, um möglichst großen Profit aus der aktuellen Situation zu schlagen. (",0
265579,"Sie bekommen weniger, verdienen tun sie das Gleiche!",DIE LINKE,Matthias W. Birkwald,GRÜNE,Dr. Wolfgang Strengmann-Kuhn,2012-12-14,118323,"(Beifall beim GRÜNE,  bei der SPD und der LINKEN) Wenn man etwas gegen Altersarmut machen will,  dann muss man in erster Linie bei den Ursachen ansetzen. Es gibt drei wichtige Ursachen, warum Frauen in  der Altersarmut landen. Die erste Ursache ist: Frauen verdienen immer noch  weniger als Männer. (",0
45887,Ist das Ihre ehrliche  Überzeugung?,SPD,Dr. Peter Struck,FDP,Dr. Klaus Kinkel,1996-06-14,29859," der gemeinsamen Erklärung  finden, mit der wir über den Nachbarschaftsvertrag  von 1992 hinaus die Schatten der Vergangenheit verscheuchen und Versöhnung erreichen wollen.  Ich finde jedenfalls, daß die Äußerungen des Kollegen Waigel in diesem Zusammenhang keinerlei Anlaß zu Aufgeregtheit geben.  (",0
296290,"Warum wohl? Da war doch was, Frau Steinbach! Können Sie sich erinnern?",GRÜNE,Dr. Frithjof Schmidt,CDU/CSU,Erika Steinbach,2015-06-18,132932,"und Kollegen, wir haben einen so guten Gesetzentwurf gemacht, dass die Fraktion der Grünen und die Fraktion der Linken gemeinschaftlich einen eigenen Gesetzentwurf gemacht haben, der Wort für Wort, Satz für Satz, Komma für Komma, Punkt für Punkt von unserem Gesetzentwurf abgeschrieben worden ist.  (",0
14310,Die erheb,CDU/CSU,Siegfried Hornung,CDU/CSU,von Hammerstein,1992-10-14,8331,"ventionen der EG — auch  das ist dort gesagt worden — sind auf das unbedingt  notwendige Maß zurückzuführen. Diese letzte Maßnahme, liebe SPD-Fraktion, akzeptiere ich voll und  ganz, allerdings nur dann, wenn die Amerikaner  bereit sind, die Subventionen in der Landwirtschaft  Amerikas abzubauen,  (",0
108859,Doch!,CDU/CSU,Friedrich Merz,CDU/CSU,Dr. Norbert Röttgen,2002-04-19,57270,"ss die Wahrheit ans Licht kommt, steht politisch, moralisch und rechtlich auf der gleichen Stufe und ist in gleicher Weise verwerflich. Das müssen Sie sich vor Augen halten. (Lothar Mark [SPD]: Ihre 20 bis 100 Millionen sind immer noch im Dunkeln!) – Ich weiß gar nicht, warum Sie sich so aufregen; (",0
458817,Jetzt fangen Sie wieder mit der 16,GRÜNE,Lamya Kaddor,AfD,Dr. Götz Frömming,2024-04-12,202191,"en nichts. (Lamya Kaddor [GRÜNE]: So ein Blödsinn!) Und natürlich kommt auch nicht die Polizei in die Schule,  um diese Schüler abzuführen. Die kommt nur, wenn eine  Schülerin ohne Migrationshintergrund Sympathien zur  AfD erkennen lässt. (Beifall bei der AfD – Zuruf der Abg. Lisa  Badum [GRÜNE] –  ",0
1486,Voriges Jahr  schon!,CDU/CSU,Klaus Rose,SPD,Ingrid Matthäus-Maier,1991-06-05,1150,"en geweckt und genährt hat. Diesen Kardinalfehler hat die Grundwertekommission der SPD vor  zwei Wochen recht überzeugend so beschrieben:  (Lachen bei der CDU/CSU) Wir Sozialdemokraten tadeln die Bundesregierung nicht für das Tempo der deutschen Einigung,  (Volker Rühe [CDU/CSU]: Nicht mehr! — Dr.  ",0
11349,"Doch, z. B. gegenüber  Chile!",SPD,Dr. Uwe Holtz,DIE LINKE,Dr. Gregor Gysi,1992-06-03,6705,"en Demokratisierungsprozeß. Im Gegenteil,  sie versetzen ein Land in eine Art permanenten  Ausnahmezustand.  Wirklich grobe Menschenrechtsverletzungen z. B.  in sehr reaktionären lateinamerikanischen Regimen  haben noch nie zu Blockadeentscheidungen der USA  oder auch der Bundesregierung geführt.  (",0
35684," Aber diese 7,5 Milliarden können es ruhig  sein?",SPD,<unknown>,FDP,Dr. Rainer Ortleb,1995-03-16,22865,"Es ist mir nicht entgangen. Die Luft, großzügige Programme, wie Sie sie fordern, außerhalb der Möglichkeiten der Wirtschaft zu  schaffen, ist allerdings weiß Gott nicht drin.  (Beifall bei der FDP -",0
130823,Herr Merz ist ein Abschreiber!,SPD,Peter Dreßen,FDP,Dr. Günter Rexrodt,2003-11-25,63882,"rdings wird sie auch von der CDU, von Herrn Merz, vorgestellt. (Beifall bei Abgeordneten der CDU/CSU – Dietrich Austermann [CDU/CSU]: Eine bessere!) Im Übrigen ist in der Politik – anders als in der Schule – das Abschreiben erlaubt. Deshalb sind wir froh und machen weiter so. (Beifall bei der FDP – ",0
263327,Das stimmt nicht  ganz!,SPD,Klaus Hagemann,FDP,Dr. Martin Neumann,2012-11-22,117399,"sere Koalition kann ich sagen: Wir stecken uns nicht nur Ziele, sondern wir setzen diese Ziele  auch tatsächlich um. (René Röspel [SPD]: Das ist die Lissabon- Strategie!) Im Moment liegen der Anteil für Bildung bei 7 Prozent und der Anteil für Forschung bei 2,8 Prozent des  Bruttoinlandsproduktes. (",0
2253,"Ach, das, was Herr Wei ser gesagt hat?",SPD,Horst Sielaff,FDP,Günther Bredehorn,1991-06-12,1498,Das war unqualifiziert.  Das habe ich doch gerade gesagt.  (,0
72184,Wir bringen die Gesetzentwürfe! Der Bundesrat bringt die Gesetzentwürfe! Wer macht denn das alles?,CDU/CSU,Norbert Geis,SPD,Dr. Herta Däubler-Gmelin,1999-10-07,44692,"ssion amüsierte mich eines ganz besonders, nämlich daß ausgerechnet eine Opposition, die 16 Jahre lang an der Regierung war, ihre Rolle als Opposition nach noch nicht einmal 12 Monaten schon so gut gelernt hat, daß sie der Regierung bereits Untätigkeit vorwirft. (Beifall bei der SPD und dem GRÜNE – ",0
275865,Ja!,GRÜNE,Beate Müler-Gemmeke,FDP,Hans-Michael Goldmann,2013-06-27,122915,"er habe ich Fleischer unterrichtet. Diese Fleischer  haben sehr schnel Arbeit gefunden und wurden gut bezahlt. (Beate Müler-Gemmeke [GRÜNE]: Ist das heute auch noch so?)– Hören Sie einmal zu. Ich weiß nicht, ob Sie auch schon  einmal in einem Schlachthof waren bzw. Beziehungen  dazu haben wie ich. (",0
383313,Wer hat es in Hamburg gemacht?,SPD,Gabriele Katzmarek,CDU/CSU,Thorsten Frei,2021-02-24,174225,"n die Länder diese Möglichkeiten und diese Zeit genutzt? In den letzten zwölf Jahren sind in Hamburg immerhin 28 500 Sozialwohnungen gebaut worden, in Berlin im gleichen Zeitraum 12 900; das ist im Hinblick auf die Größe der Städte nicht einmal ein Drittel dessen, was in Hamburg gebaut worden ist. (",0
455182,Selbst Ihre eigene Fraktion schmeißt sich weg!,AfD,Dr. Götz Frömming,SPD,Helge Lindh,2024-02-23,201007,"stimmung. (Dr. Götz Frömming [AfD]: Zu welchem Thema reden Sie?) Wenn ich sie dann zurechtweise, dann kontert sie und sagt: Meinungsfreiheit! Und ich schreie zurück: Nein, Extremismus! Du bist ein Fall für den Verfassungsschutz, aber nicht, solange dieser freche Bengel Haldenwang da das Sagen hat. (",0
41615,Es gibt doch einen  Vorschlag!,SPD,Ottmar Schreiner,CDU/CSU,Dr. Maria Böhmer,1995-11-23,26646,"rad Gilges [SPD]: Vollkommen richtig!)  - Richtig. An dieser Stelle sind wir uns einig.  (Konrad Gilges [SPD]: Ja!)  Aber warum kommen Sie denn hier mit einem solchen Vorschlag? Wissen Sie denn nicht, was Sie auf  der einen Seite verlangen und was Sie auf der anderen Seite umgesetzt haben wollen?  (",0
12621,Ungeheuerlich!,SPD,<unknown>,SPD,Dr. Uwe Küster,1992-06-26,7463,ffentlichen Verwaltung nach dem  Einigungsvertrag heute im Schnellverfahren beschließen lassen. Ohne Aussprache und damit weitgehend unbemerkt von der Öffentlichkeit sollte der  Gesetzentwurf unmittelbar vor der Sommerpause im  Dunkeln und heimlich über die parlamentarische  Bühne gebracht werden.  ,0
190314,Die ihr belastet habt!,FDP,Martin Zeil,CDU/CSU,Laurenz Meyer,2008-05-08,87446,"äge der CSU zur Steuerpolitik. Beides hat endlich zu einer Diskussionslage geführt, in der wir uns mit denen beschäftigen, die unsere Wirtschaft wirklich tragen: diejenigen, die keine Transferleistungen, kein BAföG, kein Wohngeld, mehr bekommen, die Facharbeiter, die Angestellten, die Handwerker.  (",0
38878,Wollen Sie die Bun desrepublik auf den DDR,SPD,Dr. Uwe Küster,FDP,Ulrich Heinrich,1995-09-07,24879,"ten Sie sich bitte bereiterklären, dem Hohen Hause  darzustellen, wie die Lohnfortzahlung früher in der  DDR war? Könnten Sie, bevor Sie sich hier so aufregen und sich in dieser Art und Weise parlamentarisch aufführen, uns vielleicht einmal sagen, wie Ihre  Leitgedanken früherer Geschichte waren?  (",0
163333,Das war ein Plädoyer für extensive Landwirtschaft!,SPD,Ulrich Kelber,FDP,Ulrike Flach,2006-03-28,74697,"werpunkt sieht die FDP genauso. Hierbei erwarten wir, dass Sie in den nächsten Jahren wirkliche Akzente setzen. Lassen Sie die alten trittinschen Pflänzchen bitte im Garten. Pflegen Sie sie nicht mehr, zumindest nicht hier in Berlin. Dafür wären wir Ihnen dankbar. Ulrike Flach(Beifall bei der FDP – ",0
208220,Was ist Ihr Vorschlag?,GRÜNE,Brigitte Pothmer,CDU/CSU,Thomas Dörflinger,2009-12-17,96227,"re der Eckpunkte aus dem BMAS. Der Gesetzentwurf, den uns die SPD-Bundestagsfraktion vorgelegt hat, ist keine tragfähige Grundlage für die Zukunft. Herzlichen Dank. (Beifall bei der CDU/CSU und der FDP – Hubertus Heil [Peine] [SPD]: Wo ist denn Ihr Gesetzentwurf? Sie haben ja nicht mal Eckpunkte! – ",0
299078,Jawohl!,SPD,Dagmar Ziegler,CDU/CSU,Sven Volmering,2015-10-02,134273,"h sehr viel Kompetenz und sehr großes Engagement. Aber die Auswirkungen der notwendigen Maßnahmen haben auch viele Berührungspunkte mit der Familien-, der Integrations- und der Arbeitsmarktpolitik. Alphabetisierung und Grundbildung sind eine Querschnittsaufgabe für alle gesellschaftlichen Akteure: (",0
70875,Frage!,CDU/CSU,Manfred Kolbe,SPD,Walter Hoffmann,1999-09-15,44203,"Frau Kollegin Schwaetzer, Sie kennen doch, so vermute ich, die Systematik dieses Programms. Sie wissen, daß es elf Maßnahmearten gibt, die in der Tat zeitlich gestaffelt sind. Es gibt kurz-, mittel- und längerfristige Maßnahmen, immer bezogen auf die jeweiligen Zielgruppen. (",0
408942,Da kommt ja nichts!,GRÜNE,Laura Kraft,FDP,Ria Schröder,2022-10-19,186767,dlage und ein unbürokratisches Verfahren zur Auszahlung schafft. Das ist gar nicht trivial. Ich habe mich deswegen wirklich auf die Anträge der Opposition gefreut. Sie als Union haben ja auch viel Erfahrung im Haus. Ich war wirklich ganz gespannt auf Ihre Vorschläge für die Auszahlungsmodalitäten. (,0
321545,In welcher Gewerkschaft sind Sie denn?,DIE LINKE,Matthias W. Birkwald,CDU/CSU,Peter Weiß,2017-06-01,144707,"nicht kaputtmachen. Sie hat ihre Berechtigung und eine Zukunftschance. Aber wir wollen ein neues Modell zulassen und vertrauen darauf, dass verantwortungsbewusste Verhandler bei Gesprächen über Tarifverträge das machen, was ihren Arbeitnehmerinnen und Arbeitnehmern nutzt – und nicht das Gegenteil. (",0
339242,Sie haben aber eigentlich auch nur drei!,FDP,Otto Fricke,GRÜNE,Dr. Julia Verlinden,2018-11-09,153225,"erhin vorenthalten? Hier sind ganz dringend Reformen nötig. Wir wollen die großen Potenziale für Sonnenstrom auf bisher ungenutzten Dächern endlich ausschöpfen. Liebe Kolleginnen und Kollegen von der GroKo, es ist schon krass, dass Sie für diesen Tagesordnungspunkt nur 27 Minuten eingeplant haben; (",0
287219,Warum wohl?,SPD,Gabriele Hiller-Ohm,CDU/CSU,Dr. Matthias Zimmer,2014-11-13,128725,"it – Brigitte Pothmer [GRÜNE]: Das war lange nicht der Fall!)  Aber darf ich in diesem Zusammenhang noch einmal fragen, ob ich richtig informiert bin – oder richtig gelesen habe –, dass in dem Eckpunktepapier, das die Ministerin vorgelegt hat, der Passiv-Aktiv-Tausch mit keinem Wort erwähnt wird?  (",0
91542,Berlin!,SPD,Ingrid Holzhüter,CDU/CSU,Michael Stübgen,2001-03-08,52024,"wird. Es geht darum, dass die Kommission beauftragt worden ist, ein Grenzlandförderprogramm bzw. ein Aktionsprogramm zur Grenzlandförderung vorzuschlagen. Jeder, der sich mit der besonderen Problematik unserer Grenzregionen – im Wesentlichen in Mecklenburg- Vorpommern, Sachsen und Bayern gelegen – (",0
95302,So ein Unsinn!,GRÜNE,Christine Scheel,FDP,Ina Lenke,2001-06-01,53439,"inmal etwas sagen: In Hamburg hat eine Sozialhilfeempfängerin monatlich 75 DM für einen Kindergartenplatz zu bezahlen. Eine Familie, in der die Frau wieder arbeiten gehen will, hat bis zu 750 DM im Monat zu bezahlen. Aber Sie fahren noch immer die Neidkampagne, dass die Steuerentlastung höher sei. (",0
76062,Was war denn in Noordwijk!,SPD,Dr. Norbert Wieczorek,CDU/CSU,Dr. Wolfgang Schäuble,1999-12-16,46047,"chaft Europa einzubauen – auf diesem Weg voranzugehen ist das Wichtigste, was wir in das kommende Jahrhundert mitnehmen. Aber dafür muß man tiefere Furchen pflügen, als Sie es in Helsinki getan haben und als es in Ihrer Regierungserklärung zum Ausdruck kam. (Lachen des Abg. Dr. Peter Struck [SPD] – ",0
324778,Genau!,CDU/CSU,Volker Kauder,GRÜNE,Britta Haßelmann,2018-01-19,146443,"Mein Gott! Thema!) dass zehn Abgeordnete der AfD bei dieser so wichtigen Wahl ihre Stimme nicht abgegeben haben, und Sie waren einer von denen. Deshalb möchte ich Sie gern fragen: Wenn das so bedeutend war, warum waren Sie eigentlich nicht da? (Beifall beim GRÜNE sowie bei Abgeordneten der LINKEN – ",0
213888,"Ich hatte schon Angst, Sie vergessen uns!",GRÜNE,Wolfgang Wieland,FDP,Gisela Piltz,2010-03-18,97844,"h könnte jetzt unfairerweise den Rest meiner Rede auf Ihre Kosten halten. Aber da ich Ihnen ersparen möchte, noch 3 Minuten und 53 Sekunden zu stehen, verspreche ich Ihnen schon jetzt, dass Sie gleich erfahren, was wir wollen. Damit ist, wie ich glaube, die Frage beantwortet. Herr Kollege Wieland, (",0
51270,Wer denn  sonst?,CDU/CSU,Dr. Albert Probst,GRÜNE,Joseph Fischer,1997-02-27,33935,"e spät  angekündigt und mußte zusätzlich auf die Tagesordnung aufgesetzt werden. Die Regierung hat dazu  heute gewichtige, sachliche Gründe vorgetragen.  (Michael Müller [Düsseldorf] [SPD]: Wahl kampf!)  Aber es fügt sich, daß ausgerechnet der Bundesinnenminister diese Regierungserklärung abgibt.  (",0
360111,Umwelt tötet auch! Eigentlich tötet alles!,AfD,Stephan Brandner,DIE LINKE,Ralph Lenkert,2019-11-26,162517,"gseinsätze. Es wird Sie nicht überraschen, dass wir als Linke Aufrüstung und Krieg ablehnen. (Beifall bei der LINKEN) Und bevor Sie fragen, was das mit dem Umweltetat zu tun hat: viel, sehr viel. (Dr. Gesine Lötzsch [DIE LINKE]: Richtig, sehr viel! Genau!) Kriege töten, zerstören Städte und Natur. (",0
21837,Die SPD blockiert  immer noch!,CDU/CSU,<unknown>,FDP,Ulrich Heinrich,1993-06-23,13421,"h im energetischen Bereich muß jetzt ein  klares politisches Signal zum Einstieg kommen, Herr  Minister Borchert!  (Beifall bei der FDP sowie bei Abgeordne ten der CDU/CSU und bei der SPD)  Da reine Pflanzenöle trotz Steuerfreiheit den Weg in  den Treibstoffmarkt auf Grund besonderer Anforderungen  ",0
228522,Aber die FDP sieht das anders!,GRÜNE,Memet Kilic,CDU/CSU,Dr. Patrick Sensburg,2010-12-16,103096,"icht gar grenzwertig, und sicherheitspolitisch verantwortungslos. (Beifall bei der CDU/CSU sowie bei Abgeordneten der FDP – Dr. Konstantin von Notz [GRÜNE]: Oi, oi, oi!) Herr Kollege von Notz, damit erübrigt sich auch die Frage nach unserer Position, die Sie ja eben noch an die SPD gestellt haben. (",0
115078,Das ist genau der Punkt! Sehr wahr!,CDU/CSU,Eduard Oswald,FDP,Joachim Günther,2002-11-07,59049,"en Wohnungsmarkt, einen Wohnungsmarkt, in den weiter investiert wird, und zwar in den Neubau und vor allem auch in den Bestand. Wenn in diesem Bereich Investoren einmal verunsichert sind und Eigentümer aufgrund finanzieller Rahmenbedingungen nicht mehr in die Werterhaltung der Gebäude investieren, (",0
162731,Wir schauen uns die Evaluation an!,FDP,Dr. Heinrich L. Kolb,CDU/CSU,Dr. Ralf Brauksiepe,2006-03-16,74485,"doch einmal im Arbeitgeberlager nach, ob die einen solchen bürokratischen Aufwand wollen. Man muss doch einen vernünftigen Mittelweg gehen und zusätzliche Bürokratie, wo sie vermeidbar ist, wirklich vermeiden. Das tun wir mit diesem Gesetz.  (Beifall bei der CDU/CSU sowie bei Abgeordneten der SPD – ",0
224075,Wahrlich  schade!,CDU/CSU,Ernst Hinsken,CDU/CSU,Rita Pawelski,2010-10-08,101514,"ein Vorzeigebeispiel dafür, wie Kultur und Tourismus Hand in Hand gehen können. Die Zahl solcher Beispiele nimmt erfreulicherweise deutschlandweit zu. Aber leider ist das noch immer die Ausnahme. Es gibt nach wie vor Berührungsängste im Verhältnis von Kultur zu Tourismus. Es mangelt an Vernetzung. (",0
236251,Ich bin fassungslos!,CDU/CSU,Karl Schiewerling,DIE LINKE,Sabine Zimmermann,2011-05-13,106207," Geschichte der Bundesrepublik. Leider ist die Realität eine andere; denn die Sozialpartner sind zunehmend nicht mehr in der Lage, eine flächendeckende Tarifbindung herzustellen. – Herr Schiewerling, Sie schauen mich so an. Ich denke, dass Sie sich auch bei Gewerkschaften sachkundig gemacht haben. (",0
59330,Na  toll!,SPD,<unknown>,CDU/CSU,Manfred Kanther,1998-03-26,38723,"den, so hoffe ich, keine ressorteigenen Druckereien mehr in  Berlin unterhalten, weil die Aufgaben kostengünstiger an Private abgegeben werden können; gleiches  gilt für den ärztlichen Dienst, die Gebäudebewirtschaftung, die Fahrbereitschaft.  (Beifall des Abg. Dr. Wolfgang Weng [Ger-lingen] [FDP] -",0
262272,§ 16 e lässt das doch jetzt nicht zu!,GRÜNE,Brigitte Pothmer,FDP,Johannes Vogel,2012-11-09,117093,"gebungsverfahren zu den arbeitsmarktpolitischen Instrumenten  hat dazu geführt, dass – übrigens auf Initiative der Koalitionsfraktionen, von dem Kollegen Zimmer und mir –  § 16 e SGB II erhalten und so ausgestaltet wurde, dass er  für eine echte Integration in den ersten Arbeitsmarkt geeignet ist. (",0
28119,Das gefällt  Herrn Lambsdorff nicht!,SPD,ried Bernrath,CDU/CSU,Dr. Wolfgang Bötsch,1994-02-03,17294,"oder Lebensmittelhändlern, sondern es wird hier  einen regulierten Wettbewerb — ich nehme das Wort  in den Mund — geben, nämlich dort, wo der Wettbewerb allein möglicherweise die Infrastruktur nicht  sichern kann. Dann ist durch Auflagen bei Lizenzierungen dieser Wettbewerb zu sichern.  (Hans Gottf ",0
352316,"Das ist jetzt nicht wahr, oder? Das haben Sie jetzt nicht gesagt!",DIE LINKE,Jan Korte,SPD,Dr. Eva Högl,2019-06-07,159252,"uss ganz herzlich bei der Bundesregierung – beim Bundesministerium der Justiz und für Verbraucherschutz, beim Bundesministerium für Arbeit und Soziales und beim Bundesinnenminister – für die gute Beratung, die gute Vorlage und auch die Unterstützung bei unserer parlamentarischen Beratung bedanken. (",0
69323,Sie haben doch sowieso keine Ahnung!,SPD,Alfred Hartenbach,SPD,Gerd Höfer,1999-06-17,43468,"m Kontext. (Beifall bei der SPD sowie bei Abgeordneten des GRÜNE) Das hätte man erwarten können. Ich kann auch nicht verstehen, daß Sie meinem Kollegen Alfred Hartenbach vorwerfen, er habe juristische Pirouetten gedreht. (Günther Friedrich Nolting [FDP]: Das waren sie aber doch! – Gegenruf des Abg. ",0
224836,Hört! Hört!,FDP,<unknown>,FDP,Pascal Kober,2010-10-29,101852,"sschusssitzung gesagt hat. Er hat gesagt, dass er zugeben müsse, dass sich diese Regierungskoalition bei der Bemessung der Regelsätze mehr Mühe gegeben habe als die damalige rot-grüne Bundesregierung bei der Einführung der Hartz-IV-Regelsätze. (Beifall bei der FDP und bei Abgeordneten der  CDU/CSU –",0
360975,Überhaupt nicht! Wir sind auf dem besten Weg dahin!,CDU/CSU,Albert Rupprecht,GRÜNE,Ekin Deligöz,2019-11-28,162731,"Von dem Ziel, für Forschung und Entwicklung 3,5 Prozent des Bruttoinlandsprodukts vorzusehen, auf das Sie sich eigentlich mal committet haben, sind wir noch sehr weit weg in diesem Land. Und wenn Sie so weitermachen, dann werden wir auch in Zukunft sehr weit weg davon bleiben. (Beifall beim GRÜNE – ",0
104632,Auch das stimmt!,CDU/CSU,Peter Bleser,SPD,Jella Teuchner,2002-01-31,56107,"ssen, wir würden nur ankündigen und nicht handeln?  (Heinrich-Wilhelm Ronsöhr [CDU/CSU]: Richtig! – Peter Bleser [CDU/CSU]: Die Wahrheit ist nun einmal so!) Wie oft steigerten sich die Vorwürfe dahin, dass auch in den rot-grünen Ländern nur geredet, in den unionsregierten dagegen gehandelt würde?  (",0
161279,"Ganz dünnes Eis nach den letzten sieben Jahren! Sie persönlich mögen ja traurig sein, aber fragen Sie einmal Ihre Kollegen!",SPD,Iris Gleicke,GRÜNE,Dr. Anton Hofreiter,2006-02-10,73824,"en Koalition, ich kann ja verstehen, dass die vielen direkt gewählten Abgeordneten dieser Koalition lieber im Wahlkreis rote Bändchen für neue Projekte durchschneiden, als dass sie sich dafür einsetzen, dass Geld für die Sanierung der bestehenden Projekte bereitgestellt wird.  (Beifall beim GRÜNE – ",0
302599,Warum klatscht bei der CDU/CSU keiner?,DIE LINKE,Matthias W. Birkwald,SPD,Dagmar Schmidt,2015-12-18,136004,"nsgesamt. Teilzeitarbeit und kurze Erwerbsbiografien führen ebenfalls zu schlechten Renten. Wie Sie bereits gesagt haben, beschreibt das die Situation vieler Frauen. Deswegen werden wir noch in dieser Legislaturperiode das Recht auf Rückkehr von Teilzeit in Vollzeit umsetzen. (Beifall bei der SPD – ",0
217063,Sehr richtig!,FDP,<unknown>,FDP,Lars Lindemann,2010-05-07,98825,"eigt doch wohl immer deutlicher, dass es in der unveränderten Form den Herausforderungen der Demografie, dem wissenschaftlich-technischen Fortschritt und einer sich verändernden Morbidität nicht gewachsen ist. Also werden wir doch wohl darangehen müssen, hier grundlegende Veränderungen vorzunehmen. ",0
376584,Doch!,CDU/CSU,Gunther Krichbaum,FDP,Graf Lambsdorff,2020-10-09,170271,"weigert, hier im Plenum eine Regierungserklärung zu den großen Gipfeln in Europa abzugeben, (Gunther Krichbaum [CDU/CSU]: Weil sie es auch nicht muss!) und stattdessen nur einen kleinen Besuch im Europausschuss absolviert, der auch noch in nichtöffentlicher Sitzung tagte. Das ist nicht in Ordnung. (",0
277763,Sie haben es doch auch gemacht! ,DIE LINKE,<unknown>,CDU/CSU,Jens Spahn,2014-01-30,124133,"Wir haben in anderen medizinischen Berufen in Nordrhein-Westfalen die Situation, wie ich sie gerade dargestellt habe. Es geht jetzt auch nicht darum, das von einem Land auf das andere zu schieben.  ",0
29668,Das ist ein  ganz wichtiger Punkt!,CDU/CSU,Siegfried Hornung,SPD,Horst Sielaff,1994-04-14,18608,"ugen wirklich wichtigen  Dinge in dem vorliegenden Gesetz sehr großzügig  geregelt werden oder ausgespart werden, wird  gesetzlich und teilweise, wie ich meine, sehr kleinkariert vorgeschrieben — ich zitiere —, wieviel Pfennig pro Flasche der Winzer für die Werbung an den  Weinfonds zu zahlen hat  (",0
152951,"Jetzt brauchen Sie aber gute Argumente, warum Sie unseren Gesetzentwurf ablehnen!",CDU/CSU,Heinz Seiffert,SPD,Lydia Westrich,2005-03-10,70984,"Frau Präsidentin! Liebe Kolleginnen und Kollegen! Es ist schön, dass wir wieder einmal über die Umsatzsteuer reden. (",0
166592,Das ist nicht wahr!,FDP,<unknown>,SPD,Klaus Hagemann,2006-06-22,76015,"t geben; deswegen darf in diesem Bereich keine Kürzung vorgenommen werden. Eine Umschichtung erfolgte im Bereich der Lehrlingsausbildung. Wir haben mehr Mittel für die überbetrieblichen Ausbildungsstätten zur Verfügung gestellt, damit diese gestärkt werden; während Sie diese ganz streichen wollten. ",0
274503,Oje!,FDP,<unknown>,CDU/CSU,Dr. Matthias Zimmer,2013-06-07,122107,"  entscheidet das Ministerium über den Mindestlohn. –  Das kann man machen. Außerdem haben die Kolleginnen und Kollegen von den Sozialdemokraten gesagt:  Wenn dieser Mindestlohn dem Ministerium nicht gefällt,  dann wird der Vorschlag in die Tonne getreten und es  setzt selber einen Mindestlohn fest.",0
375156,Ist doch nur eine Ausrede!,SPD,Dagmar Ziegler,CDU/CSU,Andreas G. Lämmel,2020-10-01,169689,"CSU und der FDP) Wenn Sie nicht verstehen können, dass jetzt der unpassendste Moment für solche Gesetze ist, und einsehen, dass wir jetzt ein Belastungsmoratorium brauchen, dass wir den Unternehmern klar sagen müssen: „Der Staat wird nichts tun, um Unternehmen in dieser Situation noch zu gängeln“, (",0
389993,Verstanden haben Sie es aber offensichtlich nicht!,AfD,Dr. Michael Espendiller,AfD,Dr. Michael Espendiller,2021-06-25,179040,"ung, bevor Sie über die Anhörung reden! – Gegenruf des Abg. Dr. Michael Espendiller [AfD]: Das war eine öffentliche Anhörung, die ist online. Die kann man sich ansehen. Hätten Sie auch machen können! – Gegenruf des Abg. Benjamin Strasser [FDP]: Ich war da! Im Gegensatz zu Ihnen! – Gegenruf des Abg. ",0
452495,Sie sollten sich schämen! Das ist unglaublich!,GRÜNE,Deborah Düring,AfD,Dr. Michael Espendiller,2024-01-31,200186,"nkommensteuer plus 1,5 Prozent Kriegssteuer. Das heißt, der durchschnittliche ukrainische Oligarch zahlt prozentual weniger Steuern als die meisten normalen Arbeitnehmer in Deutschland. (Beifall bei der AfD) Vermutlich lief auch deshalb die weihnachtliche Skisaison in der Ukraine wieder recht gut. (",0
444154,Sehr gut!,SPD,Gabriele Katzmarek,SPD,Carmen Wegge,2023-11-10,197930,"der SPD, der Grünen, der FDP, der CSU und der CDU verabschieden. Das sind die, die sich ganz sicher angesprochen fühlen, wenn ich von „demokratischen Fraktionen“ rede, im Gegensatz zu Ihnen da. (Beifall bei der SPD und dem GRÜNE sowie bei Abgeordneten der FDP und der Abg. Clara Bünger [DIE LINKE] – ",0
391389,Fehlt bei Ihnen im Antrag!,FDP,Matthias Seestern-Pauly,CDU/CSU,Dorothee Bär,2021-12-16,179615,"st das bei Ihnen im Antrag nicht drin?) Der damalige Bundesfinanzminister; mittlerweile ist er Bundeskanzler. Er hat es auf jeden Fall abgelehnt. Das hätten wir auch schon längst haben können. Es ist gut und erfreulich, dass jetzt Einsicht da ist; aber es ist halt schade. (Beifall bei der CDU/CSU – ",0
349308,Ihnen auch nicht!,CDU/CSU,Philipp Amthor,AfD,Corinna Miazga,2019-04-11,157836,"fD]) Man liest in Ihrem Antrag vom Einfluss fremder Mächte. Vielleicht haben Sie ein bisschen zu viel „Star Wars“ gesehen wie der Kollege Minister Scheuer, der sich ja gerade mit einem Laserschwert hat abbilden lassen. Ich weiß auch nicht, was mit Ihnen los ist. Ihnen ist gar nichts mehr peinlich. (",0
128629,"Weil es höchst ärgerlich ist, wie die Länder sich verhalten!",SPD,Dr. Cornelie Sonntag-Wolgast,CDU/CSU,Clemens Binninger,2003-10-16,63120,"Herr Minister, Herr Staatssekretär, es wundert mich schon, dass das Stichwort Digitalfunk ausreicht, damit Sie beide förmlich an die Decke gehen.  (",0
46513,Es sind noch ein paar  mehr!,SPD,<unknown>,SPD,Leyla Onur,1996-06-27,30480,"artner, meine Damen  und Herren von der CDU/CSU, bereits am 20. Juli  1995 im „Handelsblatt"" die Arbeitgeberverbände im  Tarifausschuß aufgehetzt, „stur zu bleiben, dann  werde es kein Entsendegesetz geben"" .  (Zuruf von der SPD: Hört! Hört!)  Die Sozialabbruchunternehmer Lambsdorff, Rexrodt & Co.  ",0
351854,Sogar Russland ist ein Teil von Europa!,GRÜNE,Manuel Sarrazin,AfD,Petr Bystron,2019-06-06,159081,"iesen Gesetzentwurf ab. (Beifall bei der AfD) Herr Juratovic, ich weiß nicht, wo Sie Geografie gelernt haben: Sie haben Mazedonien (Zurufe vom GRÜNE: Nordmazedonien!) – Nordmazedonien – als „Innenhof von Europa“ bezeichnet. Das würde bedeuten: Die Türkei ist ein Teil von Europa. Das ist sie nicht. (",0
450239,Unsinn!,CDU/CSU,Friedrich Merz,GRÜNE,Cem Özdemir,2024-01-18,199728,"en, dann wird es ehrlicherweise schon etwas schwieriger. Das gilt – ich will hier niemandem ein X für ein U vormachen – ausdrücklich auch für die eigene Regierung; auch das gehört zur Wahrheit dazu. Warum? Wenn die Currywurst ein paar Cent teurer wird, dann ist die Furcht vor einem Shitstorm groß. (",0
67989,"Die Frage ist ja richtig, aber die Antwort im 99er Haushalt ist falsch!",FDP,Dr. Werner Hoyer,GRÜNE,Oswald Metzger,1999-05-04,42908,"siness as usual“ betreibt – so tut, als sei nichts gewesen –, obwohl die Mittel der öffentlichen Kassen knapp sind. Vor diesem Hintergrund werden wir alle gezwungen sein, Ansprüche an den Staat zurückzufahren, und zwar unter zwei inhaltlichen Bedingungen: sozial gerecht und ökonomisch verträglich. (",0
59371,So ist es!,GRÜNE,Amke Dietert-Scheuer,CDU/CSU,Ulf Fink,1998-03-26,38739,"ehr. Das  muß ich ganz offen sagen.  (Dr. Cornelie Sonntag-Wolgast [SPD]: Wieso  ist das ein Gegensatz?)  - Das ist doch ganz klar, Frau Sonntag: Weil es doch  heißt, wenn man den Gesetzentwurf in dieser Fassung verabschiede, diene man der Menschlichkeit  nicht. Das heißt es doch. Was denn sonst?  (",0
273786,Unbekannt!,GRÜNE,Jürgen Trittin,CDU/CSU,Dr. Andreas Schockenhoff,2013-06-05,121814,Frau Präsidentin! Meine sehr geehrten Damen und  Herren! Drohnentechnologie ist aus der militärischen  Entwicklung nicht mehr wegzudenken. Künftig wird  jede gut und modern ausgestattete Armee diese Technologie besitzen und einsetzen. Die Zukunft der militärischen Luftfahrt ist unbemannt. (,0
348113,Eine Plattitüde nach der anderen!,AfD,Stephan Brandner,GRÜNE,Cem Özdemir,2019-04-04,157312," das Jahrtausendverbrechen des Nationalsozialismus als „Vogelschiss“ bezeichnet, (Stephan Brandner [AfD]: Herr Özdemir, Herr Özdemir! Machen Sie Feierabend! Peinlich!) eine Partei, die sich lieber an Moskau statt an Brüssel orientiert, eine Partei, die Anstand und Moral tagtäglich mit Füßen tritt. (",0
355796,Das ist Kraftstoff!,CDU/CSU,<unknown>,SPD,Arno Klare,2019-10-17,160872,"t ein H2-Projekt von thyssenkrupp in Hamborn. Es gibt noch weitere 18 Projekte, die über die RED II als Reallabore laufen. Sie alle zielen in genau diese Richtung und werden mit Geld aus dem Deutschen Bundestag, das wir bewilligt haben, finanziert. (Beifall bei Abgeordneten der SPD und der CDU/CSU –",0
224364,Sehr gut!,CDU/CSU,Volker Kauder,GRÜNE,Sylvia Kotting-Uhl,2010-10-28,101630,"icht nur hat die Koalition die Einhaltung der angemessenen parlamentarischen Abläufe vergessen. Sie spielen auch mit der Rechtmäßigkeit Ihrer Gesetzesvorlagen. Es zieht Sie offensichtlich mit Gewalt vor das  Bundesverfassungsgericht. Das, meine Damen und Herren von der Koalition, können Sie haben. (",0
178754,Das ist  richtig!,DIE LINKE,Hüseyin-Kenan Aydin,CDU/CSU,Anke Eymer,2007-06-13,81821,"ht.  Wir sollten nicht vergessen, dass wir bei allem auf der Grundlage einer gemeinsamen Entschließung des Deutschen Bundestages von 1989 zur bevorstehenden Unabhängigkeit Namibias reden. Zu der Zeit, meine Damen und Herren von der Linken, waren Sie ja noch nicht im Deutschen Bundestag vertreten.  (",0
182878,Bei Otto gab es immer Rotwein!,GRÜNE,Jürgen Trittin,CDU/CSU,Reinhard Grindel,2007-11-08,83807,"gorien denken Sie eigentlich?) Otto Schily hat in sieben Jahren gemeinsamer Regierung mit den Grünen noch nicht einmal eine Teestunde zur Integration veranstaltet, geschweige denn einen Gipfel. Das haben wir gemacht, und darauf sind wir mit Recht auch ein bisschen stolz.  (Beifall bei der CDU/CSU – ",0
295720,Sehr gut!,CDU/CSU,Clemens Binninger,CDU/CSU,Stephan Mayer,2015-06-12,132715,"echnik deutlich gestärkt. In Zukunft ist es möglich, dass das Bundesamt für Sicherheit in der Informationstechnik nicht nur für den Ressortbereich des BMI zuständig ist, sondern für die gesamte Bundesregierung, also für alle anderen Ressorts, Mindeststandards für die IT-Sicherheit festlegen darf.  (",0
315682,Wieso haben Sie bei den Bundesverkehrswegeplanberatungen alle Eisenbahnanträge abgelehnt?,DIE LINKE,Sabine Leidig,SPD,Sören Bartol,2016-12-16,142047,"rzog [SPD]: Sehr richtig!) Vor sechs Wochen haben wir auf unserem Schienengipfel 2016 Eckpunkte für einen Schienenpakt 2030 zur Diskussion gestellt. Über 400 Vertreterinnen und Vertreter aus der Verkehrsbranche, aus Industrie, Wissenschaft und Gewerkschaften haben an dieser Konferenz teilgenommen. (",0
